branch,subdomain,node_index,z,abs_residual,relative_residual,term_scale,radial_abs_residual,radial_relative_residual,radial_term_scale,real_residual,imag_residual
down,outer,0,0.0000000000000000e+00,1.1294762591462745e-09,1.0420897917742256e-10,1.0838569459770522e+01,,,,3.8280489889075398e-13,1.1294761942756791e-09
down,outer,2,5.5507939287790394e-06,8.5362113654254894e-12,7.0907047058621393e-13,1.2038593792191485e+01,5.8207660913467407e-11,2.8613821127729425e-21,2.0342498351979572e+10,-6.7590377739179530e-13,-8.5094100006361667e-12
down,outer,3,1.2488667132574611e-05,2.8072152531902719e-07,2.3318426011210436e-08,1.2038613806269304e+01,3.6400767629642265e-07,9.0577350579237273e-17,4.0187494331487198e+09,5.6220522459682343e-08,2.7503422992747936e-07
down,outer,4,2.2200533837838956e-05,3.0003080434351429e-07,2.4922304296797027e-08,1.2038646217078483e+01,2.9802322387695312e-07,2.3433749417083470e-16,1.2717692699218283e+09,3.4828484984927854e-08,2.9800244997092024e-07
down,outer,5,3.4685238429556661e-05,2.8836098724121173e-08,2.3952856681029161e-09,1.2038688791120091e+01,4.0170943509320674e-08,7.7099355337094073e-17,5.2102826714549208e+08,1.0313095266667460e-08,-2.6928807170907218e-08
down,outer,6,4.9941295352730264e-05,1.3592882802810504e-07,1.1290950147234841e-08,1.2038741315441385e+01,1.3850354845992196e-07,5.5107527216580434e-16,2.5133326689761141e+08,3.5951690513513768e-08,1.3108822311067719e-07
down,outer,7,6.7966889289151046e-05,1.9785495743328530e-08,1.6434769462354399e-09,1.2038803336213100e+01,2.4170140097667315e-08,1.7810742041646360e-16,1.3570540767560920e+08,5.4185704811970936e-09,1.9029055040899190e-08
down,outer,8,8.8759875373402679e-05,1.0346145606258180e-07,8.5939472385900704e-09,1.2038874941889421e+01,1.0470622903799035e-07,1.3157947786561636e-15,7.9576413234386012e+07,1.5511459672268302e-08,1.0229206963115536e-07
down,outer,9,1.1231777944807705e-04,8.9546927966271887e-09,7.4380973989782429e-10,1.2038956088229334e+01,1.1842186119739267e-08,2.3827691258374825e-16,4.9699259535172299e+07,8.0517335021568215e-09,-3.9186873685218004e-09
down,outer,10,1.3863779835817646e-04,3.5042955172597932e-08,2.9107748424786160e-09,1.2039047012910746e+01,3.4488726769818804e-08,1.0572091383414513e-15,3.2622425893825211e+07,1.1197044180732973e-08,3.3205946889727778e-08
down,outer,11,1.6771680028465798e-04,6.8526849595976169e-09,5.6920018396402220e-10,1.2039147478614940e+01,8.8739311828451974e-09,3.9806464122573686e-16,2.2292688834457204e+07,-4.8759236648265869e-09,-4.8150451265049909e-09
down,outer,12,1.9955132511709163e-04,3.1059459240878751e-08,2.5798483306335233e-09,1.2039257840111709e+01,3.1190922468748807e-08,1.9805345744096641e-15,1.5748739189794682e+07,-6.8682339815495652e-09,-3.0290549191298866e-08
down,outer,13,2.3413758486537541e-04,6.7852023751913315e-09,5.6358413900514829e-10,1.2039377806424302e+01,7.7136346978660674e-09,6.7422288399335857e-16,1.1440778533322595e+07,-6.4843383995594195e-09,1.9980807772213005e-09
down,outer,14,2.7147146411047343e-04,2.2757970709311771e-08,1.8902741829733664e-09,1.2039507767869898e+01,2.2829872813417438e-08,2.6823028287785677e-15,8.5112958046625219e+06,4.2952557066655572e-09,2.2348959913612299e-08
down,outer,15,3.1154852049410456e-04,9.5024399857015339e-09,7.8926231789879707e-10,1.2039647364642056e+01,9.6078849829454669e-09,1.4865706236327186e-15,6.4631204398932420e+06,-3.9428158515875111e-09,-8.6458411298340199e-09
down,outer,16,3.5436398524734314e-04,2.6940752091941138e-08,2.2376417091307950e-09,1.2039797069391501e+01,2.6941852234802175e-08,5.3923742425979269e-15,4.9962875391642302e+06,1.8596431061723706e-09,2.6876492531524576e-08
down,outer,17,3.9991276375804839e-04,2.8100854604663761e-08,2.3339664582165050e-09,1.2039956489407718e+01,2.8091395953952361e-08,7.1598014476448548e-15,3.9234881245474685e+06,-3.1180587001244930e-09,-2.7927329615540231e-08
down,outer,18,4.4818943617708381e-04,6.3278342984397485e-09,5.2556212643599655e-10,1.2040126143317821e+01,6.3473926661414974e-09,2.0316836719999632e-15,3.1242032180596329e+06,-7.7779649387821337e-10,-6.2798502786787225e-09
down,outer,19,4.9918825806320787e-04,2.5158489934485379e-09,2.0895225397991454e-10,1.2040305598667402e+01,2.4190654951391809e-09,9.6039719131374440e-16,2.5188177527155178e+06,-9.8451558017131902e-10,-2.3152160223693929e-09
down,outer,20,5.5290316106662259e-04,4.2955540185360614e-09,3.5675890969911385e-10,1.2040495420727908e+01,4.4058610308699406e-09,2.1455428774393244e-15,2.0534947482048341e+06,-3.5942955278756017e-09,-2.3521955667960004e-09
down,outer,21,6.0932775365103459e-04,1.2358983245405570e-08,1.0264343630109752e-09,1.2040695139191691e+01,1.2374907444178522e-08,7.3178341638822394e-15,1.6910614762569882e+06,-6.1385838634464562e-09,-1.0726707556918402e-08
down,outer,22,6.6845532185418857e-04,6.3656241918508415e-09,5.2866657317446671e-10,1.2040905392651151e+01,6.3670834174140885e-09,4.5305521780782077e-15,1.4053658731097342e+06,1.8393997436305654e-10,6.3629660880526462e-09
down,outer,23,7.3027883008676300e-04,1.2170042230104219e-08,1.0107063574832366e-09,1.2041125634560055e+01,1.2181108951793229e-08,1.0343176819232171e-14,1.1776951283616843e+06,-1.4232925948931552e-09,-1.2086528288629550e-08
down,outer,24,7.9479092196953010e-04,1.6576290231871251e-08,1.3766131847703648e-09,1.2041356580960228e+01,1.6580794840672493e-08,1.6673296012867025e-14,9.9445213639084029e+05,4.5249217706100353e-09,1.5946738877309352e-08
down,outer,25,8.6198392120869784e-04,2.5649256332215731e-08,2.1300542602767482e-09,1.2041597629951099e+01,2.5655849506529755e-08,3.0339780302074785e-14,8.4561751110555278e+05,6.4933587395898940e-09,2.4813718840083210e-08
down,outer,26,9.3184983250930618e-04,1.6846524482325060e-08,1.3989980869811713e-09,1.2041849548684763e+01,1.6834949539609263e-08,2.3261919524085336e-14,7.2371282697364665e+05,-3.7188270241017563e-09,-1.6430937669481560e-08
down,outer,27,1.0043803425265924e-03,3.7276255566904652e-09,3.0954915961820942e-10,1.2042111699763714e+01,3.7284724206427963e-09,5.9838427777714625e-15,6.2308997062776703e+05,8.5620399659092072e-11,-3.7266421129555916e-09
down,outer,28,1.0795668208551862e-03,1.6648583134272068e-08,1.3824988351077916e-09,1.2042384927560537e+01,1.6647738340420699e-08,3.0861349349904389e-14,5.3943650200350932e+05,-4.6025210309608156e-09,-1.5999753764928126e-08
down,outer,29,1.1574003210560585e-03,3.4154475793336748e-09,2.8361218930076024e-10,1.2042668503615403e+01,3.4091393857707463e-09,7.2623501837542823e-15,4.6942646657233860e+05,5.9120530693235196e-10,-3.3638903745858428e-09
down,outer,30,1.2378715817210411e-03,6.4384044554583823e-09,5.3461961605898940e-10,1.2042963374445236e+01,6.4398790487546188e-09,1.5689012304713117e-14,4.1047064809937222e+05,1.2998500054095530e-09,6.3058260280079992e-09
down,outer,31,1.3209710275748534e-03,1.6647770160870857e-09,1.3823298776139506e-10,1.2043268709207597e+01,1.6747187497558674e-09,4.6450835387439097e-15,3.6053576556531270e+05,-1.0915668369193554e-09,-1.2569663296324585e-09
down,outer,32,1.4066887706144561e-03,3.4290925498583865e-09,2.8472355929268485e-10,1.2043585569023499e+01,3.4270292662288428e-09,1.0776411551457351e-14,3.1801209984091483e+05,-9.3848218085668123e-10,3.2981702369205834e-09
down,outer,33,1.4950146112856350e-03,1.0996910479413325e-08,9.1306790843223644e-10,1.2043913029749705e+01,1.1004606274652964e-08,3.9076699182715304e-14,2.8161555363715580e+05,-2.6746214132344903e-09,-1.0666697726480212e-08
down,outer,34,1.5859380396966271e-03,2.5881267309018795e-09,2.1488479956894041e-10,1.2044252250944087e+01,2.5884065818659083e-09,1.0340618916948097e-14,2.5031447369398311e+05,-1.3535217391336118e-09,-2.2059870527502135e-09
down,outer,35,1.6794482368687204e-03,9.1554791623652379e-10,7.6013130178205156e-11,1.2044602216618546e+01,9.1428558683166515e-10,4.0948953617611647e-15,2.2327446883488668e+05,2.3804513915592906e-10,8.8406023474041362e-10
down,outer,36,1.7755340760235801e-03,4.2935072224221172e-09,3.5645662001438438e-10,1.2044964187364112e+01,4.2937976026645930e-09,2.1488710549777420e-14,1.9981643815799215e+05,5.0603254919678875e-10,4.2635824523684640e-09
down,outer,37,1.8741841239072296e-03,8.6862175387691784e-09,7.2112698116523533e-10,1.2045337042768146e+01,8.6855737267426439e-09,4.8418783312069785e-14,1.7938438623627109e+05,-1.2979386454503583e-09,-8.5886978293259197e-09
down,outer,38,1.9753866421505046e-03,1.3934346500572916e-08,1.1567879706923625e-09,1.2045722166554784e+01,1.3934040553156480e-08,8.6267909559291312e-14,1.6152055410105555e+05,1.5327561442290971e-09,1.3849789565201220e-08
down,outer,39,2.0791295886657922e-03,3.0384873526936172e-09,2.5223788029141802e-10,1.2046118327600759e+01,3.0394357895232752e-09,2.0840026243407388e-14,1.4584606343692978e+05,-1.6350831799627485e-10,3.0340847750887079e-09
down,outer,40,2.1854006190799116e-03,1.0881914406206757e-08,9.0332378718888063e-10,1.2046527015601994e+01,1.0882732991609119e-08,8.2416382812263895e-14,1.3204574891862064e+05,-1.8584396244136769e-09,-1.0722045667987956e-08
down,outer,41,2.2941870882029858e-03,1.9633418778010959e-09,1.6297422858855306e-10,1.2046946899548001e+01,1.9630878513989835e-09,1.6378693235346513e-14,1.1985619506948729e+05,1.5574528333672788e-09,1.1954296302851830e-09
down,outer,42,2.4054760515330948e-03,3.4910714139115658e-09,2.8977848562728040e-10,1.2047379591878538e+01,3.4907169173965578e-09,3.2008409838842126e-14,1.0905624287403937e+05,8.2314599580968206e-11,3.4901008472143502e-09
down,outer,43,2.5192542667965144e-03,2.2093925454663194e-09,1.8338520002700767e-10,1.2047823625575759e+01,2.2114587749861867e-09,2.2234786331032248e-14,9.9459412025009544e+04,-1.3717427194137599e-09,1.7319749801014694e-09
down,outer,44,2.6355081955234515e-03,1.7024658037096415e-09,1.4130362974391903e-10,1.2048280761046104e+01,1.7036233120253881e-09,1.8740118642279368e-14,9.0907818917531447e+04,-1.4611973853106974e-09,-8.7366584800019353e-10
down,outer,45,2.7542240046589594e-03,4.7334451735935284e-09,3.9285779946852782e-10,1.2048749394811821e+01,4.7336397176068021e-09,5.6848744611556204e-14,8.3267269135870214e+04,4.0483882912667468e-10,4.7161010097163114e-09
down,outer,46,2.8753875682089466e-03,3.9069090874441618e-10,3.2424550158293088e-11,1.2049231426098624e+01,3.9003316371961926e-10,5.1035911377261143e-15,7.6423277882992217e+04,-3.6453950968962090e-10,1.4053587460427508e-10
down,outer,47,2.9989844689210189e-03,1.0275573702244135e-08,8.5276415928978374e-10,1.2049725108993846e+01,1.0274400227490598e-08,1.4619689647064590e-13,7.0277827201027758e+04,3.2345264244781902e-09,9.7532176085435296e-09
down,outer,48,3.1249999999999989e-03,3.7229955913002635e-09,3.0895632858448829e-10,1.2050232498416552e+01,3.7236535881395878e-09,5.7511084279324167e-14,6.4746711608744270e+04,5.6719873242627727e-10,3.6795355373708816e-09
down,outer,49,3.2534191668578821e-03,1.8704912394696506e-09,1.5521780622269950e-10,1.2050751682355017e+01,1.8619133823929725e-09,3.1157894468221288e-14,5.9757355693337508e+04,-1.8023884607032414e-09,5.0013329588871613e-10
down,outer,50,3.3842266888980460e-03,1.4647083892625541e-09,1.2153960358284150e-10,1.2051284898787806e+01,1.4661705273518950e-09,2.6538458191407818e-14,5.5247012346278178e+04,-1.4646435175791339e-09,-1.3785209085348527e-11
down,outer,51,3.5174070013334765e-03,2.9899455587918937e-09,2.4809058403170469e-10,1.2051830062239663e+01,2.9899504797889590e-09,5.8441679232520938e-14,5.1161269132820307e+04,6.2561156255469541e-10,2.9237620657873720e-09
down,outer,52,3.6529442570388385e-03,4.2307211937875423e-09,3.5102758392036926e-10,1.2052389577302515e+01,4.2312385136967170e-09,8.9167299471544737e-14,4.7452805442952762e+04,-1.9591839262034227e-09,-3.7497466798264156e-09
down,outer,53,3.7908223284361165e-03,4.8439823366432396e-09,4.0189147407191850e-10,1.2052961182690851e+01,4.8436959127391225e-09,1.0988332516242186e-13,4.4080354372053349e+04,2.6089583826660601e-09,4.0813601942524258e-09
down,outer,54,3.9310248094136377e-03,2.3220026764453208e-09,1.9264060471235332e-10,1.2053547485030395e+01,2.3209855767554622e-09,5.6598591733233578e-14,4.1007832627620402e+04,1.4057492947472383e-09,-1.8481248198476408e-09
down,outer,55,4.0735350172782306e-03,7.3782999550503765e-09,6.1209644859981586e-10,1.2054145995991973e+01,7.3781399524962515e-09,1.9312678066275658e-13,3.8203608671860828e+04,7.7911188611778925e-10,-7.3370494679814158e-09
down,outer,56,4.2183359947403050e-03,1.3192226534281762e-09,1.0943583294400148e-10,1.2054759560364701e+01,1.3178199316153481e-09,3.6975986988193044e-14,3.5639885205394159e+04,9.3695895486689551e-10,-9.2868526757605707e-10
down,outer,57,4.3654105119315945e-03,1.8035621730143591e-09,1.4960634637686068e-10,1.2055385461196668e+01,1.8004389492336332e-09,5.4079941430955021e-14,3.3292176389138491e+04,1.4373471302064900e-09,-1.0894355140234069e-09
down,outer,58,4.5147410684553465e-03,4.8669908629460005e-09,4.0369774843019211e-10,1.2056026772186982e+01,4.8670453073286509e-09,1.5630131231305236e-13,3.1138864001221922e+04,2.5625634947346043e-10,4.8602399882469172e-09
down,outer,59,4.6663098954686788e-03,4.0007151396941854e-10,3.3182559075638383e-11,1.2056680530801460e+01,4.0066348604867394e-10,1.3739788317566342e-14,2.9160819423718851e+04,3.9957637198995144e-10,1.9898221959024909e-11
down,outer,60,4.8200989577969148e-03,1.4844617271185692e-09,1.2311674772097895e-10,1.2057350072979704e+01,1.4831780266189523e-09,5.4247234574636123e-14,2.7341080854146032e+04,-1.4474004217390757e-09,3.2963409779540598e-10
down,outer,61,4.9760899560795787e-03,2.3968763604851460e-09,1.9877840182851073e-10,1.2058032152572437e+01,2.3970099531320410e-09,9.3397602742962997e-14,2.5664576849245124e+04,-9.3632124276155082e-10,-2.2064267080068589e-09
down,outer,62,5.1342643289478207e-03,2.9819565338728298e-09,2.4728610977603937e-10,1.2058730417869047e+01,2.9820849582616724e-09,1.2364618477361697e-13,2.4117888988823659e+04,1.2639906898925801e-09,2.7008132674755103e-09
down,outer,63,5.2946032552330675e-03,1.7027449625688051e-09,1.4119600759193928e-10,1.2059441280307226e+01,1.7032158935990731e-09,7.5067756395123920e-14,2.2689047540385884e+04,-6.0800608991939953e-10,-1.5904933203803040e-09
down,outer,64,5.4570876562065286e-03,6.2619820835725245e-10,5.1922839696490797e-11,1.2060168743035330e+01,6.2617068258730365e-10,2.9305015895192191e-14,2.1367355159497929e+04,5.3116089304694469e-10,-3.3165087343078881e-10
down,outer,65,5.6216981978493771e-03,2.8277485841133390e-09,2.3445568006981815e-10,1.2060908839023517e+01,2.8278723184392815e-09,1.4038819526770115e-13,2.0143234358465215e+04,-1.4714567342366536e-09,2.4147416288755608e-09
down,outer,66,5.7884152931533157e-03,1.0767489336402196e-09,8.9270332514375676e-11,1.2061665990398605e+01,1.0772150706908402e-09,5.6671384188604055e-14,1.9008095286782416e+04,1.0563354635451105e-09,-2.0867116368172844e-10
down,outer,67,5.9572191044512226e-03,1.8234250001139336e-09,1.5116557192437078e-10,1.2062435757701536e+01,1.8236894123285401e-09,1.0157441148242833e-13,1.7954220809283506e+04,-1.2547847205723883e-09,-1.3230245787809736e-09
down,outer,68,6.1280895457776416e-03,1.1268488037097267e-09,9.3411917997327004e-11,1.2063223064769655e+01,1.1263123011757333e-09,6.6352543915535652e-14,1.6974666451515219e+04,-3.0972469033940797e-10,-1.0834476649179692e-09
down,outer,69,6.3010062852588136e-03,2.6555218249473550e-09,2.2011909614619123e-10,1.2064022937763205e+01,2.6567543786023799e-09,1.6539412040464672e-13,1.6063173056590340e+04,-1.6213554943078634e-09,2.1030935604127166e-09
down,outer,70,6.4759487475319535e-03,9.9669883241268220e-10,8.2611850635297595e-11,1.2064840876313966e+01,9.9651591913084412e-10,6.5499539637025741e-14,1.5214090429538395e+04,-5.2432724828577193e-10,-8.4763759899963986e-10
down,outer,71,6.6528961161935341e-03,1.9095950266641565e-09,1.5826678710823245e-10,1.2065671272888476e+01,1.9095090696606373e-09,1.3239966521240334e-13,1.4422310408393332e+04,3.9255887429590075e-10,-1.8688099678865200e-09
down,outer,72,6.8318273362762069e-03,1.1847171311052980e-09,9.8182168806890365e-11,1.2066520280637306e+01,1.1844136140164631e-09,8.6559643233948446e-14,1.3683208129859060e+04,-1.1826486456811836e-09,6.9977579286728542e-11
down,outer,73,7.0127211167541519e-03,7.9703645718855942e-10,6.6048831571776848e-11,1.2067381636000643e+01,7.9712273594025167e-10,6.1352102601536226e-14,1.2992590345555527e+04,1.4590995078833657e-10,7.8356710009330754e-10
down,outer,74,7.1955559330764791e-03,1.2957100295731756e-09,1.0736508853203520e-10,1.2068262107254412e+01,1.2961547081583475e-09,1.0498027548826738e-13,1.2346649902849666e+04,-8.8251628227453693e-10,9.4869884170734053e-10
down,outer,75,7.3803100297284525e-03,3.2179392532219122e-09,2.6662506802939594e-10,1.2069154926074425e+01,3.2176402810190407e-09,2.7403003618090604e-13,1.1741925541676224e+04,2.9834472670131618e-09,1.2058919696134041e-09
down,outer,76,7.5669614228201692e-03,1.3220298708927329e-09,1.0952962095393360e-10,1.2070067068421221e+01,1.3227202738833073e-09,1.1836140907072072e-13,1.1175266366531549e+04,1.3117054109557102e-09,-1.6489964949073510e-10
down,outer,77,7.7554879027024173e-03,1.5202973725976640e-09,1.2594634777726159e-10,1.2070992128222230e+01,1.5194074120775804e-09,1.4275046139588477e-13,1.0643800357771608e+04,-1.4388534808063014e-09,-4.9092235832048914e-10
down,outer,78,7.9458670366094088e-03,4.8752605765895499e-10,4.0385077695280173e-11,1.2071935612889323e+01,4.8745103326924851e-10,4.8048844556544758e-14,1.0144906454422795e+04,-1.4945022996926127e-10,-4.6405418396844311e-10
down,outer,79,8.1380761713280656e-03,1.6579799848236903e-09,1.3733077655937806e-10,1.2072894556937317e+01,1.6580291090207103e-09,1.7135144669620746e-13,9.6761897316237100e+03,6.8007555142912679e-10,-1.5120829588433082e-09
down,outer,80,8.3320924358934994e-03,2.3266195490608248e-09,1.9269877718641596e-10,1.2073867738195677e+01,2.3272981553148611e-09,2.5199592945023837e-13,9.2354593202841097e+03,2.3012374228414956e-09,3.4273145432806018e-10
down,outer,81,8.5278927443104488e-03,1.4005084042486956e-09,1.1598544001911875e-10,1.2074863914107144e+01,1.3998987094086024e-09,1.5870592183974651e-13,8.8207087245436996e+03,-1.3839507317925381e-09,-2.1471879829704221e-10
down,outer,82,8.7254537983002724e-03,2.4749029256287709e-09,2.0494625488503654e-10,1.2075863142837395e+01,2.4742099744978524e-09,2.9349716971951318e-13,8.4300982420456858e+03,-1.8681172164747295e-09,-1.6233553390421207e-09
down,outer,83,8.9247520900732225e-03,2.7367522433978488e-09,2.2661046533189059e-10,1.2076901388422813e+01,2.7362772706408235e-09,3.3940683198096064e-13,8.0619392799798379e+03,2.6052813240085015e-09,8.3804657657893245e-10
down,outer,84,9.1257639051256102e-03,2.8716392031415356e-09,2.3775934749339460e-10,1.2077923469323597e+01,2.8713184185399261e-09,3.7218890765693590e-13,7.7146802590542429e+03,-2.8070283875081259e-09,6.0572546978221453e-10
down,outer,85,9.3284653250616280e-03,1.3533135017382589e-09,1.1203850062429118e-10,1.2079004040552517e+01,1.3529722453564345e-09,1.8315847406728646e-13,7.3868940667162169e+03,-1.3063852222217065e-09,3.5329178471599221e-10
down,outer,86,9.5328322304393791e-03,1.9072978353091647e-09,1.5788815988252232e-10,1.2080056140551017e+01,1.9069524677397620e-09,2.6944759256022701e-13,7.0772666759437434e+03,-1.5747421144851614e-09,-1.0760912161345004e-09
down,outer,87,9.7388403036408507e-03,9.3689653139120342e-10,7.7550188581932881e-11,1.2081163805312464e+01,9.3704217399984845e-10,1.3811336872608432e-13,6.7845870580295032e+03,3.5271430220973343e-10,8.6796758669294150e-10
down,outer,88,9.9464650317654807e-03,3.1555795812658570e-09,2.6117444407402330e-10,1.2082267820857265e+01,3.1554565208156555e-09,4.8487762375955340e-13,6.5077379656117491e+03,-3.1128726263318640e-09,5.1740361994845330e-10
down,outer,89,1.0155681709546924e-02,3.8353218835549841e-10,3.1740460489431329e-11,1.2083384501721509e+01,3.8342101773090560e-10,6.1389719437391386e-14,6.2456877347670470e+03,-2.9843594262501938e-10,2.4090024419720635e-10
down,outer,90,1.0366465442292758e-02,1.6470650966866291e-09,1.3629520187884698e-10,1.2084542038029394e+01,1.6472207852915010e-09,2.7465202110113114e-13,5.9974828464304974e+03,-3.8947778335796102e-10,-1.6003532388175756e-09
down,outer,91,1.0578791148846687e-02,1.7339398402483250e-09,1.4347046763357888e-10,1.2085691702607242e+01,1.7338299581600964e-09,3.0089506904075105e-13,5.7622411815770865e+03,-1.2125243031846367e-09,1.2394886783617665e-09
down,outer,92,1.0792633564572949e-02,5.7156259526788815e-10,4.7287914321376234e-11,1.2086864127342501e+01,5.7173706644394228e-10,1.0321754781803638e-13,5.5391459933912138e+03,5.2323301247270138e-10,2.3002394433646600e-10
down,outer,93,1.1007967244362562e-02,7.6522917753259015e-10,6.3304483693146231e-11,1.2088072327417766e+01,7.6533200265778352e-10,1.4365848266988644e-13,5.3274403880238933e+03,-6.7657257574182950e-10,3.5752656390997117e-10
down,outer,94,1.1224766565661038e-02,5.5341770768053787e-10,4.5777582738308401e-11,1.2089273276926813e+01,5.5322117400184523e-10,1.0791564523079573e-13,5.1264223349514232e+03,-4.2680348144585878e-10,3.5229241746037587e-10
down,outer,95,1.1443005731517185e-02,1.2501829980891171e-09,1.0340211436529961e-10,1.2090497430956422e+01,1.2501714784879019e-09,2.5330496027312895e-13,4.9354401790627799e+03,-6.5115290937001191e-10,-1.0672194794558720e-09
down,outer,96,1.1662658773652740e-02,1.4231480567508853e-09,1.1769575157542943e-10,1.2091753845837088e+01,1.4233419235933576e-09,2.9940582693317784e-13,4.7538885203828140e+03,-3.9644199034682970e-10,-1.3668153275858685e-09
down,outer,97,1.1883699555552277e-02,4.7451038766829741e-10,3.9238383086487842e-11,1.2093015826426857e+01,4.7445689614366535e-10,1.0356597237180236e-13,4.5812044755430161e+03,-6.9966255011877365e-11,-4.6932380204367519e-10
down,outer,98,1.2106101775573228e-02,2.2086977442636469e-09,1.8262324737777114e-10,1.2094285782219035e+01,2.2087258625322301e-09,5.0006649770157053e-13,4.4168643024159410e+03,2.2495783014164772e-10,2.1972118013913189e-09
down,outer,99,1.2329838970075497e-02,1.0646768371356312e-09,8.8021907549043347e-11,1.2095589232060473e+01,1.0647180233524008e-09,2.4991149773502070e-13,4.2603803066368455e+03,9.8859498365300169e-10,3.9524261641332714e-10
down,outer,100,1.2554884516570374e-02,8.4233932763034357e-10,6.9632595709078416e-11,1.2096911210226835e+01,8.4240091505164414e-10,2.0489901563801800e-13,4.1112980090634501e+03,-1.0364864522216521e-10,-8.3593809652171558e-10
down,outer,101,1.2781211636888353e-02,1.0351776140871859e-09,8.5564322139053042e-11,1.2098238941283132e+01,1.0353389845857302e-09,2.6084366100220090e-13,3.9691935798163577e+03,3.1554847623738169e-10,-9.8591168562478515e-10
down,outer,102,1.3008793400365454e-02,6.5277403451393895e-10,5.3950130469935894e-11,1.2099582129420465e+01,6.5280439484316521e-10,1.7028177700300306e-13,3.8336714963436893e+03,-5.9750870917696375e-10,-2.6286361975991213e-10
down,outer,103,1.3237602727047706e-02,1.4881315709212808e-09,1.2297637485702186e-10,1.2100954940747382e+01,1.4881216837663166e-09,4.0172141046864605e-13,3.7043623889259020e+03,4.0472869500263187e-10,1.4320371000131615e-09
down,outer,104,1.3467612390913404e-02,6.8345213745679988e-10,5.6472700490896740e-11,1.2102345584960482e+01,6.8335413765150195e-10,1.9083194649140942e-13,3.5809210680679407e+03,-4.1393821703650246e-10,-5.4384002856622260e-10
down,outer,105,1.3698795023112709e-02,1.0509288246036472e-09,8.6826744383140437e-11,1.2103745592097900e+01,1.0508056699876255e-09,3.0343579749861352e-13,3.4630247276359241e+03,-4.0234660048099613e-10,-9.7085972594612713e-10
down,outer,106,1.3931123115224280e-02,1.1049386133949748e-09,9.1278324997454716e-11,1.2105158737584041e+01,1.1048917048599318e-09,3.2978186790673577e-13,3.3503712980739183e+03,5.3146465006648214e-10,9.6872837529460298e-10
down,outer,107,1.4164569022528510e-02,1.0557505867142344e-09,8.7204570677196826e-11,1.2106596919355091e+01,1.0557519481602215e-09,3.2558026769323594e-13,3.2426779289798928e+03,-2.5292834493484406e-10,-1.0250056359240034e-09
down,outer,108,1.4399104967296962e-02,1.0973962938774937e-09,9.0633558860922641e-11,1.2108056967744698e+01,1.0974705435891192e-09,3.4954858000083474e-13,3.1396795935675045e+03,5.4413007433140592e-10,9.5299584890184974e-10
down,outer,109,1.4634703042097637e-02,1.8331505694110353e-10,1.5138079457312868e-11,1.2109531956020229e+01,1.8338819000420859e-10,6.0302690789494178e-14,3.0411278104385706e+03,8.1907813864745549e-11,1.6399853697279809e-10
down,outer,110,1.4871335213115681e-02,2.0761046486701029e-10,1.7142281158175257e-11,1.2111017369937350e+01,2.0758555093116839e-10,7.0444649342555531e-14,2.9467894704355667e+03,1.3646861418692424e-11,-2.0716145465726754e-10
down,outer,111,1.5108973323489136e-02,3.7705967123084032e-10,3.1129745768920429e-11,1.2112520096688108e+01,3.7675955669586603e-10,1.3189802608359930e-13,2.8564457549733852e+03,-2.6941560093973749e-10,-2.6379770590168050e-10
down,outer,112,1.5347589096659323e-02,2.5659225214042717e-10,2.1181386655670232e-11,1.2114044104460826e+01,2.5657475284307347e-10,9.2629904992200075e-14,2.7698911368275549e+03,-4.5464965126029711e-11,-2.5253221735965781e-10
down,outer,113,1.5587154139735463e-02,5.3765440889814910e-10,4.4377072286058439e-11,1.2115589902650235e+01,5.3764677279020044e-10,2.0009686920437816e-13,2.6869324589034431e+03,2.2873258842537325e-11,-5.3716764369937664e-10
down,outer,114,1.5827639946873154e-02,1.2233795249303053e-10,1.0096263640697907e-11,1.2117151140931764e+01,1.2221631248659795e-10,4.6873080818259726e-14,2.6073880861483240e+03,9.1360696785613982e-11,8.1362139248142284e-11
down,outer,115,1.6069017902666280e-02,9.2534148893852255e-11,7.6356333912023948e-12,1.2118725998614345e+01,9.2451317796713372e-11,3.6526327731307086e-14,2.5310871236987891e+03,-8.6041396230029932e-11,-3.4050651187556014e-11
down,outer,116,1.6311259285551941e-02,2.8918124509124732e-10,2.3859219005565488e-11,1.2120314794201430e+01,2.8920919450085384e-10,1.1766665778499898e-13,2.4578686940296893e+03,1.4634959910608814e-10,2.4941448906190544e-10
down,outer,117,1.6554335271228064e-02,2.1352757725990762e-10,1.7614992929087035e-11,1.2121922394150774e+01,2.1354985016680899e-10,8.9441918934284350e-14,2.3875812673888454e+03,-4.9630521914423298e-11,-2.0767965125401133e-10
down,outer,118,1.6798216936083188e-02,1.0194626119080957e-09,8.4089448934800231e-11,1.2123549682178892e+01,1.0194748739955034e-09,4.3941328609023410e-13,2.3200820418209951e+03,-2.4839863499437342e-10,-9.8873764731166602e-10
down,outer,119,1.7042875260638090e-02,1.0653328214167739e-10,8.7861076800429299e-12,1.2125196505804361e+01,1.0645721566262760e-10,4.7204460296431451e-14,2.2552363694893365e+03,-1.0399592298426796e-10,2.3112511904344046e-11
down,outer,120,1.7288281132998802e-02,4.0745922178545524e-10,3.3599732743898381e-11,1.2126859010789264e+01,4.0750872764663311e-10,1.8582950729792633e-13,2.1929172259672696e+03,1.2357936896023602e-10,3.8826686310500236e-10
down,outer,121,1.7534405352320648e-02,1.0066915425713966e-10,8.3001899305298385e-12,1.2128536226244343e+01,1.0068096114912223e-10,4.7201471368924273e-14,2.1330047184801724e+03,1.4199308395745902e-11,9.9662722519155977e-11
down,outer,122,1.7781218632282835e-02,5.6240468015562670e-10,4.6363902451676169e-11,1.2130227405723790e+01,5.6243175593322719e-10,2.7100108428339593e-13,2.0753856296201066e+03,2.2905233265646530e-10,5.1364779096729762e-10
down,outer,123,1.8028691604573262e-02,1.5345669984918317e-10,1.2648987810138905e-11,1.2131935151852911e+01,1.5353000464966715e-10,7.6006721523045009e-14,2.0199529932772764e+03,-6.6873617754481529e-11,1.3811907173533200e-10
down,outer,124,1.8276794822383029e-02,5.4758396611310238e-10,4.5129330619128589e-11,1.2133660273724569e+01,5.4753761097750296e-10,2.7841758559883882e-13,1.9666057005696071e+03,1.5709922251971875e-10,5.2456461396843679e-10
down,outer,125,1.8525498763910322e-02,3.1258139433040472e-10,2.5757806908021882e-11,1.2135404052316890e+01,3.1257124352191619e-10,1.6320143487215703e-13,1.9152481334907823e+03,-1.4406253967536031e-12,3.1257807453499709e-10
down,outer,126,1.8774773835873209e-02,1.1044105723698294e-09,9.0994115214485792e-11,1.2137164801993844e+01,1.1043772824430067e-09,5.9190872837185346e-13,1.8657898245237673e+03,-4.7187054263986283e-10,-9.9852937029965005e-10
down,outer,127,1.9024590377030959e-02,1.7581926783666074e-10,1.4483904052661095e-11,1.2138941765798140e+01,1.7581797410603507e-10,9.6701836524533576e-14,1.8181451399987575e+03,-1.6735235419673700e-10,5.3903659313903063e-11
down,outer,128,1.9274918661713412e-02,7.2843867878035272e-10,5.9999563368922669e-11,1.2140732996694677e+01,7.2845671308501446e-10,4.1103890913450664e-13,1.7722329854827378e+03,1.0343637057985688e-10,7.2105743598172012e-10
down,outer,129,1.9525728903358047e-02,1.9575912892991437e-10,1.6121762630218247e-11,1.2142538841440834e+01,1.9574152459375845e-10,1.1327788373625703e-13,1.7279765311426554e+03,1.6212275966154266e-10,1.0971712427476632e-10
down,outer,130,1.9776991258054287e-02,5.7504973555021795e-10,4.7351180282780817e-11,1.2144359065941465e+01,5.7498840945827192e-10,3.4117806979370833e-13,1.6853029557437144e+03,3.3005331800950444e-10,4.7090020771634045e-10
down,outer,131,2.0028675828094630e-02,1.2862276244082073e-10,1.0589551796393270e-11,1.2146195128355552e+01,1.2849797841409300e-10,7.8154979332556501e-14,1.6441432076556823e+03,1.1882050898748275e-10,4.9249382350069482e-11
down,outer,132,2.0280752665532149e-02,7.8341238582647375e-10,6.4488751508161760e-11,1.2148047023787152e+01,7.8338899331954887e-10,4.8826569141417285e-13,1.6044317819067012e+03,2.3022828088414826e-10,7.4881900680168201e-10
down,outer,133,2.0533191775744031e-02,6.8032232099170351e-10,5.5993996192147392e-11,1.2149915477672444e+01,6.8031639976542468e-10,4.3439982822685055e-13,1.5661065119255816e+03,-5.0714987764877151e-13,-6.8032213196289604e-10
down,outer,134,2.0785963121000641e-02,9.0129579752634945e-10,7.4169739167617681e-11,1.2151799475652638e+01,9.0139342272585290e-10,5.8948955964274509e-13,1.5291083751714523e+03,2.1342128064816279e-10,8.7566287554352584e-10
down,outer,135,2.1039036624039675e-02,1.1411253209615522e-10,9.3891196234972253e-12,1.2153698820768778e+01,1.1416239079042345e-10,7.6445573490849577e-14,1.4933813113991293e+03,6.2129856814863160e-11,-9.5715990688916008e-11
down,outer,136,2.1292382171645089e-02,6.5821817563954231e-10,5.4149323469675529e-11,1.2155612175065396e+01,6.5823761096649457e-10,4.5119625787244974e-13,1.4588720528630229e+03,2.4281021637762024e-11,6.5777017166368523e-10
down,outer,137,2.1545969618230239e-02,5.5515688337717168e-10,4.5663588773611844e-11,1.2157539481390621e+01,5.5513790281134884e-10,3.8942562858256153e-13,1.4255299653285529e+03,-1.7073453761895507e-10,-5.2825077645479723e-10
down,outer,138,2.1799768789424939e-02,1.4617339335239166e-09,1.2021352365603817e-10,1.2159479974202517e+01,1.4617148119165941e-09,1.0490975194403832e-12,1.3933068993398363e+03,2.7385649303823811e-10,1.4358512157031100e-09
down,outer,139,2.2053749485665883e-02,6.7171812144908812e-10,5.5233462756100215e-11,1.2161434172890070e+01,6.7171831329073463e-10,4.9312838993899880e-13,1.3621570507709521e+03,-1.5940404551884058e-10,-6.5253014103205942e-10
down,outer,140,2.2307881485790097e-02,4.2887239321535282e-10,3.5259247411265394e-11,1.2163401793945475e+01,4.2883709061020623e-10,3.2194086595176298e-13,1.3320368302496263e+03,-1.5824053178903341e-10,-3.9861192124845957e-10
down,outer,141,2.2562134550630962e-02,1.1550709571327794e-10,9.4947352853545145e-12,1.2165383472190731e+01,1.1548484462675658e-10,8.8636445187827445e-14,1.3029047406180980e+03,-5.8707705363758578e-11,9.9475094827994326e-11
down,outer,142,2.2816478426616382e-02,3.3696000715750496e-10,2.7693722040556203e-11,1.2167378825570729e+01,3.3695110657932195e-10,2.6433316568371069e-13,1.2747212621154874e+03,1.4253487279347610e-10,3.0532909534031205e-10
down,outer,143,2.3070882849368618e-02,1.1988521167118197e-10,9.8513754574638584e-12,1.2169388141668215e+01,1.1997426122030945e-10,9.6175704008427764e-14,1.2474487445373547e+03,8.3996809507880243e-11,8.5539464400596898e-11
down,outer,144,2.3325317547305480e-02,3.2884594775460236e-10,2.7017899246299703e-11,1.2171410691733932e+01,3.2885896708142618e-10,2.6932444642851770e-13,1.2210513061194010e+03,-1.3402523535432920e-10,-3.0029467801284682e-10
down,outer,145,2.3579752245242350e-02,8.5403786244677777e-10,7.0155799174647727e-11,1.2173446422022977e+01,8.5401791909412086e-10,7.1436359492917883e-13,1.1954947384724821e+03,-1.6917667267080105e-10,-8.3711404474939854e-10
down,outer,146,2.3834156667994582e-02,1.1643178909441243e-10,9.5627975974714040e-12,1.2175494452083701e+01,1.1640670426911372e-10,9.9429477247891851e-14,1.1707464173717340e+03,5.6235016643313429e-11,1.0195089217290842e-10
down,outer,147,2.4088500543980002e-02,2.5724814092948083e-10,2.1124778144751818e-11,1.2177554678527635e+01,2.5726104459943536e-10,2.2433432497011566e-13,1.1467752187887697e+03,7.9785955620081950e-11,2.4456248137738612e-10
down,outer,148,2.4342753608820867e-02,4.2730452177152535e-10,3.5083549326826443e-11,1.2179626348260872e+01,4.2730339069150657e-10,3.8031493305002967e-13,1.1235514400253530e+03,9.7646335461831768e-11,4.1599801381408952e-10
down,outer,149,2.4596885608945084e-02,1.6380809684892704e-09,1.3447053283631351e-10,1.2181709508679138e+01,1.6381502736523795e-09,1.4878117666179774e-12,1.1010467254040775e+03,-1.2538796667627139e-09,-1.0540849304518929e-09
down,outer,150,2.4850866305186025e-02,1.6570411668453961e-09,1.3600360118866423e-10,1.2183803607867326e+01,1.6569983195925851e-09,1.5353466672675421e-12,1.0792339964117332e+03,5.6238658174834200e-10,1.5586875123929644e-09
down,outer,151,2.5104665476380721e-02,4.2297678192456954e-10,3.4710318943917489e-11,1.2185908824634712e+01,4.2295058584284761e-10,3.9973124290745608e-13,1.0580873858308023e+03,-1.4001688697362624e-10,-3.9912984028944720e-10
down,outer,152,2.5358252922965872e-02,2.6172987681627609e-10,2.1474347390030584e-11,1.2188024719101989e+01,2.6172281092157496e-10,2.5224297124242225e-13,1.0375821757587923e+03,-3.7781333617203927e-11,-2.5898860833706294e-10
down,outer,153,2.5611598470571290e-02,5.6271901732838795e-10,4.6161774073072833e-11,1.2190151453833188e+01,5.6271266060297473e-10,5.5292873095710750e-13,1.0176947391193282e+03,-1.0742340350589075e-10,-5.5237026064247630e-10
down,outer,154,2.5864671973610323e-02,6.1738855374838903e-10,5.0637626459069574e-11,1.2192288559327018e+01,6.1739475164887468e-10,6.1838262741768226e-13,9.9840248460256259e+02,1.7238122040907911e-10,5.9283500331019923e-10
down,outer,155,2.6117443318866937e-02,4.8686035886136289e-10,3.9924794832634988e-11,1.2194436086704636e+01,4.8684798923017254e-10,4.9694400062603021e-13,9.7968380464772872e+02,-1.2208101196620191e-10,-4.7130588320953848e-10
down,outer,156,2.6369882429078815e-02,1.0523410146016961e-10,8.6281552053797451e-12,1.2196593472791847e+01,1.0532547992676524e-10,1.0954082713898220e-13,9.6151802645356474e+02,-9.6595620391326520e-11,-4.1755265911547212e-11
down,outer,157,2.6621959266516334e-02,6.9687105041775508e-10,5.7126381198615525e-11,1.2198760639062570e+01,6.9688604873972390e-10,7.3831640377116899e-13,9.4388536565105778e+02,1.4329959441283791e-10,6.8197836267103185e-10
down,outer,158,2.6873643836556677e-02,3.0460187594118403e-10,2.4965449548794501e-11,1.2200936952721214e+01,3.0458429152017860e-10,3.2865254167297949e-13,9.2676688264669008e+02,3.7504221950257488e-11,3.0228419767297510e-10
down,outer,159,2.7124906191252917e-02,6.0639815068587100e-10,4.9692049112534677e-11,1.2203122260315661e+01,6.0639234867968857e-10,6.6625946516207635e-13,9.1014444129836966e+02,3.1975666558992089e-10,5.1524207123065935e-10
down,outer,160,2.7375716432897552e-02,7.1522056672140336e-10,5.8599103176887200e-11,1.2205315916908134e+01,7.1520322068981057e-10,8.0000300305050865e-13,8.9400066995080488e+02,2.4901503081764531e-10,6.7047145613230441e-10
down,outer,161,2.7626044717580008e-02,4.1773832063444992e-10,3.4219759411047575e-11,1.2207517756527139e+01,4.1773490663906484e-10,4.7560731640722912e-13,8.7831892451668637e+02,-1.4702905559715873e-11,-4.1747949541814933e-10
down,outer,162,2.7875861258737755e-02,4.1607738697738188e-10,3.4077533523765236e-11,1.2209727170753565e+01,4.1610120709805711e-10,4.8211016184139383e-13,8.6308325364638847e+02,1.5593748514675099e-11,-4.1578507303796641e-10
down,outer,163,2.8125136330700646e-02,5.5312996779380033e-10,4.5294178157249717e-11,1.2211944013499386e+01,5.5312052893886700e-10,6.5205073158278717e-13,8.4827836569744022e+02,4.8650861117494060e-11,-5.5098625661997858e-10
down,outer,164,2.8373840272227932e-02,3.0819416575334915e-10,2.5232514614975020e-11,1.2214167729856054e+01,3.0817467302276642e-10,3.6956291807329993e-13,8.3388959755329779e+02,-1.5278089904313674e-10,-2.6765956118168788e-10
down,outer,165,2.8621943490037695e-02,8.4802969445349074e-11,6.9417325872165239e-12,1.2216398194525254e+01,8.4840065430714231e-11,1.0347574936005807e-13,8.1990288502769454e+02,-3.0040858689517336e-11,7.9303785760487244e-11
down,outer,166,2.8869416462328133e-02,3.1052209912305556e-10,2.5413812743734538e-11,1.2218634891752355e+01,3.1054155413668048e-10,3.8514167248416942e-13,8.0630473491399391e+02,-7.1291417214069952e-11,3.0222757629871921e-10
down,outer,167,2.9116229742290323e-02,2.1558939026299621e-10,1.7641072562813122e-11,1.2220877698641322e+01,2.1558496773026069e-10,2.7183180779583749e-13,7.9308219843123857e+02,-2.6580515566365648e-11,-2.1394452875966863e-10
down,outer,168,2.9362353961612159e-02,3.7511193370548276e-10,3.0688706822785992e-11,1.2223126111881871e+01,3.7519548918428011e-10,4.8088246972425819e-13,7.8022284613415036e+02,3.7320813106589412e-10,-3.7744585235088834e-11
down,outer,169,2.9607759833972874e-02,1.3414814844695460e-10,1.0972922607272813e-11,1.2225379987464933e+01,1.3414357065023631e-10,1.7473100743243495e-13,7.6771474405941944e+02,3.0600411093928415e-11,-1.3061141057590930e-10
down,outer,170,2.9852418158527776e-02,2.3437433405648597e-09,1.9167587266930440e-10,1.2227638815076565e+01,2.3437541467958121e-09,3.1020650089701181e-12,7.5554643117358000e+02,-2.3303980967170901e-09,2.4975499446355798e-10
down,outer,171,3.0096299823382897e-02,8.0768073398387780e-10,6.6041470092599064e-11,1.2229902406039724e+01,8.0768748450758899e-10,1.0860293037235747e-12,7.4370689790629115e+02,1.0644907177947971e-10,-8.0063522478468485e-10
down,outer,172,3.0339375809059026e-02,1.5474105707878901e-09,1.2650335475268634e-10,1.2232170236220792e+01,1.5474286346496323e-09,2.1134377769294083e-12,7.3218556587829858e+02,8.2374018717246145e-10,1.3099357154544577e-09
down,outer,173,3.0581617191944688e-02,3.1157347310692092e-10,2.5466913079680685e-11,1.2234442083030329e+01,3.1158850330110866e-10,4.3217820836214330e-13,7.2097226855087843e+02,7.7332806824870204e-11,3.0182389920696551e-10
down,outer,174,3.0822995147737807e-02,8.0334305165152718e-10,6.5650208763230547e-11,1.2236717396418465e+01,8.0333054447575837e-10,1.1313602723824161e-12,7.1005723294853419e+02,1.5634427086297364e-10,7.8798256808454425e-10
down,outer,175,3.1063480954875496e-02,2.0566701765768167e-10,1.6804239417563078e-11,1.2238995919251616e+01,2.0566262590193256e-10,2.9404273988913509e-13,6.9943106223086795e+02,2.4120261343796301e-11,2.0424772984029005e-10
down,outer,176,3.1303045997951633e-02,1.3735757033988023e-10,1.1220852963867693e-11,1.2241277092052254e+01,1.3747687498586957e-10,1.9950649195507994e-13,6.8908471919211183e+02,1.3562218015295002e-10,2.1765256263961419e-11
down,outer,177,3.1541661771121832e-02,8.9691138857165517e-10,7.3255764035130333e-11,1.2243560631509279e+01,8.9692369965878477e-10,1.3209295094620849e-12,6.7900951052568598e+02,4.7979398232200765e-12,8.9689855542474106e-10
down,outer,178,3.1779299881495283e-02,3.9671876427439828e-10,3.2396190926164137e-11,1.2245845975490786e+01,3.9670693883008262e-10,5.9281033267615082e-13,6.6919707191878774e+02,5.5508486695998727e-11,3.9281622399300886e-10
down,outer,179,3.2015932052513331e-02,5.1835229252407561e-10,4.2320923516222132e-11,1.2248132825489613e+01,5.1828680673026840e-10,7.8571238013788470e-13,6.5963935382985085e+02,3.7258818252894343e-10,3.6037084427675836e-10
down,outer,180,3.2251530127314000e-02,7.7359358304742306e-10,6.3148328266601062e-11,1.2250420625253101e+01,7.7360000648813547e-10,1.1895524769475193e-12,6.5032860801000641e+02,-1.9611334778346645e-10,-7.4832251506506964e-10
down,outer,181,3.2486066072082452e-02,2.2664186590979899e-10,1.8497286167799831e-11,1.2252709065199969e+01,2.2663064454348277e-10,3.5341604402700212e-13,6.4125737462605821e+02,6.5905503277008393e-11,-2.1684787299136588e-10
down,outer,182,3.2719511979386683e-02,2.5887583115358359e-09,2.1124102967499107e-10,1.2254997599277090e+01,2.5887993159719347e-09,4.0934910008401824e-12,6.3241847006395949e+02,-2.5865620756349017e-09,-1.0661249660870453e-10
down,outer,183,3.2951840071498255e-02,4.1652870813118703e-10,3.3982132042955823e-11,1.2257285905565467e+01,4.1654292487165853e-10,6.6774543551237420e-13,6.2380497524784573e+02,3.3848124303403893e-10,2.4274804388824123e-10
down,outer,184,3.3183022703697558e-02,8.9624541280516375e-10,7.3105758223447333e-11,1.2259573453376884e+01,8.9625425796315908e-10,1.4563525630963898e-12,6.1541022460770705e+02,-3.3718805525495554e-10,-8.3039752851732374e-10
down,outer,185,3.3413032367563253e-02,8.7180441237464821e-10,7.1098872284814454e-11,1.2261859919272606e+01,8.7180363529448104e-10,1.4357110161947849e-12,6.0722779546897493e+02,5.5662141562606848e-12,-8.7178664287534957e-10
down,outer,186,3.3641841694245507e-02,2.3645217179166343e-10,1.9279956018357252e-11,1.2264144771208372e+01,2.3642507422297100e-10,3.9453397279508582e-13,5.9925149803453337e+02,-2.2967672208551448e-10,5.6198157238895874e-11
down,outer,187,3.3869423457722612e-02,3.7530275164867863e-10,3.0595929098049458e-11,1.2266427682126011e+01,3.7530554572612398e-10,6.3452439010587885e-13,5.9147536576726270e+02,1.5725110102948747e-10,3.4077007882160615e-10
down,outer,188,3.4095750578040596e-02,1.4800193599978105e-09,1.2063367591066403e-10,1.2268708126691319e+01,1.4800168077449422e-09,2.5347369630960535e-12,5.8389364628082603e+02,-5.9040683453304155e-10,-1.3571577195392592e-09
down,outer,189,3.4320796124535473e-02,2.5054327562912933e-10,2.0417534531261702e-11,1.2270985766940537e+01,2.5050924932732185e-10,4.3453409352228694e-13,5.7650079260000211e+02,8.9223739507815480e-11,2.3411761418401511e-10
down,outer,190,3.4544533319037736e-02,1.3246419584583237e-10,1.0792910358777904e-11,1.2273260079298153e+01,1.3248735341956259e-10,2.3272324269889987e-13,5.6929145487619530e+02,-1.0360956537169841e-10,-8.2533757606029212e-11
down,outer,191,3.4766935539058692e-02,7.3037661105278803e-10,5.9498577110481397e-11,1.2275530718937535e+01,7.3040134903500872e-10,1.2990444550876943e-12,5.6226047243756693e+02,-7.2967409892044088e-10,-3.2026603591361891e-11
down,outer,192,3.4987976320958222e-02,4.3657358174936509e-10,3.5557973152853152e-11,1.2277797158816254e+01,4.3662173241332166e-10,7.8613518033471745e-13,5.5540286624422356e+02,-4.3150283346449214e-10,-6.6346039773179655e-11
down,outer,193,3.5207629363093774e-02,1.3124083232651070e-10,1.0687312810138503e-11,1.2280059043654948e+01,1.3127301176599886e-10,2.3923765757938533e-13,5.4871383165269049e+02,1.2920153835693782e-10,-2.3046009545168999e-11
down,outer,194,3.5425868528949932e-02,2.0455414921656058e-09,1.6654363208593916e-10,1.2282315850479794e+01,2.0455173532524135e-09,3.7727035518251331e-12,5.4218873154315213e+02,-1.9633672465602103e-09,-5.7395910246782478e-10
down,outer,195,3.5642667850248402e-02,2.6280708338317436e-10,2.1393271654749316e-11,1.2284567205261059e+01,2.6283000124015856e-10,4.9051637805087327e-13,5.3582308970914619e+02,-2.6253665907916002e-10,-1.1919132347770756e-11
down,outer,196,3.5858001530038014e-02,1.5686809577575132e-10,1.2767192033950094e-11,1.2286812586402153e+01,1.5689514227952097e-10,2.9624511735394772e-13,5.2961258460866316e+02,-1.3028067513687347e-10,-8.7375884305629370e-11
down,outer,197,3.6071843945764279e-02,9.4785009778787773e-10,7.7129637629913533e-11,1.2289051613802332e+01,9.4786732561283902e-10,1.8104513720221490e-12,5.2355304332429364e+02,8.7895291045470003e-10,3.5476976911752445e-10
down,outer,198,3.6284169652318204e-02,4.4230330665920240e-10,3.5985118820941050e-11,1.2291283762603836e+01,4.4230509238911308e-10,8.5446395171956807e-13,5.1764043585337345e+02,6.4241945096910058e-11,4.3761305690281915e-10
down,outer,199,3.6494953385064040e-02,5.3581602490800851e-10,4.3585280691110659e-11,1.2293508643556578e+01,5.3583267323047861e-10,1.0468122041253104e-12,5.1187086959709904e+02,1.3159251466277055e-11,-5.3565440971681255e-10
down,outer,200,3.6704170062845487e-02,1.0598287716164724e-10,8.6194893648676354e-12,1.2295725729835594e+01,1.0599375834814103e-10,2.0937428105946093e-13,5.0624058414337674e+02,3.8638425792214548e-11,9.8688612837349865e-11
down,outer,201,3.6911794790970114e-02,1.3333612578080738e-10,1.0842156006833522e-11,1.2297934626357449e+01,1.3338876672905175e-10,2.6638012296081672e-13,5.0074594623065263e+02,1.3170975421417097e-10,2.0762058738910127e-11
down,outer,202,3.7117802864171587e-02,1.7547267295460482e-10,1.4265914617684228e-11,1.2300134807836749e+01,1.7544944763739376e-10,3.5416897641216614e-13,4.9538344497236108e+02,-2.5426771799175185e-11,-1.7362067339377063e-10
down,outer,203,3.7322169769549336e-02,2.3958967509789490e-09,1.9475152710044871e-10,1.2302325874667959e+01,2.3958858626297439e-09,4.8880697569174950e-12,4.9014968725418373e+02,-2.0217409968381617e-09,-1.2856455899878938e-09
down,outer,204,3.7524871189485359e-02,4.7191323711679253e-10,3.8352875554831429e-11,1.2304507296776713e+01,4.7192220797886367e-10,9.7295244167863959e-13,4.8504139335387657e+02,2.2138557653761382e-10,4.1676195827733409e-10
down,outer,205,3.7725883004537740e-02,3.5180719454236063e-10,2.8586688890812259e-11,1.2306678674333327e+01,3.5183726935791344e-10,7.3290973224691268e-13,4.8005539274157388e+02,1.4376588808318047e-10,3.2109137571012525e-10
down,outer,206,3.7925181296310687e-02,3.5700425901260806e-10,2.9003892643573000e-11,1.2308839485782507e+01,3.5703797664705310e-10,7.5136053679710534e-13,4.7518862005853032e+02,-1.8969004145219515e-10,3.0243962889642262e-10
down,outer,207,3.8122742350300512e-02,8.4256323313481274e-10,6.8439928851992873e-11,1.2310989319654713e+01,8.4258013757544553e-10,1.7910541629316921e-12,4.7043811126083750e+02,2.4037483115080249e-10,8.0754736231369861e-10
down,outer,208,3.8318542658717467e-02,4.4690164624342587e-10,3.6294730187370763e-11,1.2313127661682723e+01,4.4688411517121418e-10,9.5938848396823762e-13,4.6580099994822240e+02,1.8629808806736037e-10,4.0621928043549360e-10
down,outer,209,3.8512558923282904e-02,8.5194036987618776e-10,6.9177652611393465e-11,1.2315254098920875e+01,8.5193778875213677e-10,1.8469214388203523e-12,4.6127451381812875e+02,2.9294877634811201e-10,-7.9998963009586532e-10
down,outer,210,3.8704768058001555e-02,6.0895520310632196e-10,4.9438743498367993e-11,1.2317368120943929e+01,6.0893589063867521e-10,1.3328837289913551e-12,4.5685597130027287e+02,-1.6396128899032192e-10,-5.8646665301864687e-10
down,outer,211,3.8895147191908556e-02,2.0823768858072787e-10,1.6903137895335079e-11,1.2319469312156368e+01,2.0823372531538041e-10,4.6014152760947843e-13,4.5254277829952377e+02,-5.7295501676435379e-11,2.0020030078171658e-10
down,outer,212,3.9083673671790803e-02,1.6423930988670810e-10,1.3329428062257773e-11,1.2321557168064180e+01,1.6428845790330410e-10,3.6644339936804552e-13,4.4833242510747846e+02,-1.5729373359363308e-10,-4.7257087132379638e-11
down,outer,213,3.9270325064882511e-02,2.2134353518552990e-09,1.7960902128435596e-10,1.2323631274350085e+01,2.2134668944516658e-09,4.9827889786999783e-12,4.4422248341513443e+02,-1.2577281438552745e-09,1.8213774932718252e-09
down,outer,214,3.9455079161534484e-02,5.6182976330248114e-10,4.5582008947453082e-11,1.2325691128492345e+01,5.6182106485525396e-10,1.2762551843029450e-12,4.4021060346337003e+02,-2.6052493495853923e-10,4.9777448829502191e-10
down,outer,215,3.9637913977856806e-02,4.9039916289012487e-10,3.9780146993543278e-11,1.2327736319569700e+01,4.9037925228912007e-10,1.1239638353783534e-12,4.3629451131232042e+02,-3.0472691037175537e-10,-3.8423020320976775e-10
down,outer,216,3.9818807758334761e-02,2.8389870755952981e-10,2.3025473432340808e-11,1.2329766351764787e+01,2.8392373780450239e-10,6.5651356324613785e-13,4.3247200621513230e+02,2.2127899512724980e-10,1.7785972694639440e-10
down,outer,217,3.9997738978417428e-02,1.1949207564321677e-09,9.6897664212233341e-11,1.2331780813776405e+01,1.1949036583343823e-09,2.7870060831820934e-12,4.2874095810013034e+02,-1.0246168358207797e-09,6.1481375546179606e-10
down,outer,218,4.0174686347079012e-02,7.3104400115608647e-10,5.9271695112933788e-11,1.2333779213892669e+01,7.3104403239069647e-10,1.7197017814867096e-12,4.2509930515900101e+02,6.2346483531428021e-10,3.8172887073528727e-10
down,outer,219,4.0349628809352160e-02,1.7514782011493477e-10,1.4198379658478012e-11,1.2335761145135464e+01,1.7513327871361633e-10,4.1545566262667945e-13,4.2154505153775642e+02,1.1484946327300349e-10,1.3223599992784330e-10
down,outer,220,4.0522545548833326e-02,3.5598709333073522e-10,2.8853541547007390e-11,1.2337726124565020e+01,3.5597478419794823e-10,8.5145896552148347e-13,4.1807626510800594e+02,1.4119549973656831e-10,-3.2678837413868678e-10
down,outer,221,4.0693415990159749e-02,7.6213616023171797e-10,6.1763072192233858e-11,1.2339673743229850e+01,7.6212218720985061e-10,1.8378070629779457e-12,4.1469107533786661e+02,-5.5815263522163150e-10,5.1895776564947482e-10
down,outer,222,4.0862219801457648e-02,2.9093316068963863e-10,2.3573367923132482e-11,1.2341603526416211e+01,2.9092724589634462e-10,7.0718513516657596e-13,4.1138767124653623e+02,-2.8916957717228797e-10,3.1985303294845835e-11
down,outer,223,4.1028936896761591e-02,6.8393373067433558e-11,5.5408344131244673e-12,1.2343515067952854e+01,6.8361342825400749e-11,1.6748486557793110e-13,4.0816429943989215e+02,6.3238303482648917e-11,2.6049384871384973e-11
down,outer,224,4.1193547438404435e-02,2.2691084732677168e-10,1.8380182260223628e-11,1.2345407902609715e+01,2.2691512793842918e-10,5.6025762006935360e-13,4.0501926222857912e+02,-6.1483262925321469e-11,2.1842239128488927e-10
down,outer,225,4.1356031839377895e-02,3.1015225563101062e-09,2.5119071950997892e-10,1.2347281628718349e+01,3.1015491790799257e-09,7.7162386179073005e-12,4.0195091581046626e+02,-2.1390116344832677e-09,-2.2459010207143137e-09
down,outer,226,4.1516370765663148e-02,1.9908558725499329e-10,1.6121418597357012e-11,1.2349135781861770e+01,1.9907979878308268e-10,4.9899980494933087e-13,3.9895766853716009e+02,-4.1372238968051533e-11,1.9473933576819036e-10
down,outer,227,4.1674545138531388e-02,2.8856073941043294e-10,2.3363407096893888e-11,1.2350969968279859e+01,2.8854422248975771e-10,7.2857715070432458e-13,3.9603797924601179e+02,2.5041391182867301e-10,-1.4338819021020299e-10
down,outer,228,4.1830536136814048e-02,1.6551817981004619e-10,1.3399261520108541e-11,1.2352783738241822e+01,1.6552815528510933e-10,4.2098732307169233e-13,3.9319035565572267e+02,-9.9450225832242722e-11,-1.3230994078128333e-10
down,outer,229,4.1984325199142282e-02,3.9885904283050015e-10,3.2284314767103525e-11,1.2354576694838887e+01,3.9887193891068921e-10,1.0216657192405940e-12,3.9041335282069701e+02,1.9721824173757341e-10,3.4668934389969763e-10
down,outer,230,4.2135894026155626e-02,2.9609545995263047e-09,2.3963022920808088e-10,1.2356348401082506e+01,2.9609685476343419e-09,7.6371575857037353e-12,3.8770557166151497e+02,-1.0928138394206144e-09,-2.7519102552275854e-09
down,outer,231,4.2285224582679373e-02,3.7151884825453498e-10,3.0062784286195647e-11,1.2358098462128492e+01,3.7152723390390721e-10,9.6484125923524240e-13,3.8506565753457630e+02,1.0210765566398550e-10,3.5721181568248994e-10
down,outer,232,4.2432299099870667e-02,5.0808023612024107e-10,4.1107392415174733e-11,1.2359826451377735e+01,5.0808397810910608e-10,1.3283508703438316e-12,3.8249229887401145e+02,-1.8836399107158286e-10,-4.7187342921972686e-10
down,outer,233,4.2577100077332737e-02,1.2297248860180823e-10,9.9479974462356296e-12,1.2361531983338176e+01,1.2296943536267807e-10,3.2361721089870132e-13,3.7998422587348102e+02,7.1282535429872951e-11,1.0020495544438290e-10
down,outer,234,4.2719610285197329e-02,1.9057962840109796e-10,1.5415054578360495e-11,1.2363214637503251e+01,1.9062834609448562e-10,5.0492196972227696e-13,3.7754020923141297e+02,1.5597301228353899e-10,-1.0951262119363037e-10
down,outer,235,4.2859812766174843e-02,1.1067423183841397e-10,8.9506962631402940e-12,1.2364874037138271e+01,1.1069345488344016e-10,2.9505739564922826e-13,3.7515905893453817e+02,8.3221429747482034e-11,-7.2958750152452012e-11
down,outer,236,4.2997690837572121e-02,2.4371559069598896e-09,1.9707710191338362e-10,1.2366509773575988e+01,2.4371763476546970e-09,6.5367954387080128e-12,3.7283962310076527e+02,-2.4251463059954403e-09,-2.4164914513846725e-10
down,outer,237,4.3133228093277486e-02,4.0103689995114008e-10,3.2425045382549844e-11,1.2368121469676208e+01,4.0103426831452128e-10,1.0821777127974726e-12,3.7058078684491818e+02,2.9252067434981655e-10,2.7433966209855498e-10
down,outer,238,4.3266408405712914e-02,4.5321066934977174e-10,3.6638750281712847e-11,1.2369708733651281e+01,4.5319246316770911e-10,1.2302259982091924e-12,3.6838147123163503e+02,5.7696070143720135e-12,-4.5317394281596535e-10
down,outer,239,4.3397215927753079e-02,5.6024830223201193e-10,4.5286235595286102e-11,1.2371271201228499e+01,5.6024606350492042e-10,1.5297212112065407e-12,3.6624063221496169e+02,-3.6431213601417767e-10,-4.2562287028147239e-10
down,outer,240,4.3525635094610958e-02,3.0468543274527625e-10,2.4625406041042677e-11,1.2372808482323626e+01,3.0469372569388915e-10,8.3670918980943295e-13,3.6415725966065406e+02,1.5930012864373566e-10,2.5972424211317957e-10
down,outer,241,4.3651650625689951e-02,3.3239718037741973e-10,2.6861853766689465e-11,1.2374320226164546e+01,3.3240405319308235e-10,9.1791264932844565e-13,3.6213037638850778e+02,-5.4805049387596227e-11,-3.2784797099338903e-10
down,outer,242,4.3775247526402022e-02,3.0595125227484552e-09,2.4721723256273775e-10,1.2375806051352125e+01,3.0595120355255690e-09,8.4948917534934060e-12,3.6015903725522901e+02,3.0560736163920410e-09,1.4502044010100690e-10
down,outer,243,4.3896411089952007e-02,6.3151030473371623e-10,5.1021794626405987e-11,1.2377265624578449e+01,6.3150099478662962e-10,1.7627760455074369e-12,3.5824232828444423e+02,-3.4404479265504051e-10,-5.2956439233753372e-10
down,outer,244,4.4015126899087514e-02,3.4960278158222190e-11,2.8242288928316453e-12,1.2378698570415835e+01,3.4967681435619815e-11,9.8119265006852301e-14,3.5637936579710208e+02,3.0945912499191763e-11,-1.6265655489178243e-11
down,outer,245,4.4131380827814454e-02,4.1505752916563674e-10,3.3526173155696000e-11,1.2380104560043403e+01,4.1508090162711933e-10,1.1706622844961656e-12,3.5456929562377042e+02,-3.1642155562394692e-10,-2.6860780266702022e-10
down,outer,246,4.4245159043077874e-02,2.5421637749519808e-10,2.0531980908797611e-11,1.2381483239460376e+01,2.5421846894723647e-10,7.2055082840903866e-13,3.5281129231166881e+02,2.5329249808692111e-10,2.1653567827684128e-11
down,outer,247,4.4356448006407978e-02,3.0955872704905715e-10,2.4999020406861949e-11,1.2382834287542195e+01,3.0956426759780584e-10,8.8168683718595283e-13,3.5110455837792773e+02,6.2638783049351332e-11,-3.0315505661349107e-10
down,outer,248,4.4465234475531058e-02,5.0167907101004518e-10,4.0509746144151382e-11,1.2384157363634218e+01,5.0168889610901427e-10,1.4356597592337903e-12,3.4944832358940323e+02,5.0126391926141878e-10,-2.0405233058795602e-11
down,outer,249,4.4571505505945179e-02,3.1912201898463532e-10,2.5765875554743688e-11,1.2385452157704094e+01,3.1912564876715918e-10,9.1744467786713791e-13,3.4784184427235209e+02,-1.5651213658429697e-10,2.7810576064268844e-10
down,outer,250,4.4675248452460466e-02,2.7430230717123134e-10,2.2144873209769057e-11,1.2386718342113820e+01,2.7428212137613276e-10,7.9207183251617151e-13,3.4628440264669155e+02,1.1615597372838238e-10,-2.4849455826370104e-10
down,outer,251,4.4776450970703735e-02,3.0750096911439252e-10,2.4822575943826344e-11,1.2387955617912874e+01,3.0749863713800881e-10,8.9188126763717354e-13,3.4477530619367423e+02,2.3278090566236642e-10,-2.0092261188153770e-10
down,outer,252,4.4875101018587389e-02,6.1973421525260571e-10,5.0022280080350454e-11,1.2389163673809566e+01,6.1975046544378267e-10,1.8052006890300842e-12,3.4331388704309006e+02,-3.6166003525295309e-10,-5.0326187661653421e-10
down,outer,253,4.4971186857742249e-02,3.0381300267772823e-10,2.4520146197046154e-11,1.2390342220485104e+01,3.0380535420504820e-10,8.8858086360019043e-13,3.4189950138487666e+02,-1.3368151030590525e-10,-2.7282154313468254e-10
down,outer,254,4.5064697054914338e-02,4.3819797648868943e-10,3.5362812905887962e-11,1.2391490961278388e+01,4.3821585279182259e-10,1.2868583833929508e-12,3.4053152891339596e+02,5.8228977195540210e-12,4.3815928663093473e-10
down,outer,255,4.5155620483325339e-02,1.3504222918579357e-10,1.0896996945133961e-11,1.2392609621322919e+01,1.3505157534870008e-10,3.9813633225878201e-13,3.3920937228335845e+02,3.0597746558669314e-12,1.3500756068651754e-10
down,outer,256,4.5243946323996510e-02,6.7229985532501190e-10,5.4245299492436426e-11,1.2393697916973480e+01,6.7233471994261644e-10,1.9895535537203581e-12,3.3793245659830905e+02,6.6477667814979213e-10,1.0029488350937754e-10
down,outer,257,4.5329664067036111e-02,4.0751884753841307e-10,3.2878328631304642e-11,1.2394755588348239e+01,4.0750963732310795e-10,1.2103040102921593e-12,3.3670022891582244e+02,1.3421086464404652e-10,-3.8478442654366063e-10
down,outer,258,4.5412763512889927e-02,3.9705208758602697e-10,3.2031224481577419e-11,1.2395782365872066e+01,3.9706156090929772e-10,1.1834490992667285e-12,3.3551215777283471e+02,1.4389112124035819e-10,-3.7006175901410643e-10
down,outer,259,4.5493234773554908e-02,1.0743201154768401e-10,8.6661236918558987e-12,1.2396778002216220e+01,1.0743465282437574e-10,3.2130687954042582e-13,3.3436773273588949e+02,-1.0660805571660603e-10,-1.3280043731356272e-11
down,outer,260,4.5571068273755781e-02,7.2925672270532189e-10,5.8821736116813300e-11,1.2397742243736241e+01,7.2925977245275971e-10,2.1882182916697690e-12,3.3326646396703035e+02,6.7717476071038618e-10,2.7064683827404679e-10
down,outer,261,4.5646254752084371e-02,8.5602499179113131e-10,6.9041651755650781e-11,1.2398674858196294e+01,8.5601846268450743e-10,2.5767554279910893e-12,3.3220788181355783e+02,8.3989615262680672e-10,-1.6538814762157017e-10
down,outer,262,4.5718785262101665e-02,7.6709705991049389e-10,6.1864783451486922e-11,1.2399575608504886e+01,7.6711815956041265e-10,2.3162372078428716e-12,3.3119153641212563e+02,7.1520744882036524e-10,2.7733770835425275e-10
down,outer,263,4.5788651173402264e-02,8.7831754467955669e-10,7.0829522331347239e-11,1.2400444274785642e+01,8.7831175725445967e-10,2.6598017800669872e-12,3.3021699731035574e+02,8.6780715946588316e-10,-1.3547118982160100e-10
down,outer,264,4.5855844172641436e-02,1.0385664972636499e-09,8.3746713548064054e-11,1.2401280638524330e+01,1.0385947850686313e-09,3.1541017734133168e-12,3.2928385311571009e+02,-9.8910568624432926e-10,3.1668645483762248e-10
down,outer,265,4.5920356264524211e-02,7.8167685711270478e-10,6.3027860975317888e-11,1.2402084491155657e+01,7.8164052902856383e-10,2.3802078508958548e-12,3.2839171114168562e+02,-6.7792438329661309e-10,3.8914937938727689e-10
down,outer,266,4.5982179772756773e-02,8.3130835379666584e-10,6.7025560777281494e-11,1.2402855629347307e+01,8.3133787412949600e-10,2.5381247294137735e-12,3.2754019709721229e+02,8.3116358240431509e-10,-1.5513812456902087e-11
down,outer,267,4.6041307340959930e-02,7.5791065715332086e-10,6.1104117505528671e-11,1.2403593867217630e+01,7.5792426144929949e-10,2.3197339885938778e-12,3.2672895477499139e+02,1.0938361327816892e-10,7.4997585919334142e-10
down,outer,268,4.6097731933544342e-02,2.6412553968716168e-09,2.1293064551917775e-10,1.2404299016853965e+01,2.6412260192746185e-09,8.1029730509173436e-12,3.2595764575270346e+02,-2.6357742655136462e-09,1.7007084629483415e-10
down,outer,269,4.6151446836547760e-02,5.2576367873163527e-10,4.2383306101076381e-11,1.2404970897687541e+01,5.2575721251362521e-10,1.6165906009134176e-12,3.2522594911572423e+02,-3.5155878208570357e-10,3.9093972503678742e-10
down,outer,270,4.6202445658433886e-02,1.5264983932101301e-09,1.2304904583977926e-10,1.2405609347005957e+01,1.5265214874995302e-09,4.7037399823559268e-12,3.2453356121418790e+02,-1.4708065876334331e-09,4.0856495964192163e-10
down,outer,271,4.6250722330852916e-02,2.2689223832896157e-09,1.8288595915464865e-10,1.2406214199150252e+01,2.2689178054209672e-09,7.0054231093308175e-12,3.2388019538732789e+02,2.2679147448911863e-09,6.7612804244276958e-11
down,outer,272,4.6296271109363629e-02,1.3726605032340251e-10,1.1063788635469942e-11,1.2406785310714863e+01,1.3726583460290521e-10,4.2462248487269816e-13,3.2326558176507660e+02,3.3339553340283601e-11,-1.3315570868144277e-10
down,outer,273,4.6339086574116867e-02,4.1221228473151910e-10,3.3223306933822467e-11,1.2407322532720933e+01,4.1223998495481226e-10,1.2775129872355342e-12,3.2268946701424636e+02,-3.7289460408373998e-10,1.7569457000377042e-10
down,outer,274,4.6379163630500500e-02,5.5322914912410538e-09,4.4587114693232065e-10,1.2407825734641690e+01,5.5322914666724355e-09,1.7172943494341070e-11,3.2215161416535659e+02,-5.4983217978588073e-09,6.1213278890193124e-10
down,outer,275,4.6416497509745587e-02,5.0491549847519362e-09,4.0691771733986108e-10,1.2408294772121803e+01,5.0491508701600678e-09,1.5697567471257809e-11,3.2165180238307909e+02,4.6235877348976828e-09,-2.0288919433397723e-09
down,outer,276,4.6451083769493876e-02,3.2554616142722036e-09,2.6235253165921753e-10,1.2408729558214752e+01,3.2554768887787009e-09,1.0135678706006406e-11,3.2118982686867378e+02,-3.2462548205103303e-09,2.4466295656111470e-10
down,outer,277,4.6482918294326304e-02,4.5723937066426906e-09,3.6847012814123984e-10,1.2409129960434749e+01,4.5724042884458793e-09,1.4254663636326257e-11,3.2076549858347198e+02,-4.2266687927394742e-09,1.7441488253666648e-09
down,outer,278,4.6511997296252786e-02,8.6501852408803139e-09,6.9706177591343044e-10,1.2409495886566299e+01,8.6502215042723242e-09,2.6999994104166289e-11,3.2037864419153834e+02,-8.3622300195429489e-09,2.2133264110379969e-09
down,outer,279,4.6538317315162885e-02,7.8323470835883711e-09,6.3114070348145841e-10,1.2409827222969579e+01,7.8323279114219619e-09,2.4473798689342469e-11,3.2002910585485375e+02,7.4355357426725277e-09,-2.4613957538832665e-09
down,outer,280,4.6561875219237568e-02,4.1394757677025290e-10,3.3355636025975613e-11,1.2410123927719212e+01,4.1391505012177239e-10,1.2946305174946627e-12,3.1971674120796308e+02,-4.0586645155826773e-10,8.1394224693553952e-11
down,outer,281,4.6582668205321816e-02,2.7412406734557073e-09,2.2088279091136890e-10,1.2410385898083177e+01,2.7412130560339650e-09,8.5812698598441219e-12,3.1944142310002576e+02,-2.2543060751445410e-09,-1.5596488545099874e-09
down,outer,282,4.6600693799258235e-02,2.2321479612176508e-09,1.7985799319974014e-10,1.2410613070383551e+01,2.2321579590921915e-09,6.9929094717515309e-12,3.1920303960879068e+02,-1.8336683282882404e-09,-1.2728491594060642e-09
down,outer,283,4.6615949856181414e-02,2.5453809465008197e-08,2.0509393804002728e-09,1.2410805364730228e+01,2.5453808750319065e-08,7.9792130251384484e-11,3.1900149388325690e+02,2.4795498099194901e-08,-5.7514946139036738e-09
down,outer,284,4.6628434560773133e-02,4.6656729980202005e-09,3.7593159117868379e-10,1.2410962812121216e+01,4.6656630505859296e-09,1.4633393800217342e-11,3.1883670420436806e+02,-3.9157512787824089e-09,2.5368083189647450e-09
down,outer,285,4.6638146427478391e-02,3.9964110274901573e-08,3.2200335005076875e-09,1.2411085247591560e+01,3.9964114338175756e-08,1.2539389864677845e-10,3.1870860360399593e+02,3.9763700776518363e-08,-3.9972753995698440e-09
down,outer,286,4.6645084300682184e-02,1.9442831097689044e-07,1.5665587072297822e-08,1.2411172979320192e+01,1.9442829537020849e-07,6.1022547333290503e-10,3.1861714049445987e+02,-1.8847417670997402e-07,4.7747804376996328e-08
down,outer,287,4.6649247354846983e-02,2.9174340347061781e-07,2.3506414797328275e-08,1.2411225020319865e+01,2.9174343556267267e-07,9.1581287797085552e-10,3.1856227683659739e+02,2.8879315649987802e-07,-4.1385096682944322e-08
down,outer,288,4.6650635094610968e-02,2.2209865011049159e-07,1.7894956750970284e-08,1.2411242631164736e+01,2.2209859989056706e-07,6.9723054184294497e-10,3.1854399163798536e+02,1.8765705789292042e-07,-1.1879662875635688e-07
up,outer,0,0.0000000000000000e+00,1.1294762591462745e-09,1.0420897917742256e-10,1.0838569459770522e+01,,,,3.8280489889075398e-13,-1.1294761942756791e-09
up,outer,2,5.5507939287790394e-06,8.5362113654254894e-12,7.0907047058621393e-13,1.2038593792191485e+01,5.8207660913467407e-11,2.8613821127729425e-21,2.0342498351979572e+10,-6.7590377739179530e-13,8.5094100006361667e-12
up,outer,3,1.2488667132574611e-05,2.8072152531902719e-07,2.3318426011210436e-08,1.2038613806269304e+01,3.6400767629642265e-07,9.0577350579237273e-17,4.0187494331487198e+09,5.6220522459682343e-08,-2.7503422992747936e-07
up,outer,4,2.2200533837838956e-05,3.0003080434351429e-07,2.4922304296797027e-08,1.2038646217078483e+01,2.9802322387695312e-07,2.3433749417083470e-16,1.2717692699218283e+09,3.4828484984927854e-08,-2.9800244997092024e-07
up,outer,5,3.4685238429556661e-05,2.8836098724121173e-08,2.3952856681029161e-09,1.2038688791120091e+01,4.0170943509320674e-08,7.7099355337094073e-17,5.2102826714549208e+08,1.0313095266667460e-08,2.6928807170907218e-08
up,outer,6,4.9941295352730264e-05,1.3592882802810504e-07,1.1290950147234841e-08,1.2038741315441385e+01,1.3850354845992196e-07,5.5107527216580434e-16,2.5133326689761141e+08,3.5951690513513768e-08,-1.3108822311067719e-07
up,outer,7,6.7966889289151046e-05,1.9785495743328530e-08,1.6434769462354399e-09,1.2038803336213100e+01,2.4170140097667315e-08,1.7810742041646360e-16,1.3570540767560920e+08,5.4185704811970936e-09,-1.9029055040899190e-08
up,outer,8,8.8759875373402679e-05,1.0346145606258180e-07,8.5939472385900704e-09,1.2038874941889421e+01,1.0470622903799035e-07,1.3157947786561636e-15,7.9576413234386012e+07,1.5511459672268302e-08,-1.0229206963115536e-07
up,outer,9,1.1231777944807705e-04,8.9546927966271887e-09,7.4380973989782429e-10,1.2038956088229334e+01,1.1842186119739267e-08,2.3827691258374825e-16,4.9699259535172299e+07,8.0517335021568215e-09,3.9186873685218004e-09
up,outer,10,1.3863779835817646e-04,3.5042955172597932e-08,2.9107748424786160e-09,1.2039047012910746e+01,3.4488726769818804e-08,1.0572091383414513e-15,3.2622425893825211e+07,1.1197044180732973e-08,-3.3205946889727778e-08
up,outer,11,1.6771680028465798e-04,6.8526849595976169e-09,5.6920018396402220e-10,1.2039147478614940e+01,8.8739311828451974e-09,3.9806464122573686e-16,2.2292688834457204e+07,-4.8759236648265869e-09,4.8150451265049909e-09
up,outer,12,1.9955132511709163e-04,3.1059459240878751e-08,2.5798483306335233e-09,1.2039257840111709e+01,3.1190922468748807e-08,1.9805345744096641e-15,1.5748739189794682e+07,-6.8682339815495652e-09,3.0290549191298866e-08
up,outer,13,2.3413758486537541e-04,6.7852023751913315e-09,5.6358413900514829e-10,1.2039377806424302e+01,7.7136346978660674e-09,6.7422288399335857e-16,1.1440778533322595e+07,-6.4843383995594195e-09,-1.9980807772213005e-09
up,outer,14,2.7147146411047343e-04,2.2757970709311771e-08,1.8902741829733664e-09,1.2039507767869898e+01,2.2829872813417438e-08,2.6823028287785677e-15,8.5112958046625219e+06,4.2952557066655572e-09,-2.2348959913612299e-08
up,outer,15,3.1154852049410456e-04,9.5024399857015339e-09,7.8926231789879707e-10,1.2039647364642056e+01,9.6078849829454669e-09,1.4865706236327186e-15,6.4631204398932420e+06,-3.9428158515875111e-09,8.6458411298340199e-09
up,outer,16,3.5436398524734314e-04,2.6940752091941138e-08,2.2376417091307950e-09,1.2039797069391501e+01,2.6941852234802175e-08,5.3923742425979269e-15,4.9962875391642302e+06,1.8596431061723706e-09,-2.6876492531524576e-08
up,outer,17,3.9991276375804839e-04,2.8100854604663761e-08,2.3339664582165050e-09,1.2039956489407718e+01,2.8091395953952361e-08,7.1598014476448548e-15,3.9234881245474685e+06,-3.1180587001244930e-09,2.7927329615540231e-08
up,outer,18,4.4818943617708381e-04,6.3278342984397485e-09,5.2556212643599655e-10,1.2040126143317821e+01,6.3473926661414974e-09,2.0316836719999632e-15,3.1242032180596329e+06,-7.7779649387821337e-10,6.2798502786787225e-09
up,outer,19,4.9918825806320787e-04,2.5158489934485379e-09,2.0895225397991454e-10,1.2040305598667402e+01,2.4190654951391809e-09,9.6039719131374440e-16,2.5188177527155178e+06,-9.8451558017131902e-10,2.3152160223693929e-09
up,outer,20,5.5290316106662259e-04,4.2955540185360614e-09,3.5675890969911385e-10,1.2040495420727908e+01,4.4058610308699406e-09,2.1455428774393244e-15,2.0534947482048341e+06,-3.5942955278756017e-09,2.3521955667960004e-09
up,outer,21,6.0932775365103459e-04,1.2358983245405570e-08,1.0264343630109752e-09,1.2040695139191691e+01,1.2374907444178522e-08,7.3178341638822394e-15,1.6910614762569882e+06,-6.1385838634464562e-09,1.0726707556918402e-08
up,outer,22,6.6845532185418857e-04,6.3656241918508415e-09,5.2866657317446671e-10,1.2040905392651151e+01,6.3670834174140885e-09,4.5305521780782077e-15,1.4053658731097342e+06,1.8393997436305654e-10,-6.3629660880526462e-09
up,outer,23,7.3027883008676300e-04,1.2170042230104219e-08,1.0107063574832366e-09,1.2041125634560055e+01,1.2181108951793229e-08,1.0343176819232171e-14,1.1776951283616843e+06,-1.4232925948931552e-09,1.2086528288629550e-08
up,outer,24,7.9479092196953010e-04,1.6576290231871251e-08,1.3766131847703648e-09,1.2041356580960228e+01,1.6580794840672493e-08,1.6673296012867025e-14,9.9445213639084029e+05,4.5249217706100353e-09,-1.5946738877309352e-08
up,outer,25,8.6198392120869784e-04,2.5649256332215731e-08,2.1300542602767482e-09,1.2041597629951099e+01,2.5655849506529755e-08,3.0339780302074785e-14,8.4561751110555278e+05,6.4933587395898940e-09,-2.4813718840083210e-08
up,outer,26,9.3184983250930618e-04,1.6846524482325060e-08,1.3989980869811713e-09,1.2041849548684763e+01,1.6834949539609263e-08,2.3261919524085336e-14,7.2371282697364665e+05,-3.7188270241017563e-09,1.6430937669481560e-08
up,outer,27,1.0043803425265924e-03,3.7276255566904652e-09,3.0954915961820942e-10,1.2042111699763714e+01,3.7284724206427963e-09,5.9838427777714625e-15,6.2308997062776703e+05,8.5620399659092072e-11,3.7266421129555916e-09
up,outer,28,1.0795668208551862e-03,1.6648583134272068e-08,1.3824988351077916e-09,1.2042384927560537e+01,1.6647738340420699e-08,3.0861349349904389e-14,5.3943650200350932e+05,-4.6025210309608156e-09,1.5999753764928126e-08
up,outer,29,1.1574003210560585e-03,3.4154475793336748e-09,2.8361218930076024e-10,1.2042668503615403e+01,3.4091393857707463e-09,7.2623501837542823e-15,4.6942646657233860e+05,5.9120530693235196e-10,3.3638903745858428e-09
up,outer,30,1.2378715817210411e-03,6.4384044554583823e-09,5.3461961605898940e-10,1.2042963374445236e+01,6.4398790487546188e-09,1.5689012304713117e-14,4.1047064809937222e+05,1.2998500054095530e-09,-6.3058260280079992e-09
up,outer,31,1.3209710275748534e-03,1.6647770160870857e-09,1.3823298776139506e-10,1.2043268709207597e+01,1.6747187497558674e-09,4.6450835387439097e-15,3.6053576556531270e+05,-1.0915668369193554e-09,1.2569663296324585e-09
up,outer,32,1.4066887706144561e-03,3.4290925498583865e-09,2.8472355929268485e-10,1.2043585569023499e+01,3.4270292662288428e-09,1.0776411551457351e-14,3.1801209984091483e+05,-9.3848218085668123e-10,-3.2981702369205834e-09
up,outer,33,1.4950146112856350e-03,1.0996910479413325e-08,9.1306790843223644e-10,1.2043913029749705e+01,1.1004606274652964e-08,3.9076699182715304e-14,2.8161555363715580e+05,-2.6746214132344903e-09,1.0666697726480212e-08
up,outer,34,1.5859380396966271e-03,2.5881267309018795e-09,2.1488479956894041e-10,1.2044252250944087e+01,2.5884065818659083e-09,1.0340618916948097e-14,2.5031447369398311e+05,-1.3535217391336118e-09,2.2059870527502135e-09
up,outer,35,1.6794482368687204e-03,9.1554791623652379e-10,7.6013130178205156e-11,1.2044602216618546e+01,9.1428558683166515e-10,4.0948953617611647e-15,2.2327446883488668e+05,2.3804513915592906e-10,-8.8406023474041362e-10
up,outer,36,1.7755340760235801e-03,4.2935072224221172e-09,3.5645662001438438e-10,1.2044964187364112e+01,4.2937976026645930e-09,2.1488710549777420e-14,1.9981643815799215e+05,5.0603254919678875e-10,-4.2635824523684640e-09
up,outer,37,1.8741841239072296e-03,8.6862175387691784e-09,7.2112698116523533e-10,1.2045337042768146e+01,8.6855737267426439e-09,4.8418783312069785e-14,1.7938438623627109e+05,-1.2979386454503583e-09,8.5886978293259197e-09
up,outer,38,1.9753866421505046e-03,1.3934346500572916e-08,1.1567879706923625e-09,1.2045722166554784e+01,1.3934040553156480e-08,8.6267909559291312e-14,1.6152055410105555e+05,1.5327561442290971e-09,-1.3849789565201220e-08
up,outer,39,2.0791295886657922e-03,3.0384873526936172e-09,2.5223788029141802e-10,1.2046118327600759e+01,3.0394357895232752e-09,2.0840026243407388e-14,1.4584606343692978e+05,-1.6350831799627485e-10,-3.0340847750887079e-09
up,outer,40,2.1854006190799116e-03,1.0881914406206757e-08,9.0332378718888063e-10,1.2046527015601994e+01,1.0882732991609119e-08,8.2416382812263895e-14,1.3204574891862064e+05,-1.8584396244136769e-09,1.0722045667987956e-08
up,outer,41,2.2941870882029858e-03,1.9633418778010959e-09,1.6297422858855306e-10,1.2046946899548001e+01,1.9630878513989835e-09,1.6378693235346513e-14,1.1985619506948729e+05,1.5574528333672788e-09,-1.1954296302851830e-09
up,outer,42,2.4054760515330948e-03,3.4910714139115658e-09,2.8977848562728040e-10,1.2047379591878538e+01,3.4907169173965578e-09,3.2008409838842126e-14,1.0905624287403937e+05,8.2314599580968206e-11,-3.4901008472143502e-09
up,outer,43,2.5192542667965144e-03,2.2093925454663194e-09,1.8338520002700767e-10,1.2047823625575759e+01,2.2114587749861867e-09,2.2234786331032248e-14,9.9459412025009544e+04,-1.3717427194137599e-09,-1.7319749801014694e-09
up,outer,44,2.6355081955234515e-03,1.7024658037096415e-09,1.4130362974391903e-10,1.2048280761046104e+01,1.7036233120253881e-09,1.8740118642279368e-14,9.0907818917531447e+04,-1.4611973853106974e-09,8.7366584800019353e-10
up,outer,45,2.7542240046589594e-03,4.7334451735935284e-09,3.9285779946852782e-10,1.2048749394811821e+01,4.7336397176068021e-09,5.6848744611556204e-14,8.3267269135870214e+04,4.0483882912667468e-10,-4.7161010097163114e-09
up,outer,46,2.8753875682089466e-03,3.9069090874441618e-10,3.2424550158293088e-11,1.2049231426098624e+01,3.9003316371961926e-10,5.1035911377261143e-15,7.6423277882992217e+04,-3.6453950968962090e-10,-1.4053587460427508e-10
up,outer,47,2.9989844689210189e-03,1.0275573702244135e-08,8.5276415928978374e-10,1.2049725108993846e+01,1.0274400227490598e-08,1.4619689647064590e-13,7.0277827201027758e+04,3.2345264244781902e-09,-9.7532176085435296e-09
up,outer,48,3.1249999999999989e-03,3.7229955913002635e-09,3.0895632858448829e-10,1.2050232498416552e+01,3.7236535881395878e-09,5.7511084279324167e-14,6.4746711608744270e+04,5.6719873242627727e-10,-3.6795355373708816e-09
up,outer,49,3.2534191668578821e-03,1.8704912394696506e-09,1.5521780622269950e-10,1.2050751682355017e+01,1.8619133823929725e-09,3.1157894468221288e-14,5.9757355693337508e+04,-1.8023884607032414e-09,-5.0013329588871613e-10
up,outer,50,3.3842266888980460e-03,1.4647083892625541e-09,1.2153960358284150e-10,1.2051284898787806e+01,1.4661705273518950e-09,2.6538458191407818e-14,5.5247012346278178e+04,-1.4646435175791339e-09,1.3785209085348527e-11
up,outer,51,3.5174070013334765e-03,2.9899455587918937e-09,2.4809058403170469e-10,1.2051830062239663e+01,2.9899504797889590e-09,5.8441679232520938e-14,5.1161269132820307e+04,6.2561156255469541e-10,-2.9237620657873720e-09
up,outer,52,3.6529442570388385e-03,4.2307211937875423e-09,3.5102758392036926e-10,1.2052389577302515e+01,4.2312385136967170e-09,8.9167299471544737e-14,4.7452805442952762e+04,-1.9591839262034227e-09,3.7497466798264156e-09
up,outer,53,3.7908223284361165e-03,4.8439823366432396e-09,4.0189147407191850e-10,1.2052961182690851e+01,4.8436959127391225e-09,1.0988332516242186e-13,4.4080354372053349e+04,2.6089583826660601e-09,-4.0813601942524258e-09
up,outer,54,3.9310248094136377e-03,2.3220026764453208e-09,1.9264060471235332e-10,1.2053547485030395e+01,2.3209855767554622e-09,5.6598591733233578e-14,4.1007832627620402e+04,1.4057492947472383e-09,1.8481248198476408e-09
up,outer,55,4.0735350172782306e-03,7.3782999550503765e-09,6.1209644859981586e-10,1.2054145995991973e+01,7.3781399524962515e-09,1.9312678066275658e-13,3.8203608671860828e+04,7.7911188611778925e-10,7.3370494679814158e-09
up,outer,56,4.2183359947403050e-03,1.3192226534281762e-09,1.0943583294400148e-10,1.2054759560364701e+01,1.3178199316153481e-09,3.6975986988193044e-14,3.5639885205394159e+04,9.3695895486689551e-10,9.2868526757605707e-10
up,outer,57,4.3654105119315945e-03,1.8035621730143591e-09,1.4960634637686068e-10,1.2055385461196668e+01,1.8004389492336332e-09,5.4079941430955021e-14,3.3292176389138491e+04,1.4373471302064900e-09,1.0894355140234069e-09
up,outer,58,4.5147410684553465e-03,4.8669908629460005e-09,4.0369774843019211e-10,1.2056026772186982e+01,4.8670453073286509e-09,1.5630131231305236e-13,3.1138864001221922e+04,2.5625634947346043e-10,-4.8602399882469172e-09
up,outer,59,4.6663098954686788e-03,4.0007151396941854e-10,3.3182559075638383e-11,1.2056680530801460e+01,4.0066348604867394e-10,1.3739788317566342e-14,2.9160819423718851e+04,3.9957637198995144e-10,-1.9898221959024909e-11
up,outer,60,4.8200989577969148e-03,1.4844617271185692e-09,1.2311674772097895e-10,1.2057350072979704e+01,1.4831780266189523e-09,5.4247234574636123e-14,2.7341080854146032e+04,-1.4474004217390757e-09,-3.2963409779540598e-10
up,outer,61,4.9760899560795787e-03,2.3968763604851460e-09,1.9877840182851073e-10,1.2058032152572437e+01,2.3970099531320410e-09,9.3397602742962997e-14,2.5664576849245124e+04,-9.3632124276155082e-10,2.2064267080068589e-09
up,outer,62,5.1342643289478207e-03,2.9819565338728298e-09,2.4728610977603937e-10,1.2058730417869047e+01,2.9820849582616724e-09,1.2364618477361697e-13,2.4117888988823659e+04,1.2639906898925801e-09,-2.7008132674755103e-09
up,outer,63,5.2946032552330675e-03,1.7027449625688051e-09,1.4119600759193928e-10,1.2059441280307226e+01,1.7032158935990731e-09,7.5067756395123920e-14,2.2689047540385884e+04,-6.0800608991939953e-10,1.5904933203803040e-09
up,outer,64,5.4570876562065286e-03,6.2619820835725245e-10,5.1922839696490797e-11,1.2060168743035330e+01,6.2617068258730365e-10,2.9305015895192191e-14,2.1367355159497929e+04,5.3116089304694469e-10,3.3165087343078881e-10
up,outer,65,5.6216981978493771e-03,2.8277485841133390e-09,2.3445568006981815e-10,1.2060908839023517e+01,2.8278723184392815e-09,1.4038819526770115e-13,2.0143234358465215e+04,-1.4714567342366536e-09,-2.4147416288755608e-09
up,outer,66,5.7884152931533157e-03,1.0767489336402196e-09,8.9270332514375676e-11,1.2061665990398605e+01,1.0772150706908402e-09,5.6671384188604055e-14,1.9008095286782416e+04,1.0563354635451105e-09,2.0867116368172844e-10
up,outer,67,5.9572191044512226e-03,1.8234250001139336e-09,1.5116557192437078e-10,1.2062435757701536e+01,1.8236894123285401e-09,1.0157441148242833e-13,1.7954220809283506e+04,-1.2547847205723883e-09,1.3230245787809736e-09
up,outer,68,6.1280895457776416e-03,1.1268488037097267e-09,9.3411917997327004e-11,1.2063223064769655e+01,1.1263123011757333e-09,6.6352543915535652e-14,1.6974666451515219e+04,-3.0972469033940797e-10,1.0834476649179692e-09
up,outer,69,6.3010062852588136e-03,2.6555218249473550e-09,2.2011909614619123e-10,1.2064022937763205e+01,2.6567543786023799e-09,1.6539412040464672e-13,1.6063173056590340e+04,-1.6213554943078634e-09,-2.1030935604127166e-09
up,outer,70,6.4759487475319535e-03,9.9669883241268220e-10,8.2611850635297595e-11,1.2064840876313966e+01,9.9651591913084412e-10,6.5499539637025741e-14,1.5214090429538395e+04,-5.2432724828577193e-10,8.4763759899963986e-10
up,outer,71,6.6528961161935341e-03,1.9095950266641565e-09,1.5826678710823245e-10,1.2065671272888476e+01,1.9095090696606373e-09,1.3239966521240334e-13,1.4422310408393332e+04,3.9255887429590075e-10,1.8688099678865200e-09
up,outer,72,6.8318273362762069e-03,1.1847171311052980e-09,9.8182168806890365e-11,1.2066520280637306e+01,1.1844136140164631e-09,8.6559643233948446e-14,1.3683208129859060e+04,-1.1826486456811836e-09,-6.9977579286728542e-11
up,outer,73,7.0127211167541519e-03,7.9703645718855942e-10,6.6048831571776848e-11,1.2067381636000643e+01,7.9712273594025167e-10,6.1352102601536226e-14,1.2992590345555527e+04,1.4590995078833657e-10,-7.8356710009330754e-10
up,outer,74,7.1955559330764791e-03,1.2957100295731756e-09,1.0736508853203520e-10,1.2068262107254412e+01,1.2961547081583475e-09,1.0498027548826738e-13,1.2346649902849666e+04,-8.8251628227453693e-10,-9.4869884170734053e-10
up,outer,75,7.3803100297284525e-03,3.2179392532219122e-09,2.6662506802939594e-10,1.2069154926074425e+01,3.2176402810190407e-09,2.7403003618090604e-13,1.1741925541676224e+04,2.9834472670131618e-09,-1.2058919696134041e-09
up,outer,76,7.5669614228201692e-03,1.3220298708927329e-09,1.0952962095393360e-10,1.2070067068421221e+01,1.3227202738833073e-09,1.1836140907072072e-13,1.1175266366531549e+04,1.3117054109557102e-09,1.6489964949073510e-10
up,outer,77,7.7554879027024173e-03,1.5202973725976640e-09,1.2594634777726159e-10,1.2070992128222230e+01,1.5194074120775804e-09,1.4275046139588477e-13,1.0643800357771608e+04,-1.4388534808063014e-09,4.9092235832048914e-10
up,outer,78,7.9458670366094088e-03,4.8752605765895499e-10,4.0385077695280173e-11,1.2071935612889323e+01,4.8745103326924851e-10,4.8048844556544758e-14,1.0144906454422795e+04,-1.4945022996926127e-10,4.6405418396844311e-10
up,outer,79,8.1380761713280656e-03,1.6579799848236903e-09,1.3733077655937806e-10,1.2072894556937317e+01,1.6580291090207103e-09,1.7135144669620746e-13,9.6761897316237100e+03,6.8007555142912679e-10,1.5120829588433082e-09
up,outer,80,8.3320924358934994e-03,2.3266195490608248e-09,1.9269877718641596e-10,1.2073867738195677e+01,2.3272981553148611e-09,2.5199592945023837e-13,9.2354593202841097e+03,2.3012374228414956e-09,-3.4273145432806018e-10
up,outer,81,8.5278927443104488e-03,1.4005084042486956e-09,1.1598544001911875e-10,1.2074863914107144e+01,1.3998987094086024e-09,1.5870592183974651e-13,8.8207087245436996e+03,-1.3839507317925381e-09,2.1471879829704221e-10
up,outer,82,8.7254537983002724e-03,2.4749029256287709e-09,2.0494625488503654e-10,1.2075863142837395e+01,2.4742099744978524e-09,2.9349716971951318e-13,8.4300982420456858e+03,-1.8681172164747295e-09,1.6233553390421207e-09
up,outer,83,8.9247520900732225e-03,2.7367522433978488e-09,2.2661046533189059e-10,1.2076901388422813e+01,2.7362772706408235e-09,3.3940683198096064e-13,8.0619392799798379e+03,2.6052813240085015e-09,-8.3804657657893245e-10
up,outer,84,9.1257639051256102e-03,2.8716392031415356e-09,2.3775934749339460e-10,1.2077923469323597e+01,2.8713184185399261e-09,3.7218890765693590e-13,7.7146802590542429e+03,-2.8070283875081259e-09,-6.0572546978221453e-10
up,outer,85,9.3284653250616280e-03,1.3533135017382589e-09,1.1203850062429118e-10,1.2079004040552517e+01,1.3529722453564345e-09,1.8315847406728646e-13,7.3868940667162169e+03,-1.3063852222217065e-09,-3.5329178471599221e-10
up,outer,86,9.5328322304393791e-03,1.9072978353091647e-09,1.5788815988252232e-10,1.2080056140551017e+01,1.9069524677397620e-09,2.6944759256022701e-13,7.0772666759437434e+03,-1.5747421144851614e-09,1.0760912161345004e-09
up,outer,87,9.7388403036408507e-03,9.3689653139120342e-10,7.7550188581932881e-11,1.2081163805312464e+01,9.3704217399984845e-10,1.3811336872608432e-13,6.7845870580295032e+03,3.5271430220973343e-10,-8.6796758669294150e-10
up,outer,88,9.9464650317654807e-03,3.1555795812658570e-09,2.6117444407402330e-10,1.2082267820857265e+01,3.1554565208156555e-09,4.8487762375955340e-13,6.5077379656117491e+03,-3.1128726263318640e-09,-5.1740361994845330e-10
up,outer,89,1.0155681709546924e-02,3.8353218835549841e-10,3.1740460489431329e-11,1.2083384501721509e+01,3.8342101773090560e-10,6.1389719437391386e-14,6.2456877347670470e+03,-2.9843594262501938e-10,-2.4090024419720635e-10
up,outer,90,1.0366465442292758e-02,1.6470650966866291e-09,1.3629520187884698e-10,1.2084542038029394e+01,1.6472207852915010e-09,2.7465202110113114e-13,5.9974828464304974e+03,-3.8947778335796102e-10,1.6003532388175756e-09
up,outer,91,1.0578791148846687e-02,1.7339398402483250e-09,1.4347046763357888e-10,1.2085691702607242e+01,1.7338299581600964e-09,3.0089506904075105e-13,5.7622411815770865e+03,-1.2125243031846367e-09,-1.2394886783617665e-09
up,outer,92,1.0792633564572949e-02,5.7156259526788815e-10,4.7287914321376234e-11,1.2086864127342501e+01,5.7173706644394228e-10,1.0321754781803638e-13,5.5391459933912138e+03,5.2323301247270138e-10,-2.3002394433646600e-10
up,outer,93,1.1007967244362562e-02,7.6522917753259015e-10,6.3304483693146231e-11,1.2088072327417766e+01,7.6533200265778352e-10,1.4365848266988644e-13,5.3274403880238933e+03,-6.7657257574182950e-10,-3.5752656390997117e-10
up,outer,94,1.1224766565661038e-02,5.5341770768053787e-10,4.5777582738308401e-11,1.2089273276926813e+01,5.5322117400184523e-10,1.0791564523079573e-13,5.1264223349514232e+03,-4.2680348144585878e-10,-3.5229241746037587e-10
up,outer,95,1.1443005731517185e-02,1.2501829980891171e-09,1.0340211436529961e-10,1.2090497430956422e+01,1.2501714784879019e-09,2.5330496027312895e-13,4.9354401790627799e+03,-6.5115290937001191e-10,1.0672194794558720e-09
up,outer,96,1.1662658773652740e-02,1.4231480567508853e-09,1.1769575157542943e-10,1.2091753845837088e+01,1.4233419235933576e-09,2.9940582693317784e-13,4.7538885203828140e+03,-3.9644199034682970e-10,1.3668153275858685e-09
up,outer,97,1.1883699555552277e-02,4.7451038766829741e-10,3.9238383086487842e-11,1.2093015826426857e+01,4.7445689614366535e-10,1.0356597237180236e-13,4.5812044755430161e+03,-6.9966255011877365e-11,4.6932380204367519e-10
up,outer,98,1.2106101775573228e-02,2.2086977442636469e-09,1.8262324737777114e-10,1.2094285782219035e+01,2.2087258625322301e-09,5.0006649770157053e-13,4.4168643024159410e+03,2.2495783014164772e-10,-2.1972118013913189e-09
up,outer,99,1.2329838970075497e-02,1.0646768371356312e-09,8.8021907549043347e-11,1.2095589232060473e+01,1.0647180233524008e-09,2.4991149773502070e-13,4.2603803066368455e+03,9.8859498365300169e-10,-3.9524261641332714e-10
up,outer,100,1.2554884516570374e-02,8.4233932763034357e-10,6.9632595709078416e-11,1.2096911210226835e+01,8.4240091505164414e-10,2.0489901563801800e-13,4.1112980090634501e+03,-1.0364864522216521e-10,8.3593809652171558e-10
up,outer,101,1.2781211636888353e-02,1.0351776140871859e-09,8.5564322139053042e-11,1.2098238941283132e+01,1.0353389845857302e-09,2.6084366100220090e-13,3.9691935798163577e+03,3.1554847623738169e-10,9.8591168562478515e-10
up,outer,102,1.3008793400365454e-02,6.5277403451393895e-10,5.3950130469935894e-11,1.2099582129420465e+01,6.5280439484316521e-10,1.7028177700300306e-13,3.8336714963436893e+03,-5.9750870917696375e-10,2.6286361975991213e-10
up,outer,103,1.3237602727047706e-02,1.4881315709212808e-09,1.2297637485702186e-10,1.2100954940747382e+01,1.4881216837663166e-09,4.0172141046864605e-13,3.7043623889259020e+03,4.0472869500263187e-10,-1.4320371000131615e-09
up,outer,104,1.3467612390913404e-02,6.8345213745679988e-10,5.6472700490896740e-11,1.2102345584960482e+01,6.8335413765150195e-10,1.9083194649140942e-13,3.5809210680679407e+03,-4.1393821703650246e-10,5.4384002856622260e-10
up,outer,105,1.3698795023112709e-02,1.0509288246036472e-09,8.6826744383140437e-11,1.2103745592097900e+01,1.0508056699876255e-09,3.0343579749861352e-13,3.4630247276359241e+03,-4.0234660048099613e-10,9.7085972594612713e-10
up,outer,106,1.3931123115224280e-02,1.1049386133949748e-09,9.1278324997454716e-11,1.2105158737584041e+01,1.1048917048599318e-09,3.2978186790673577e-13,3.3503712980739183e+03,5.3146465006648214e-10,-9.6872837529460298e-10
up,outer,107,1.4164569022528510e-02,1.0557505867142344e-09,8.7204570677196826e-11,1.2106596919355091e+01,1.0557519481602215e-09,3.2558026769323594e-13,3.2426779289798928e+03,-2.5292834493484406e-10,1.0250056359240034e-09
up,outer,108,1.4399104967296962e-02,1.0973962938774937e-09,9.0633558860922641e-11,1.2108056967744698e+01,1.0974705435891192e-09,3.4954858000083474e-13,3.1396795935675045e+03,5.4413007433140592e-10,-9.5299584890184974e-10
up,outer,109,1.4634703042097637e-02,1.8331505694110353e-10,1.5138079457312868e-11,1.2109531956020229e+01,1.8338819000420859e-10,6.0302690789494178e-14,3.0411278104385706e+03,8.1907813864745549e-11,-1.6399853697279809e-10
up,outer,110,1.4871335213115681e-02,2.0761046486701029e-10,1.7142281158175257e-11,1.2111017369937350e+01,2.0758555093116839e-10,7.0444649342555531e-14,2.9467894704355667e+03,1.3646861418692424e-11,2.0716145465726754e-10
up,outer,111,1.5108973323489136e-02,3.7705967123084032e-10,3.1129745768920429e-11,1.2112520096688108e+01,3.7675955669586603e-10,1.3189802608359930e-13,2.8564457549733852e+03,-2.6941560093973749e-10,2.6379770590168050e-10
up,outer,112,1.5347589096659323e-02,2.5659225214042717e-10,2.1181386655670232e-11,1.2114044104460826e+01,2.5657475284307347e-10,9.2629904992200075e-14,2.7698911368275549e+03,-4.5464965126029711e-11,2.5253221735965781e-10
up,outer,113,1.5587154139735463e-02,5.3765440889814910e-10,4.4377072286058439e-11,1.2115589902650235e+01,5.3764677279020044e-10,2.0009686920437816e-13,2.6869324589034431e+03,2.2873258842537325e-11,5.3716764369937664e-10
up,outer,114,1.5827639946873154e-02,1.2233795249303053e-10,1.0096263640697907e-11,1.2117151140931764e+01,1.2221631248659795e-10,4.6873080818259726e-14,2.6073880861483240e+03,9.1360696785613982e-11,-8.1362139248142284e-11
up,outer,115,1.6069017902666280e-02,9.2534148893852255e-11,7.6356333912023948e-12,1.2118725998614345e+01,9.2451317796713372e-11,3.6526327731307086e-14,2.5310871236987891e+03,-8.6041396230029932e-11,3.4050651187556014e-11
up,outer,116,1.6311259285551941e-02,2.8918124509124732e-10,2.3859219005565488e-11,1.2120314794201430e+01,2.8920919450085384e-10,1.1766665778499898e-13,2.4578686940296893e+03,1.4634959910608814e-10,-2.4941448906190544e-10
up,outer,117,1.6554335271228064e-02,2.1352757725990762e-10,1.7614992929087035e-11,1.2121922394150774e+01,2.1354985016680899e-10,8.9441918934284350e-14,2.3875812673888454e+03,-4.9630521914423298e-11,2.0767965125401133e-10
up,outer,118,1.6798216936083188e-02,1.0194626119080957e-09,8.4089448934800231e-11,1.2123549682178892e+01,1.0194748739955034e-09,4.3941328609023410e-13,2.3200820418209951e+03,-2.4839863499437342e-10,9.8873764731166602e-10
up,outer,119,1.7042875260638090e-02,1.0653328214167739e-10,8.7861076800429299e-12,1.2125196505804361e+01,1.0645721566262760e-10,4.7204460296431451e-14,2.2552363694893365e+03,-1.0399592298426796e-10,-2.3112511904344046e-11
up,outer,120,1.7288281132998802e-02,4.0745922178545524e-10,3.3599732743898381e-11,1.2126859010789264e+01,4.0750872764663311e-10,1.8582950729792633e-13,2.1929172259672696e+03,1.2357936896023602e-10,-3.8826686310500236e-10
up,outer,121,1.7534405352320648e-02,1.0066915425713966e-10,8.3001899305298385e-12,1.2128536226244343e+01,1.0068096114912223e-10,4.7201471368924273e-14,2.1330047184801724e+03,1.4199308395745902e-11,-9.9662722519155977e-11
up,outer,122,1.7781218632282835e-02,5.6240468015562670e-10,4.6363902451676169e-11,1.2130227405723790e+01,5.6243175593322719e-10,2.7100108428339593e-13,2.0753856296201066e+03,2.2905233265646530e-10,-5.1364779096729762e-10
up,outer,123,1.8028691604573262e-02,1.5345669984918317e-10,1.2648987810138905e-11,1.2131935151852911e+01,1.5353000464966715e-10,7.6006721523045009e-14,2.0199529932772764e+03,-6.6873617754481529e-11,-1.3811907173533200e-10
up,outer,124,1.8276794822383029e-02,5.4758396611310238e-10,4.5129330619128589e-11,1.2133660273724569e+01,5.4753761097750296e-10,2.7841758559883882e-13,1.9666057005696071e+03,1.5709922251971875e-10,-5.2456461396843679e-10
up,outer,125,1.8525498763910322e-02,3.1258139433040472e-10,2.5757806908021882e-11,1.2135404052316890e+01,3.1257124352191619e-10,1.6320143487215703e-13,1.9152481334907823e+03,-1.4406253967536031e-12,-3.1257807453499709e-10
up,outer,126,1.8774773835873209e-02,1.1044105723698294e-09,9.0994115214485792e-11,1.2137164801993844e+01,1.1043772824430067e-09,5.9190872837185346e-13,1.8657898245237673e+03,-4.7187054263986283e-10,9.9852937029965005e-10
up,outer,127,1.9024590377030959e-02,1.7581926783666074e-10,1.4483904052661095e-11,1.2138941765798140e+01,1.7581797410603507e-10,9.6701836524533576e-14,1.8181451399987575e+03,-1.6735235419673700e-10,-5.3903659313903063e-11
up,outer,128,1.9274918661713412e-02,7.2843867878035272e-10,5.9999563368922669e-11,1.2140732996694677e+01,7.2845671308501446e-10,4.1103890913450664e-13,1.7722329854827378e+03,1.0343637057985688e-10,-7.2105743598172012e-10
up,outer,129,1.9525728903358047e-02,1.9575912892991437e-10,1.6121762630218247e-11,1.2142538841440834e+01,1.9574152459375845e-10,1.1327788373625703e-13,1.7279765311426554e+03,1.6212275966154266e-10,-1.0971712427476632e-10
up,outer,130,1.9776991258054287e-02,5.7504973555021795e-10,4.7351180282780817e-11,1.2144359065941465e+01,5.7498840945827192e-10,3.4117806979370833e-13,1.6853029557437144e+03,3.3005331800950444e-10,-4.7090020771634045e-10
up,outer,131,2.0028675828094630e-02,1.2862276244082073e-10,1.0589551796393270e-11,1.2146195128355552e+01,1.2849797841409300e-10,7.8154979332556501e-14,1.6441432076556823e+03,1.1882050898748275e-10,-4.9249382350069482e-11
up,outer,132,2.0280752665532149e-02,7.8341238582647375e-10,6.4488751508161760e-11,1.2148047023787152e+01,7.8338899331954887e-10,4.8826569141417285e-13,1.6044317819067012e+03,2.3022828088414826e-10,-7.4881900680168201e-10
up,outer,133,2.0533191775744031e-02,6.8032232099170351e-10,5.5993996192147392e-11,1.2149915477672444e+01,6.8031639976542468e-10,4.3439982822685055e-13,1.5661065119255816e+03,-5.0714987764877151e-13,6.8032213196289604e-10
up,outer,134,2.0785963121000641e-02,9.0129579752634945e-10,7.4169739167617681e-11,1.2151799475652638e+01,9.0139342272585290e-10,5.8948955964274509e-13,1.5291083751714523e+03,2.1342128064816279e-10,-8.7566287554352584e-10
up,outer,135,2.1039036624039675e-02,1.1411253209615522e-10,9.3891196234972253e-12,1.2153698820768778e+01,1.1416239079042345e-10,7.6445573490849577e-14,1.4933813113991293e+03,6.2129856814863160e-11,9.5715990688916008e-11
up,outer,136,2.1292382171645089e-02,6.5821817563954231e-10,5.4149323469675529e-11,1.2155612175065396e+01,6.5823761096649457e-10,4.5119625787244974e-13,1.4588720528630229e+03,2.4281021637762024e-11,-6.5777017166368523e-10
up,outer,137,2.1545969618230239e-02,5.5515688337717168e-10,4.5663588773611844e-11,1.2157539481390621e+01,5.5513790281134884e-10,3.8942562858256153e-13,1.4255299653285529e+03,-1.7073453761895507e-10,5.2825077645479723e-10
up,outer,138,2.1799768789424939e-02,1.4617339335239166e-09,1.2021352365603817e-10,1.2159479974202517e+01,1.4617148119165941e-09,1.0490975194403832e-12,1.3933068993398363e+03,2.7385649303823811e-10,-1.4358512157031100e-09
up,outer,139,2.2053749485665883e-02,6.7171812144908812e-10,5.5233462756100215e-11,1.2161434172890070e+01,6.7171831329073463e-10,4.9312838993899880e-13,1.3621570507709521e+03,-1.5940404551884058e-10,6.5253014103205942e-10
up,outer,140,2.2307881485790097e-02,4.2887239321535282e-10,3.5259247411265394e-11,1.2163401793945475e+01,4.2883709061020623e-10,3.2194086595176298e-13,1.3320368302496263e+03,-1.5824053178903341e-10,3.9861192124845957e-10
up,outer,141,2.2562134550630962e-02,1.1550709571327794e-10,9.4947352853545145e-12,1.2165383472190731e+01,1.1548484462675658e-10,8.8636445187827445e-14,1.3029047406180980e+03,-5.8707705363758578e-11,-9.9475094827994326e-11
up,outer,142,2.2816478426616382e-02,3.3696000715750496e-10,2.7693722040556203e-11,1.2167378825570729e+01,3.3695110657932195e-10,2.6433316568371069e-13,1.2747212621154874e+03,1.4253487279347610e-10,-3.0532909534031205e-10
up,outer,143,2.3070882849368618e-02,1.1988521167118197e-10,9.8513754574638584e-12,1.2169388141668215e+01,1.1997426122030945e-10,9.6175704008427764e-14,1.2474487445373547e+03,8.3996809507880243e-11,-8.5539464400596898e-11
up,outer,144,2.3325317547305480e-02,3.2884594775460236e-10,2.7017899246299703e-11,1.2171410691733932e+01,3.2885896708142618e-10,2.6932444642851770e-13,1.2210513061194010e+03,-1.3402523535432920e-10,3.0029467801284682e-10
up,outer,145,2.3579752245242350e-02,8.5403786244677777e-10,7.0155799174647727e-11,1.2173446422022977e+01,8.5401791909412086e-10,7.1436359492917883e-13,1.1954947384724821e+03,-1.6917667267080105e-10,8.3711404474939854e-10
up,outer,146,2.3834156667994582e-02,1.1643178909441243e-10,9.5627975974714040e-12,1.2175494452083701e+01,1.1640670426911372e-10,9.9429477247891851e-14,1.1707464173717340e+03,5.6235016643313429e-11,-1.0195089217290842e-10
up,outer,147,2.4088500543980002e-02,2.5724814092948083e-10,2.1124778144751818e-11,1.2177554678527635e+01,2.5726104459943536e-10,2.2433432497011566e-13,1.1467752187887697e+03,7.9785955620081950e-11,-2.4456248137738612e-10
up,outer,148,2.4342753608820867e-02,4.2730452177152535e-10,3.5083549326826443e-11,1.2179626348260872e+01,4.2730339069150657e-10,3.8031493305002967e-13,1.1235514400253530e+03,9.7646335461831768e-11,-4.1599801381408952e-10
up,outer,149,2.4596885608945084e-02,1.6380809684892704e-09,1.3447053283631351e-10,1.2181709508679138e+01,1.6381502736523795e-09,1.4878117666179774e-12,1.1010467254040775e+03,-1.2538796667627139e-09,1.0540849304518929e-09
up,outer,150,2.4850866305186025e-02,1.6570411668453961e-09,1.3600360118866423e-10,1.2183803607867326e+01,1.6569983195925851e-09,1.5353466672675421e-12,1.0792339964117332e+03,5.6238658174834200e-10,-1.5586875123929644e-09
up,outer,151,2.5104665476380721e-02,4.2297678192456954e-10,3.4710318943917489e-11,1.2185908824634712e+01,4.2295058584284761e-10,3.9973124290745608e-13,1.0580873858308023e+03,-1.4001688697362624e-10,3.9912984028944720e-10
up,outer,152,2.5358252922965872e-02,2.6172987681627609e-10,2.1474347390030584e-11,1.2188024719101989e+01,2.6172281092157496e-10,2.5224297124242225e-13,1.0375821757587923e+03,-3.7781333617203927e-11,2.5898860833706294e-10
up,outer,153,2.5611598470571290e-02,5.6271901732838795e-10,4.6161774073072833e-11,1.2190151453833188e+01,5.6271266060297473e-10,5.5292873095710750e-13,1.0176947391193282e+03,-1.0742340350589075e-10,5.5237026064247630e-10
up,outer,154,2.5864671973610323e-02,6.1738855374838903e-10,5.0637626459069574e-11,1.2192288559327018e+01,6.1739475164887468e-10,6.1838262741768226e-13,9.9840248460256259e+02,1.7238122040907911e-10,-5.9283500331019923e-10
up,outer,155,2.6117443318866937e-02,4.8686035886136289e-10,3.9924794832634988e-11,1.2194436086704636e+01,4.8684798923017254e-10,4.9694400062603021e-13,9.7968380464772872e+02,-1.2208101196620191e-10,4.7130588320953848e-10
up,outer,156,2.6369882429078815e-02,1.0523410146016961e-10,8.6281552053797451e-12,1.2196593472791847e+01,1.0532547992676524e-10,1.0954082713898220e-13,9.6151802645356474e+02,-9.6595620391326520e-11,4.1755265911547212e-11
up,outer,157,2.6621959266516334e-02,6.9687105041775508e-10,5.7126381198615525e-11,1.2198760639062570e+01,6.9688604873972390e-10,7.3831640377116899e-13,9.4388536565105778e+02,1.4329959441283791e-10,-6.8197836267103185e-10
up,outer,158,2.6873643836556677e-02,3.0460187594118403e-10,2.4965449548794501e-11,1.2200936952721214e+01,3.0458429152017860e-10,3.2865254167297949e-13,9.2676688264669008e+02,3.7504221950257488e-11,-3.0228419767297510e-10
up,outer,159,2.7124906191252917e-02,6.0639815068587100e-10,4.9692049112534677e-11,1.2203122260315661e+01,6.0639234867968857e-10,6.6625946516207635e-13,9.1014444129836966e+02,3.1975666558992089e-10,-5.1524207123065935e-10
up,outer,160,2.7375716432897552e-02,7.1522056672140336e-10,5.8599103176887200e-11,1.2205315916908134e+01,7.1520322068981057e-10,8.0000300305050865e-13,8.9400066995080488e+02,2.4901503081764531e-10,-6.7047145613230441e-10
up,outer,161,2.7626044717580008e-02,4.1773832063444992e-10,3.4219759411047575e-11,1.2207517756527139e+01,4.1773490663906484e-10,4.7560731640722912e-13,8.7831892451668637e+02,-1.4702905559715873e-11,4.1747949541814933e-10
up,outer,162,2.7875861258737755e-02,4.1607738697738188e-10,3.4077533523765236e-11,1.2209727170753565e+01,4.1610120709805711e-10,4.8211016184139383e-13,8.6308325364638847e+02,1.5593748514675099e-11,4.1578507303796641e-10
up,outer,163,2.8125136330700646e-02,5.5312996779380033e-10,4.5294178157249717e-11,1.2211944013499386e+01,5.5312052893886700e-10,6.5205073158278717e-13,8.4827836569744022e+02,4.8650861117494060e-11,5.5098625661997858e-10
up,outer,164,2.8373840272227932e-02,3.0819416575334915e-10,2.5232514614975020e-11,1.2214167729856054e+01,3.0817467302276642e-10,3.6956291807329993e-13,8.3388959755329779e+02,-1.5278089904313674e-10,2.6765956118168788e-10
up,outer,165,2.8621943490037695e-02,8.4802969445349074e-11,6.9417325872165239e-12,1.2216398194525254e+01,8.4840065430714231e-11,1.0347574936005807e-13,8.1990288502769454e+02,-3.0040858689517336e-11,-7.9303785760487244e-11
up,outer,166,2.8869416462328133e-02,3.1052209912305556e-10,2.5413812743734538e-11,1.2218634891752355e+01,3.1054155413668048e-10,3.8514167248416942e-13,8.0630473491399391e+02,-7.1291417214069952e-11,-3.0222757629871921e-10
up,outer,167,2.9116229742290323e-02,2.1558939026299621e-10,1.7641072562813122e-11,1.2220877698641322e+01,2.1558496773026069e-10,2.7183180779583749e-13,7.9308219843123857e+02,-2.6580515566365648e-11,2.1394452875966863e-10
up,outer,168,2.9362353961612159e-02,3.7511193370548276e-10,3.0688706822785992e-11,1.2223126111881871e+01,3.7519548918428011e-10,4.8088246972425819e-13,7.8022284613415036e+02,3.7320813106589412e-10,3.7744585235088834e-11
up,outer,169,2.9607759833972874e-02,1.3414814844695460e-10,1.0972922607272813e-11,1.2225379987464933e+01,1.3414357065023631e-10,1.7473100743243495e-13,7.6771474405941944e+02,3.0600411093928415e-11,1.3061141057590930e-10
up,outer,170,2.9852418158527776e-02,2.3437433405648597e-09,1.9167587266930440e-10,1.2227638815076565e+01,2.3437541467958121e-09,3.1020650089701181e-12,7.5554643117358000e+02,-2.3303980967170901e-09,-2.4975499446355798e-10
up,outer,171,3.0096299823382897e-02,8.0768073398387780e-10,6.6041470092599064e-11,1.2229902406039724e+01,8.0768748450758899e-10,1.0860293037235747e-12,7.4370689790629115e+02,1.0644907177947971e-10,8.0063522478468485e-10
up,outer,172,3.0339375809059026e-02,1.5474105707878901e-09,1.2650335475268634e-10,1.2232170236220792e+01,1.5474286346496323e-09,2.1134377769294083e-12,7.3218556587829858e+02,8.2374018717246145e-10,-1.3099357154544577e-09
up,outer,173,3.0581617191944688e-02,3.1157347310692092e-10,2.5466913079680685e-11,1.2234442083030329e+01,3.1158850330110866e-10,4.3217820836214330e-13,7.2097226855087843e+02,7.7332806824870204e-11,-3.0182389920696551e-10
up,outer,174,3.0822995147737807e-02,8.0334305165152718e-10,6.5650208763230547e-11,1.2236717396418465e+01,8.0333054447575837e-10,1.1313602723824161e-12,7.1005723294853419e+02,1.5634427086297364e-10,-7.8798256808454425e-10
up,outer,175,3.1063480954875496e-02,2.0566701765768167e-10,1.6804239417563078e-11,1.2238995919251616e+01,2.0566262590193256e-10,2.9404273988913509e-13,6.9943106223086795e+02,2.4120261343796301e-11,-2.0424772984029005e-10
up,outer,176,3.1303045997951633e-02,1.3735757033988023e-10,1.1220852963867693e-11,1.2241277092052254e+01,1.3747687498586957e-10,1.9950649195507994e-13,6.8908471919211183e+02,1.3562218015295002e-10,-2.1765256263961419e-11
up,outer,177,3.1541661771121832e-02,8.9691138857165517e-10,7.3255764035130333e-11,1.2243560631509279e+01,8.9692369965878477e-10,1.3209295094620849e-12,6.7900951052568598e+02,4.7979398232200765e-12,-8.9689855542474106e-10
up,outer,178,3.1779299881495283e-02,3.9671876427439828e-10,3.2396190926164137e-11,1.2245845975490786e+01,3.9670693883008262e-10,5.9281033267615082e-13,6.6919707191878774e+02,5.5508486695998727e-11,-3.9281622399300886e-10
up,outer,179,3.2015932052513331e-02,5.1835229252407561e-10,4.2320923516222132e-11,1.2248132825489613e+01,5.1828680673026840e-10,7.8571238013788470e-13,6.5963935382985085e+02,3.7258818252894343e-10,-3.6037084427675836e-10
up,outer,180,3.2251530127314000e-02,7.7359358304742306e-10,6.3148328266601062e-11,1.2250420625253101e+01,7.7360000648813547e-10,1.1895524769475193e-12,6.5032860801000641e+02,-1.9611334778346645e-10,7.4832251506506964e-10
up,outer,181,3.2486066072082452e-02,2.2664186590979899e-10,1.8497286167799831e-11,1.2252709065199969e+01,2.2663064454348277e-10,3.5341604402700212e-13,6.4125737462605821e+02,6.5905503277008393e-11,2.1684787299136588e-10
up,outer,182,3.2719511979386683e-02,2.5887583115358359e-09,2.1124102967499107e-10,1.2254997599277090e+01,2.5887993159719347e-09,4.0934910008401824e-12,6.3241847006395949e+02,-2.5865620756349017e-09,1.0661249660870453e-10
up,outer,183,3.2951840071498255e-02,4.1652870813118703e-10,3.3982132042955823e-11,1.2257285905565467e+01,4.1654292487165853e-10,6.6774543551237420e-13,6.2380497524784573e+02,3.3848124303403893e-10,-2.4274804388824123e-10
up,outer,184,3.3183022703697558e-02,8.9624541280516375e-10,7.3105758223447333e-11,1.2259573453376884e+01,8.9625425796315908e-10,1.4563525630963898e-12,6.1541022460770705e+02,-3.3718805525495554e-10,8.3039752851732374e-10
up,outer,185,3.3413032367563253e-02,8.7180441237464821e-10,7.1098872284814454e-11,1.2261859919272606e+01,8.7180363529448104e-10,1.4357110161947849e-12,6.0722779546897493e+02,5.5662141562606848e-12,8.7178664287534957e-10
up,outer,186,3.3641841694245507e-02,2.3645217179166343e-10,1.9279956018357252e-11,1.2264144771208372e+01,2.3642507422297100e-10,3.9453397279508582e-13,5.9925149803453337e+02,-2.2967672208551448e-10,-5.6198157238895874e-11
up,outer,187,3.3869423457722612e-02,3.7530275164867863e-10,3.0595929098049458e-11,1.2266427682126011e+01,3.7530554572612398e-10,6.3452439010587885e-13,5.9147536576726270e+02,1.5725110102948747e-10,-3.4077007882160615e-10
up,outer,188,3.4095750578040596e-02,1.4800193599978105e-09,1.2063367591066403e-10,1.2268708126691319e+01,1.4800168077449422e-09,2.5347369630960535e-12,5.8389364628082603e+02,-5.9040683453304155e-10,1.3571577195392592e-09
up,outer,189,3.4320796124535473e-02,2.5054327562912933e-10,2.0417534531261702e-11,1.2270985766940537e+01,2.5050924932732185e-10,4.3453409352228694e-13,5.7650079260000211e+02,8.9223739507815480e-11,-2.3411761418401511e-10
up,outer,190,3.4544533319037736e-02,1.3246419584583237e-10,1.0792910358777904e-11,1.2273260079298153e+01,1.3248735341956259e-10,2.3272324269889987e-13,5.6929145487619530e+02,-1.0360956537169841e-10,8.2533757606029212e-11
up,outer,191,3.4766935539058692e-02,7.3037661105278803e-10,5.9498577110481397e-11,1.2275530718937535e+01,7.3040134903500872e-10,1.2990444550876943e-12,5.6226047243756693e+02,-7.2967409892044088e-10,3.2026603591361891e-11
up,outer,192,3.4987976320958222e-02,4.3657358174936509e-10,3.5557973152853152e-11,1.2277797158816254e+01,4.3662173241332166e-10,7.8613518033471745e-13,5.5540286624422356e+02,-4.3150283346449214e-10,6.6346039773179655e-11
up,outer,193,3.5207629363093774e-02,1.3124083232651070e-10,1.0687312810138503e-11,1.2280059043654948e+01,1.3127301176599886e-10,2.3923765757938533e-13,5.4871383165269049e+02,1.2920153835693782e-10,2.3046009545168999e-11
up,outer,194,3.5425868528949932e-02,2.0455414921656058e-09,1.6654363208593916e-10,1.2282315850479794e+01,2.0455173532524135e-09,3.7727035518251331e-12,5.4218873154315213e+02,-1.9633672465602103e-09,5.7395910246782478e-10
up,outer,195,3.5642667850248402e-02,2.6280708338317436e-10,2.1393271654749316e-11,1.2284567205261059e+01,2.6283000124015856e-10,4.9051637805087327e-13,5.3582308970914619e+02,-2.6253665907916002e-10,1.1919132347770756e-11
up,outer,196,3.5858001530038014e-02,1.5686809577575132e-10,1.2767192033950094e-11,1.2286812586402153e+01,1.5689514227952097e-10,2.9624511735394772e-13,5.2961258460866316e+02,-1.3028067513687347e-10,8.7375884305629370e-11
up,outer,197,3.6071843945764279e-02,9.4785009778787773e-10,7.7129637629913533e-11,1.2289051613802332e+01,9.4786732561283902e-10,1.8104513720221490e-12,5.2355304332429364e+02,8.7895291045470003e-10,-3.5476976911752445e-10
up,outer,198,3.6284169652318204e-02,4.4230330665920240e-10,3.5985118820941050e-11,1.2291283762603836e+01,4.4230509238911308e-10,8.5446395171956807e-13,5.1764043585337345e+02,6.4241945096910058e-11,-4.3761305690281915e-10
up,outer,199,3.6494953385064040e-02,5.3581602490800851e-10,4.3585280691110659e-11,1.2293508643556578e+01,5.3583267323047861e-10,1.0468122041253104e-12,5.1187086959709904e+02,1.3159251466277055e-11,5.3565440971681255e-10
up,outer,200,3.6704170062845487e-02,1.0598287716164724e-10,8.6194893648676354e-12,1.2295725729835594e+01,1.0599375834814103e-10,2.0937428105946093e-13,5.0624058414337674e+02,3.8638425792214548e-11,-9.8688612837349865e-11
up,outer,201,3.6911794790970114e-02,1.3333612578080738e-10,1.0842156006833522e-11,1.2297934626357449e+01,1.3338876672905175e-10,2.6638012296081672e-13,5.0074594623065263e+02,1.3170975421417097e-10,-2.0762058738910127e-11
up,outer,202,3.7117802864171587e-02,1.7547267295460482e-10,1.4265914617684228e-11,1.2300134807836749e+01,1.7544944763739376e-10,3.5416897641216614e-13,4.9538344497236108e+02,-2.5426771799175185e-11,1.7362067339377063e-10
up,outer,203,3.7322169769549336e-02,2.3958967509789490e-09,1.9475152710044871e-10,1.2302325874667959e+01,2.3958858626297439e-09,4.8880697569174950e-12,4.9014968725418373e+02,-2.0217409968381617e-09,1.2856455899878938e-09
up,outer,204,3.7524871189485359e-02,4.7191323711679253e-10,3.8352875554831429e-11,1.2304507296776713e+01,4.7192220797886367e-10,9.7295244167863959e-13,4.8504139335387657e+02,2.2138557653761382e-10,-4.1676195827733409e-10
up,outer,205,3.7725883004537740e-02,3.5180719454236063e-10,2.8586688890812259e-11,1.2306678674333327e+01,3.5183726935791344e-10,7.3290973224691268e-13,4.8005539274157388e+02,1.4376588808318047e-10,-3.2109137571012525e-10
up,outer,206,3.7925181296310687e-02,3.5700425901260806e-10,2.9003892643573000e-11,1.2308839485782507e+01,3.5703797664705310e-10,7.5136053679710534e-13,4.7518862005853032e+02,-1.8969004145219515e-10,-3.0243962889642262e-10
up,outer,207,3.8122742350300512e-02,8.4256323313481274e-10,6.8439928851992873e-11,1.2310989319654713e+01,8.4258013757544553e-10,1.7910541629316921e-12,4.7043811126083750e+02,2.4037483115080249e-10,-8.0754736231369861e-10
up,outer,208,3.8318542658717467e-02,4.4690164624342587e-10,3.6294730187370763e-11,1.2313127661682723e+01,4.4688411517121418e-10,9.5938848396823762e-13,4.6580099994822240e+02,1.8629808806736037e-10,-4.0621928043549360e-10
up,outer,209,3.8512558923282904e-02,8.5194036987618776e-10,6.9177652611393465e-11,1.2315254098920875e+01,8.5193778875213677e-10,1.8469214388203523e-12,4.6127451381812875e+02,2.9294877634811201e-10,7.9998963009586532e-10
up,outer,210,3.8704768058001555e-02,6.0895520310632196e-10,4.9438743498367993e-11,1.2317368120943929e+01,6.0893589063867521e-10,1.3328837289913551e-12,4.5685597130027287e+02,-1.6396128899032192e-10,5.8646665301864687e-10
up,outer,211,3.8895147191908556e-02,2.0823768858072787e-10,1.6903137895335079e-11,1.2319469312156368e+01,2.0823372531538041e-10,4.6014152760947843e-13,4.5254277829952377e+02,-5.7295501676435379e-11,-2.0020030078171658e-10
up,outer,212,3.9083673671790803e-02,1.6423930988670810e-10,1.3329428062257773e-11,1.2321557168064180e+01,1.6428845790330410e-10,3.6644339936804552e-13,4.4833242510747846e+02,-1.5729373359363308e-10,4.7257087132379638e-11
up,outer,213,3.9270325064882511e-02,2.2134353518552990e-09,1.7960902128435596e-10,1.2323631274350085e+01,2.2134668944516658e-09,4.9827889786999783e-12,4.4422248341513443e+02,-1.2577281438552745e-09,-1.8213774932718252e-09
up,outer,214,3.9455079161534484e-02,5.6182976330248114e-10,4.5582008947453082e-11,1.2325691128492345e+01,5.6182106485525396e-10,1.2762551843029450e-12,4.4021060346337003e+02,-2.6052493495853923e-10,-4.9777448829502191e-10
up,outer,215,3.9637913977856806e-02,4.9039916289012487e-10,3.9780146993543278e-11,1.2327736319569700e+01,4.9037925228912007e-10,1.1239638353783534e-12,4.3629451131232042e+02,-3.0472691037175537e-10,3.8423020320976775e-10
up,outer,216,3.9818807758334761e-02,2.8389870755952981e-10,2.3025473432340808e-11,1.2329766351764787e+01,2.8392373780450239e-10,6.5651356324613785e-13,4.3247200621513230e+02,2.2127899512724980e-10,-1.7785972694639440e-10
up,outer,217,3.9997738978417428e-02,1.1949207564321677e-09,9.6897664212233341e-11,1.2331780813776405e+01,1.1949036583343823e-09,2.7870060831820934e-12,4.2874095810013034e+02,-1.0246168358207797e-09,-6.1481375546179606e-10
up,outer,218,4.0174686347079012e-02,7.3104400115608647e-10,5.9271695112933788e-11,1.2333779213892669e+01,7.3104403239069647e-10,1.7197017814867096e-12,4.2509930515900101e+02,6.2346483531428021e-10,-3.8172887073528727e-10
up,outer,219,4.0349628809352160e-02,1.7514782011493477e-10,1.4198379658478012e-11,1.2335761145135464e+01,1.7513327871361633e-10,4.1545566262667945e-13,4.2154505153775642e+02,1.1484946327300349e-10,-1.3223599992784330e-10
up,outer,220,4.0522545548833326e-02,3.5598709333073522e-10,2.8853541547007390e-11,1.2337726124565020e+01,3.5597478419794823e-10,8.5145896552148347e-13,4.1807626510800594e+02,1.4119549973656831e-10,3.2678837413868678e-10
up,outer,221,4.0693415990159749e-02,7.6213616023171797e-10,6.1763072192233858e-11,1.2339673743229850e+01,7.6212218720985061e-10,1.8378070629779457e-12,4.1469107533786661e+02,-5.5815263522163150e-10,-5.1895776564947482e-10
up,outer,222,4.0862219801457648e-02,2.9093316068963863e-10,2.3573367923132482e-11,1.2341603526416211e+01,2.9092724589634462e-10,7.0718513516657596e-13,4.1138767124653623e+02,-2.8916957717228797e-10,-3.1985303294845835e-11
up,outer,223,4.1028936896761591e-02,6.8393373067433558e-11,5.5408344131244673e-12,1.2343515067952854e+01,6.8361342825400749e-11,1.6748486557793110e-13,4.0816429943989215e+02,6.3238303482648917e-11,-2.6049384871384973e-11
up,outer,224,4.1193547438404435e-02,2.2691084732677168e-10,1.8380182260223628e-11,1.2345407902609715e+01,2.2691512793842918e-10,5.6025762006935360e-13,4.0501926222857912e+02,-6.1483262925321469e-11,-2.1842239128488927e-10
up,outer,225,4.1356031839377895e-02,3.1015225563101062e-09,2.5119071950997892e-10,1.2347281628718349e+01,3.1015491790799257e-09,7.7162386179073005e-12,4.0195091581046626e+02,-2.1390116344832677e-09,2.2459010207143137e-09
up,outer,226,4.1516370765663148e-02,1.9908558725499329e-10,1.6121418597357012e-11,1.2349135781861770e+01,1.9907979878308268e-10,4.9899980494933087e-13,3.9895766853716009e+02,-4.1372238968051533e-11,-1.9473933576819036e-10
up,outer,227,4.1674545138531388e-02,2.8856073941043294e-10,2.3363407096893888e-11,1.2350969968279859e+01,2.8854422248975771e-10,7.2857715070432458e-13,3.9603797924601179e+02,2.5041391182867301e-10,1.4338819021020299e-10
up,outer,228,4.1830536136814048e-02,1.6551817981004619e-10,1.3399261520108541e-11,1.2352783738241822e+01,1.6552815528510933e-10,4.2098732307169233e-13,3.9319035565572267e+02,-9.9450225832242722e-11,1.3230994078128333e-10
up,outer,229,4.1984325199142282e-02,3.9885904283050015e-10,3.2284314767103525e-11,1.2354576694838887e+01,3.9887193891068921e-10,1.0216657192405940e-12,3.9041335282069701e+02,1.9721824173757341e-10,-3.4668934389969763e-10
up,outer,230,4.2135894026155626e-02,2.9609545995263047e-09,2.3963022920808088e-10,1.2356348401082506e+01,2.9609685476343419e-09,7.6371575857037353e-12,3.8770557166151497e+02,-1.0928138394206144e-09,2.7519102552275854e-09
up,outer,231,4.2285224582679373e-02,3.7151884825453498e-10,3.0062784286195647e-11,1.2358098462128492e+01,3.7152723390390721e-10,9.6484125923524240e-13,3.8506565753457630e+02,1.0210765566398550e-10,-3.5721181568248994e-10
up,outer,232,4.2432299099870667e-02,5.0808023612024107e-10,4.1107392415174733e-11,1.2359826451377735e+01,5.0808397810910608e-10,1.3283508703438316e-12,3.8249229887401145e+02,-1.8836399107158286e-10,4.7187342921972686e-10
up,outer,233,4.2577100077332737e-02,1.2297248860180823e-10,9.9479974462356296e-12,1.2361531983338176e+01,1.2296943536267807e-10,3.2361721089870132e-13,3.7998422587348102e+02,7.1282535429872951e-11,-1.0020495544438290e-10
up,outer,234,4.2719610285197329e-02,1.9057962840109796e-10,1.5415054578360495e-11,1.2363214637503251e+01,1.9062834609448562e-10,5.0492196972227696e-13,3.7754020923141297e+02,1.5597301228353899e-10,1.0951262119363037e-10
up,outer,235,4.2859812766174843e-02,1.1067423183841397e-10,8.9506962631402940e-12,1.2364874037138271e+01,1.1069345488344016e-10,2.9505739564922826e-13,3.7515905893453817e+02,8.3221429747482034e-11,7.2958750152452012e-11
up,outer,236,4.2997690837572121e-02,2.4371559069598896e-09,1.9707710191338362e-10,1.2366509773575988e+01,2.4371763476546970e-09,6.5367954387080128e-12,3.7283962310076527e+02,-2.4251463059954403e-09,2.4164914513846725e-10
up,outer,237,4.3133228093277486e-02,4.0103689995114008e-10,3.2425045382549844e-11,1.2368121469676208e+01,4.0103426831452128e-10,1.0821777127974726e-12,3.7058078684491818e+02,2.9252067434981655e-10,-2.7433966209855498e-10
up,outer,238,4.3266408405712914e-02,4.5321066934977174e-10,3.6638750281712847e-11,1.2369708733651281e+01,4.5319246316770911e-10,1.2302259982091924e-12,3.6838147123163503e+02,5.7696070143720135e-12,4.5317394281596535e-10
up,outer,239,4.3397215927753079e-02,5.6024830223201193e-10,4.5286235595286102e-11,1.2371271201228499e+01,5.6024606350492042e-10,1.5297212112065407e-12,3.6624063221496169e+02,-3.6431213601417767e-10,4.2562287028147239e-10
up,outer,240,4.3525635094610958e-02,3.0468543274527625e-10,2.4625406041042677e-11,1.2372808482323626e+01,3.0469372569388915e-10,8.3670918980943295e-13,3.6415725966065406e+02,1.5930012864373566e-10,-2.5972424211317957e-10
up,outer,241,4.3651650625689951e-02,3.3239718037741973e-10,2.6861853766689465e-11,1.2374320226164546e+01,3.3240405319308235e-10,9.1791264932844565e-13,3.6213037638850778e+02,-5.4805049387596227e-11,3.2784797099338903e-10
up,outer,242,4.3775247526402022e-02,3.0595125227484552e-09,2.4721723256273775e-10,1.2375806051352125e+01,3.0595120355255690e-09,8.4948917534934060e-12,3.6015903725522901e+02,3.0560736163920410e-09,-1.4502044010100690e-10
up,outer,243,4.3896411089952007e-02,6.3151030473371623e-10,5.1021794626405987e-11,1.2377265624578449e+01,6.3150099478662962e-10,1.7627760455074369e-12,3.5824232828444423e+02,-3.4404479265504051e-10,5.2956439233753372e-10
up,outer,244,4.4015126899087514e-02,3.4960278158222190e-11,2.8242288928316453e-12,1.2378698570415835e+01,3.4967681435619815e-11,9.8119265006852301e-14,3.5637936579710208e+02,3.0945912499191763e-11,1.6265655489178243e-11
up,outer,245,4.4131380827814454e-02,4.1505752916563674e-10,3.3526173155696000e-11,1.2380104560043403e+01,4.1508090162711933e-10,1.1706622844961656e-12,3.5456929562377042e+02,-3.1642155562394692e-10,2.6860780266702022e-10
up,outer,246,4.4245159043077874e-02,2.5421637749519808e-10,2.0531980908797611e-11,1.2381483239460376e+01,2.5421846894723647e-10,7.2055082840903866e-13,3.5281129231166881e+02,2.5329249808692111e-10,-2.1653567827684128e-11
up,outer,247,4.4356448006407978e-02,3.0955872704905715e-10,2.4999020406861949e-11,1.2382834287542195e+01,3.0956426759780584e-10,8.8168683718595283e-13,3.5110455837792773e+02,6.2638783049351332e-11,3.0315505661349107e-10
up,outer,248,4.4465234475531058e-02,5.0167907101004518e-10,4.0509746144151382e-11,1.2384157363634218e+01,5.0168889610901427e-10,1.4356597592337903e-12,3.4944832358940323e+02,5.0126391926141878e-10,2.0405233058795602e-11
up,outer,249,4.4571505505945179e-02,3.1912201898463532e-10,2.5765875554743688e-11,1.2385452157704094e+01,3.1912564876715918e-10,9.1744467786713791e-13,3.4784184427235209e+02,-1.5651213658429697e-10,-2.7810576064268844e-10
up,outer,250,4.4675248452460466e-02,2.7430230717123134e-10,2.2144873209769057e-11,1.2386718342113820e+01,2.7428212137613276e-10,7.9207183251617151e-13,3.4628440264669155e+02,1.1615597372838238e-10,2.4849455826370104e-10
up,outer,251,4.4776450970703735e-02,3.0750096911439252e-10,2.4822575943826344e-11,1.2387955617912874e+01,3.0749863713800881e-10,8.9188126763717354e-13,3.4477530619367423e+02,2.3278090566236642e-10,2.0092261188153770e-10
up,outer,252,4.4875101018587389e-02,6.1973421525260571e-10,5.0022280080350454e-11,1.2389163673809566e+01,6.1975046544378267e-10,1.8052006890300842e-12,3.4331388704309006e+02,-3.6166003525295309e-10,5.0326187661653421e-10
up,outer,253,4.4971186857742249e-02,3.0381300267772823e-10,2.4520146197046154e-11,1.2390342220485104e+01,3.0380535420504820e-10,8.8858086360019043e-13,3.4189950138487666e+02,-1.3368151030590525e-10,2.7282154313468254e-10
up,outer,254,4.5064697054914338e-02,4.3819797648868943e-10,3.5362812905887962e-11,1.2391490961278388e+01,4.3821585279182259e-10,1.2868583833929508e-12,3.4053152891339596e+02,5.8228977195540210e-12,-4.3815928663093473e-10
up,outer,255,4.5155620483325339e-02,1.3504222918579357e-10,1.0896996945133961e-11,1.2392609621322919e+01,1.3505157534870008e-10,3.9813633225878201e-13,3.3920937228335845e+02,3.0597746558669314e-12,-1.3500756068651754e-10
up,outer,256,4.5243946323996510e-02,6.7229985532501190e-10,5.4245299492436426e-11,1.2393697916973480e+01,6.7233471994261644e-10,1.9895535537203581e-12,3.3793245659830905e+02,6.6477667814979213e-10,-1.0029488350937754e-10
up,outer,257,4.5329664067036111e-02,4.0751884753841307e-10,3.2878328631304642e-11,1.2394755588348239e+01,4.0750963732310795e-10,1.2103040102921593e-12,3.3670022891582244e+02,1.3421086464404652e-10,3.8478442654366063e-10
up,outer,258,4.5412763512889927e-02,3.9705208758602697e-10,3.2031224481577419e-11,1.2395782365872066e+01,3.9706156090929772e-10,1.1834490992667285e-12,3.3551215777283471e+02,1.4389112124035819e-10,3.7006175901410643e-10
up,outer,259,4.5493234773554908e-02,1.0743201154768401e-10,8.6661236918558987e-12,1.2396778002216220e+01,1.0743465282437574e-10,3.2130687954042582e-13,3.3436773273588949e+02,-1.0660805571660603e-10,1.3280043731356272e-11
up,outer,260,4.5571068273755781e-02,7.2925672270532189e-10,5.8821736116813300e-11,1.2397742243736241e+01,7.2925977245275971e-10,2.1882182916697690e-12,3.3326646396703035e+02,6.7717476071038618e-10,-2.7064683827404679e-10
up,outer,261,4.5646254752084371e-02,8.5602499179113131e-10,6.9041651755650781e-11,1.2398674858196294e+01,8.5601846268450743e-10,2.5767554279910893e-12,3.3220788181355783e+02,8.3989615262680672e-10,1.6538814762157017e-10
up,outer,262,4.5718785262101665e-02,7.6709705991049389e-10,6.1864783451486922e-11,1.2399575608504886e+01,7.6711815956041265e-10,2.3162372078428716e-12,3.3119153641212563e+02,7.1520744882036524e-10,-2.7733770835425275e-10
up,outer,263,4.5788651173402264e-02,8.7831754467955669e-10,7.0829522331347239e-11,1.2400444274785642e+01,8.7831175725445967e-10,2.6598017800669872e-12,3.3021699731035574e+02,8.6780715946588316e-10,1.3547118982160100e-10
up,outer,264,4.5855844172641436e-02,1.0385664972636499e-09,8.3746713548064054e-11,1.2401280638524330e+01,1.0385947850686313e-09,3.1541017734133168e-12,3.2928385311571009e+02,-9.8910568624432926e-10,-3.1668645483762248e-10
up,outer,265,4.5920356264524211e-02,7.8167685711270478e-10,6.3027860975317888e-11,1.2402084491155657e+01,7.8164052902856383e-10,2.3802078508958548e-12,3.2839171114168562e+02,-6.7792438329661309e-10,-3.8914937938727689e-10
up,outer,266,4.5982179772756773e-02,8.3130835379666584e-10,6.7025560777281494e-11,1.2402855629347307e+01,8.3133787412949600e-10,2.5381247294137735e-12,3.2754019709721229e+02,8.3116358240431509e-10,1.5513812456902087e-11
up,outer,267,4.6041307340959930e-02,7.5791065715332086e-10,6.1104117505528671e-11,1.2403593867217630e+01,7.5792426144929949e-10,2.3197339885938778e-12,3.2672895477499139e+02,1.0938361327816892e-10,-7.4997585919334142e-10
up,outer,268,4.6097731933544342e-02,2.6412553968716168e-09,2.1293064551917775e-10,1.2404299016853965e+01,2.6412260192746185e-09,8.1029730509173436e-12,3.2595764575270346e+02,-2.6357742655136462e-09,-1.7007084629483415e-10
up,outer,269,4.6151446836547760e-02,5.2576367873163527e-10,4.2383306101076381e-11,1.2404970897687541e+01,5.2575721251362521e-10,1.6165906009134176e-12,3.2522594911572423e+02,-3.5155878208570357e-10,-3.9093972503678742e-10
up,outer,270,4.6202445658433886e-02,1.5264983932101301e-09,1.2304904583977926e-10,1.2405609347005957e+01,1.5265214874995302e-09,4.7037399823559268e-12,3.2453356121418790e+02,-1.4708065876334331e-09,-4.0856495964192163e-10
up,outer,271,4.6250722330852916e-02,2.2689223832896157e-09,1.8288595915464865e-10,1.2406214199150252e+01,2.2689178054209672e-09,7.0054231093308175e-12,3.2388019538732789e+02,2.2679147448911863e-09,-6.7612804244276958e-11
up,outer,272,4.6296271109363629e-02,1.3726605032340251e-10,1.1063788635469942e-11,1.2406785310714863e+01,1.3726583460290521e-10,4.2462248487269816e-13,3.2326558176507660e+02,3.3339553340283601e-11,1.3315570868144277e-10
up,outer,273,4.6339086574116867e-02,4.1221228473151910e-10,3.3223306933822467e-11,1.2407322532720933e+01,4.1223998495481226e-10,1.2775129872355342e-12,3.2268946701424636e+02,-3.7289460408373998e-10,-1.7569457000377042e-10
up,outer,274,4.6379163630500500e-02,5.5322914912410538e-09,4.4587114693232065e-10,1.2407825734641690e+01,5.5322914666724355e-09,1.7172943494341070e-11,3.2215161416535659e+02,-5.4983217978588073e-09,-6.1213278890193124e-10
up,outer,275,4.6416497509745587e-02,5.0491549847519362e-09,4.0691771733986108e-10,1.2408294772121803e+01,5.0491508701600678e-09,1.5697567471257809e-11,3.2165180238307909e+02,4.6235877348976828e-09,2.0288919433397723e-09
up,outer,276,4.6451083769493876e-02,3.2554616142722036e-09,2.6235253165921753e-10,1.2408729558214752e+01,3.2554768887787009e-09,1.0135678706006406e-11,3.2118982686867378e+02,-3.2462548205103303e-09,-2.4466295656111470e-10
up,outer,277,4.6482918294326304e-02,4.5723937066426906e-09,3.6847012814123984e-10,1.2409129960434749e+01,4.5724042884458793e-09,1.4254663636326257e-11,3.2076549858347198e+02,-4.2266687927394742e-09,-1.7441488253666648e-09
up,outer,278,4.6511997296252786e-02,8.6501852408803139e-09,6.9706177591343044e-10,1.2409495886566299e+01,8.6502215042723242e-09,2.6999994104166289e-11,3.2037864419153834e+02,-8.3622300195429489e-09,-2.2133264110379969e-09
up,outer,279,4.6538317315162885e-02,7.8323470835883711e-09,6.3114070348145841e-10,1.2409827222969579e+01,7.8323279114219619e-09,2.4473798689342469e-11,3.2002910585485375e+02,7.4355357426725277e-09,2.4613957538832665e-09
up,outer,280,4.6561875219237568e-02,4.1394757677025290e-10,3.3355636025975613e-11,1.2410123927719212e+01,4.1391505012177239e-10,1.2946305174946627e-12,3.1971674120796308e+02,-4.0586645155826773e-10,-8.1394224693553952e-11
up,outer,281,4.6582668205321816e-02,2.7412406734557073e-09,2.2088279091136890e-10,1.2410385898083177e+01,2.7412130560339650e-09,8.5812698598441219e-12,3.1944142310002576e+02,-2.2543060751445410e-09,1.5596488545099874e-09
up,outer,282,4.6600693799258235e-02,2.2321479612176508e-09,1.7985799319974014e-10,1.2410613070383551e+01,2.2321579590921915e-09,6.9929094717515309e-12,3.1920303960879068e+02,-1.8336683282882404e-09,1.2728491594060642e-09
up,outer,283,4.6615949856181414e-02,2.5453809465008197e-08,2.0509393804002728e-09,1.2410805364730228e+01,2.5453808750319065e-08,7.9792130251384484e-11,3.1900149388325690e+02,2.4795498099194901e-08,5.7514946139036738e-09
up,outer,284,4.6628434560773133e-02,4.6656729980202005e-09,3.7593159117868379e-10,1.2410962812121216e+01,4.6656630505859296e-09,1.4633393800217342e-11,3.1883670420436806e+02,-3.9157512787824089e-09,-2.5368083189647450e-09
up,outer,285,4.6638146427478391e-02,3.9964110274901573e-08,3.2200335005076875e-09,1.2411085247591560e+01,3.9964114338175756e-08,1.2539389864677845e-10,3.1870860360399593e+02,3.9763700776518363e-08,3.9972753995698440e-09
up,outer,286,4.6645084300682184e-02,1.9442831097689044e-07,1.5665587072297822e-08,1.2411172979320192e+01,1.9442829537020849e-07,6.1022547333290503e-10,3.1861714049445987e+02,-1.8847417670997402e-07,-4.7747804376996328e-08
up,outer,287,4.6649247354846983e-02,2.9174340347061781e-07,2.3506414797328275e-08,1.2411225020319865e+01,2.9174343556267267e-07,9.1581287797085552e-10,3.1856227683659739e+02,2.8879315649987802e-07,4.1385096682944322e-08
up,outer,288,4.6650635094610968e-02,2.2209865011049159e-07,1.7894956750970284e-08,1.2411242631164736e+01,2.2209859989056706e-07,6.9723054184294497e-10,3.1854399163798536e+02,1.8765705789292042e-07,1.1879662875635688e-07
in,inner,0,4.6650635094610968e-02,4.7824826373425814e-08,2.3631895558867044e-11,2.0237405947522996e+03,4.7824826777830121e-08,2.3028117957088574e-11,2.0768013637479462e+03,7.7768547157575085e-10,-4.7818502935115248e-08
in,inner,1,4.6678994854772109e-02,1.6319703754839851e-08,8.1029997258495795e-12,2.0140323715892480e+03,1.6319703957051772e-08,7.8925780658766898e-12,2.0677279110623554e+03,1.1609557759584277e-10,1.6319290807587095e-08
in,inner,2,4.6764070760727625e-02,6.1883864685534788e-09,3.1185079983885070e-12,1.9844061556844924e+03,6.1885002561125135e-09,3.0336445720470761e-12,2.0399556075669634e+03,2.9608315799123375e-11,-6.1883156377007253e-09
in,inner,3,4.6905852689295549e-02,3.4114161439213688e-09,1.7644451706189500e-12,1.9334214520957191e+03,3.4113027086566606e-09,1.7125968319530902e-12,1.9918889519177271e+03,-5.6623150612722384e-11,-3.4109461921616457e-09
in,inner,4,4.7104323769844227e-02,4.5359577404519758e-10,2.4401392891222490e-13,1.8588929577391550e+03,4.5359757507863005e-10,2.3611730020520543e-13,1.9210687852368983e+03,1.9975132659055816e-11,-4.5315573515836149e-10
in,inner,5,4.7359460386299866e-02,1.1569627500020793e-09,6.5803113392156318e-13,1.7582188598085218e+03,1.1569629942823680e-09,6.3413736807194864e-13,1.8244674616795332e+03,3.5352165639324085e-11,-1.1564225133042783e-09
in,inner,6,4.7671232179956495e-02,1.1413610997065588e-10,7.0071583692815282e-14,1.6288501551643781e+03,1.1424358276276141e-10,6.7246048684960713e-14,1.6988891540375589e+03,4.3823333850667723e-11,-1.0538769856793806e-10
in,inner,7,4.8039602053088500e-02,3.9609366752785580e-10,2.6964928578511182e-13,1.4689216267515339e+03,3.9597995373580670e-10,2.5688699605099246e-13,1.5414558145138810e+03,-2.6290081223123707e-12,-3.9608494262211025e-10
in,inner,8,4.8464526173364796e-02,1.5047756848157344e-10,1.1773296115859094e-13,1.2781260829656210e+03,1.5047844668285326e-10,1.1145339320425346e-13,1.3501468403665476e+03,7.4305006592112477e-12,-1.5029399946797639e-10
in,inner,9,4.8945953979064427e-02,1.2365121146428760e-10,1.1674541306227679e-13,1.0591526315327435e+03,1.2364169223020022e-10,1.0996759165776375e-13,1.1243466403719415e+03,-1.6003198766156856e-11,-1.2261125448276289e-10
in,inner,10,4.9483828185092969e-02,1.8261690717791356e-11,2.2244444268939110e-14,8.2095513365065051e+02,1.8272159092299680e-11,2.1115534956920844e-14,8.6534199249878736e+02,1.5786483231750026e-11,-9.1802121460204944e-12
in,inner,11,5.0078084789798791e-02,4.5382273622206390e-11,7.7151514882742330e-14,5.8822271592696552e+02,4.5324162754447458e-11,7.8591739977878231e-14,5.7670389747326078e+02,-4.0026648662205844e-11,-2.1387336346379016e-11
in,inner,12,5.0728653082588684e-02,4.3187418793215863e-11,8.0677313008546608e-14,5.3531057471684483e+02,4.3173031457975477e-11,1.1155960315309104e-13,3.8699520469546650e+02,1.3766765505351941e-12,-4.3165471197426086e-11
in,inner,13,5.1435455652341658e-02,7.5691479988964720e-12,9.8740607921895726e-15,7.6656890799008477e+02,7.5523047238505380e-12,1.6890761939675513e-14,4.4712634935139135e+02,7.3256956056866329e-12,1.9042545318370685e-12
in,inner,14,5.2198408396620162e-02,1.4061759080207412e-10,1.3588168879791622e-13,1.0348531288215086e+03,1.4061085598025695e-10,1.8355053394992546e-13,7.6606072973133973e+02,-4.4437342694436666e-11,-1.3341150406631641e-10
in,inner,15,5.3017420531677378e-02,6.4911600416854159e-11,5.0049026017070550e-14,1.2969603123688028e+03,6.5004085964964470e-11,6.0973971962405649e-14,1.0660956449588627e+03,-2.2055246517993510e-11,-6.1049831856507808e-11
in,inner,16,5.3892394603259612e-02,5.1639391271509880e-11,3.3773064088706306e-14,1.5290111414195926e+03,5.1621056408403348e-11,3.8704148478495976e-14,1.3337344558060490e+03,2.2225776774575934e-11,4.6611603465862572e-11
in,inner,17,5.4823226498202315e-02,7.9628038694596077e-11,4.6430161210481898e-14,1.7150067244784741e+03,7.9628038694596064e-11,5.1168146621899508e-14,1.5562033013037837e+03,1.2306600183364935e-11,-7.8671291703358293e-11
in,inner,18,5.5809805456818670e-02,1.7357383676286328e-10,9.4162060862351838e-14,1.8433521438809344e+03,1.7357184255948381e-10,1.0076933407370066e-13,1.7224669008186247e+03,-1.2192913345643319e-11,1.7314505385002121e-10
in,inner,19,5.6852014086078595e-02,2.6354895005391747e-11,1.3824079101625068e-14,1.9064485099982999e+03,2.6230142950202384e-11,1.4379457278308068e-14,1.8241399826523013e+03,2.0094148567295633e-11,-1.7053025658242404e-11
in,inner,20,5.7949728373577661e-02,1.9433986808113135e-11,1.0219930652135851e-14,1.9015771701006258e+03,1.9393875766871428e-11,1.0448210053283218e-14,1.8561912201197704e+03,-1.3727685654885136e-11,-1.3756107364315540e-11
in,inner,21,5.9102817702293114e-02,9.0607767766283703e-12,4.9245033396484335e-15,1.8399371777612055e+03,9.0607767766283703e-12,4.9856749108166504e-15,1.8173621302445131e+03,-8.6401996668428183e-12,-2.7284841053187847e-12
in,inner,22,6.0311144866126064e-02,3.5984903538207774e-11,2.0484733426464000e-14,1.7566693590319937e+03,3.5871406423532221e-11,2.0109741465861405e-14,1.7837825754462360e+03,2.0747847884194925e-12,3.5925040720030665e-11
in,inner,23,6.1574566086227661e-02,6.3542806750422490e-11,3.9109390605875814e-14,1.6247455090971371e+03,6.3561777457201992e-11,3.7678633791044804e-14,1.6869448560608084e+03,1.4097167877480388e-11,-6.1959326558280736e-11
in,inner,24,6.2892931028107280e-02,4.3886800774703451e-11,3.0481299884882777e-14,1.4397942653511686e+03,4.3887178102206077e-11,2.8647612603470809e-14,1.5319663355433995e+03,-5.6843418860808015e-13,-4.3883119360543787e-11
in,inner,25,6.4266082819520912e-02,2.6303213381983973e-11,2.1707151467473218e-14,1.2117303102342864e+03,2.6411721270408099e-11,1.9890164984908841e-14,1.3278784409504558e+03,-3.7516656448133290e-12,2.6034285838250071e-11
in,inner,26,6.5693858069137301e-02,9.0342291933233768e-11,9.4651924066668819e-14,9.5446862622254230e+02,9.0250541550200316e-11,8.3132103340301255e-14,1.0856280296525126e+03,5.3319126891437918e-11,7.2930106398416683e-11
in,inner,27,6.7176086885979966e-02,2.9886387004336496e-11,4.3515086325687278e-14,6.8680518707127862e+02,2.9855798384503953e-11,3.6531184966360918e-14,8.1726881873654315e+02,9.5212726591853425e-13,-2.9871216611354612e-11
in,inner,28,6.8712592899642322e-02,4.3245632537082694e-12,9.7801103427156799e-15,4.4217939288683442e+02,4.2822389356450579e-12,8.0019221713734511e-15,5.3515128539547561e+02,2.7817748105007922e-12,3.3111291486420669e-12
in,inner,29,7.0303193281274351e-02,5.2661372378247515e-11,1.2507948958687169e-13,4.2102324331658320e+02,5.2655070026595588e-11,1.3546284057023390e-13,3.8870490095248908e+02,5.0647486204979941e-11,1.4424017535930034e-11
in,inner,30,7.1947698765337076e-02,4.5726222412060975e-11,7.3211984467238244e-14,6.2457291309352615e+02,4.5723676247449698e-11,1.1190554588733998e-13,4.0859169118822444e+02,-4.4806824917031918e-11,-9.1233687271596864e-12
in,inner,31,7.3645913672123503e-02,7.9315947696469271e-11,9.5639291658961065e-14,8.2932387223549290e+02,7.9315947696469271e-11,1.2228233173264072e-13,6.4862966360411269e+02,-7.8927087088231929e-11,-7.8443918027915061e-12
in,inner,32,7.5397635931042289e-02,1.3311417071423547e-10,1.3249893156427855e-13,1.0046433517817347e+03,1.3303983600747926e-10,1.5627039975821474e-13,8.5134380031868886e+02,-1.2286704986763652e-10,-5.1215920393588021e-11
in,inner,33,7.7202657104662509e-02,5.0250257444773607e-11,4.4056222940889607e-14,1.1405938614436957e+03,5.0199819641251081e-11,4.9566460152248404e-14,1.0127779850943007e+03,-4.9965365178650245e-11,5.3432813729159534e-12
in,inner,34,7.9060762413515062e-02,1.8391371714095423e-11,1.4902908208964065e-14,1.2340793794215988e+03,1.8368869668912026e-11,1.6238390886965905e-14,1.1312001168574034e+03,8.8107299234252423e-12,-1.6143530956469476e-11
in,inner,35,8.0971730761649971e-02,1.8207826400295662e-11,1.4165551092898088e-14,1.2853595515549107e+03,1.8102375554495000e-11,1.4999422515248040e-14,1.2068715002922663e+03,-1.4267698134062812e-11,-1.1311840353300795e-11
in,inner,36,8.2935334762944013e-02,8.2304265153904077e-11,6.3462392006475766e-14,1.2968982503134403e+03,8.2350793418843683e-11,6.6318996008962803e-14,1.2417376373990076e+03,-6.7359451350057498e-11,-4.7293724492192268e-11
in,inner,37,8.4951340768157607e-02,1.7409558904286176e-10,1.3676241132746703e-13,1.2729783524071049e+03,1.7403907464723103e-10,1.4045869709976535e-13,1.2390765274122837e+03,1.8701484805205837e-11,-1.7308821043116041e-10
in,inner,38,8.7019508892736852e-02,3.3836925410286591e-11,2.7707203491255964e-14,1.2212320677171583e+03,3.3836925410286591e-11,2.8123937864683352e-14,1.2031361174630288e+03,2.1884716261411086e-11,-2.5806912162806839e-11
in,inner,39,8.9139593045357277e-02,8.7328217128410338e-11,7.5259563484818586e-14,1.1603603991940008e+03,8.7328217128410338e-11,7.4416593382472219e-14,1.1735046332956606e+03,2.0349943952169269e-11,-8.4924067778047174e-11
in,inner,40,9.1311340957206083e-02,8.9364688415704122e-11,8.1913052761663437e-14,1.0909700640229121e+03,8.9475983197310789e-11,7.8273105491676978e-14,1.1431255044151155e+03,8.7482021626783535e-11,-1.8246737454319373e-11
in,inner,41,9.3534494211999886e-02,1.0285989025094315e-10,1.0234171470027112e-13,1.0050631900412222e+03,1.0291329479771215e-10,9.4306976003973050e-14,1.0912585596358908e+03,9.6633812063373625e-11,3.5242919693700969e-11
in,inner,42,9.5808788276733753e-02,2.1698717448370609e-10,2.3968313771000733e-13,9.0530846915997449e+02,2.1702643127586175e-10,2.1235080133908657e-13,1.0220184237935086e+03,-1.4983925211708993e-10,-1.5694467947469093e-10
in,inner,43,9.8133952533157348e-02,9.5371619836787488e-11,1.1981745740606835e-13,7.9597432545716197e+02,9.5347329140287300e-11,1.0149715369848322e-13,9.3940889636703355e+02,8.1513462646398693e-11,4.9510617827763781e-11
in,inner,44,1.0050971030997666e-01,1.3642625694266120e-10,2.0021451075424738e-13,6.8140044609512415e+02,1.3639380545278176e-10,1.6099502497366527e-13,8.4719267241389821e+02,-1.3480416782840621e-10,-2.0975221559638157e-11
in,inner,45,1.0293577891577449e-01,1.7798426047954293e-10,3.1455189202198672e-13,5.6583433447318794e+02,1.7802390045177736e-10,2.3774581607844505e-13,7.4879929913482783e+02,-1.0328449207008816e-10,-1.4495071809506044e-10
in,inner,46,1.0541186967264818e-01,4.5352232390384607e-11,9.9972102794845004e-14,4.5364887926237725e+02,4.5321383425680063e-11,7.0019593544946178e-14,6.4726715953567884e+02,3.1292302082874812e-11,3.2827074392116629e-11
in,inner,47,1.0793768795055926e-01,1.0718081370931504e-10,3.0620393096589420e-13,3.5003082217534666e+02,1.0719184032992517e-10,1.9660495470375768e-13,5.4521433852692439e+02,8.3161921793362126e-11,6.7615246734931134e-11
in,inner,48,1.1051293320239161e-01,7.7555869559634809e-11,2.9577501324153796e-13,2.6221237794789840e+02,7.7547516503532711e-11,1.7432954493314996e-13,4.4483289698983504e+02,7.2532202466391027e-11,-2.7458924023449072e-11
in,inner,49,1.1313729899971353e-01,4.8460317038523057e-11,2.0579467116213929e-13,2.3547896923114527e+02,4.8428000618217112e-11,1.2570383416861910e-13,3.8525476122912687e+02,1.8079759911415749e-11,-4.4961367962059740e-11
in,inner,50,1.1581047306923961e-01,8.8477917279396105e-11,3.0163171386360792e-13,2.9333095033701966e+02,8.8509616281907429e-11,2.2657591984120625e-13,3.9063999538847122e+02,-3.3949731914617587e-11,-8.1705309185053920e-11
in,inner,51,1.1853213732998805e-01,2.3328320257826818e-11,6.5320612499193071e-14,3.5713566308207845e+02,2.3312767476827271e-11,5.9548360674086277e-14,3.9149301866461479e+02,-8.8107299234252423e-12,2.1600499167107046e-11
in,inner,52,1.2130196793112927e-01,3.9604693471598375e-11,9.4698178389088453e-14,4.1822022498546607e+02,3.9590502676516406e-11,1.0196798426041181e-13,3.8826405134584070e+02,-3.9548808672407176e-11,2.1032064978498966e-12
in,inner,53,1.2411963529052090e-01,7.0572392237456780e-11,1.4939915708934209e-13,4.7237476845504443e+02,7.0597902885194031e-11,1.8509288029453707e-13,3.8141879240763910e+02,6.9491079557337798e-11,-1.2306600183364935e-11
in,inner,54,1.2698480413392471e-01,6.1264970847497503e-11,1.1827242795607951e-13,5.1799875851240881e+02,6.1264970847497503e-11,1.4610208648891483e-13,4.1932988309613120e+02,-2.7398527890909463e-11,5.4797055781818926e-11
in,inner,55,1.2989713353490084e-01,1.1771304487955950e-10,2.1220927751538864e-13,5.5470263250400717e+02,1.1765759738304026e-10,2.5321054751925278e-13,4.6466309770960152e+02,-1.1482370609883219e-10,-2.5920599000528455e-11
in,inner,56,1.3285627695537477e-01,1.0413715886703266e-10,1.7872168437928573e-13,5.8267780559873904e+02,1.0415216373272385e-10,2.0806183581048355e-13,5.0058273939095932e+02,-5.4967586038401350e-11,-8.8448359747417271e-11
in,inner,57,1.3586188228687174e-01,3.4111000716482528e-10,5.6623863315171502e-13,6.0241387145590625e+02,3.4108262572219225e-10,6.4629353243740241e-13,5.2775187836995451e+02,-3.4088998290826567e-10,1.2249756764504127e-11
in,inner,58,1.3891359189241437e-01,6.8412016939251023e-11,1.1131908277643753e-13,6.1455785686487457e+02,6.8425134117531132e-11,1.2511570335599074e-13,5.4689485238189195e+02,-2.9956481739645824e-11,6.1504579207394272e-11
in,inner,59,1.4201104264907743e-01,4.6476343437611566e-11,7.4981713489912612e-14,6.1983570759374675e+02,4.6470320618529472e-11,8.3165602994519364e-14,5.5876851661367596e+02,9.8623331723501906e-12,-4.5417891669785604e-11
in,inner,60,1.4515386599119640e-01,1.4659679129779531e-10,2.3682678983152359e-13,6.1900425793079785e+02,1.4663654278514749e-10,2.5992992098032136e-13,5.6413875798565323e+02,1.1786482900788542e-10,8.7169382823049091e-11
in,inner,61,1.4834168795422289e-01,9.3482402662981797e-11,1.5254462669694466e-13,6.1282002969990015e+02,9.3465831828078380e-11,1.6578957968879891e-13,5.6376179976764320e+02,-7.5942807598039508e-11,-5.4512838687514886e-11
in,inner,62,1.5157412921922223e-01,1.6835537385254620e-10,2.7965154497528502e-13,6.0201839352407319e+02,1.6837868162961439e-10,3.0155408320111908e-13,5.5836976187556900e+02,-1.5356249605247285e-10,6.9007910497020930e-11
in,inner,63,1.5485080515800942e-01,3.5377275341735578e-10,6.0237176628565053e-13,5.8729969300983680e+02,3.5373481093141007e-10,6.4472507792759889e-13,5.4865992194448756e+02,3.1869262784312014e-10,1.5359091776190326e-10
in,inner,64,1.5817132587891541e-01,2.8882393399007533e-10,5.0731355947156881e-13,5.6932035148227055e+02,2.8878247629142050e-10,5.3949078807592835e-13,5.3528713126196521e+02,2.1066171029815450e-10,1.9758772396016866e-10
in,inner,65,1.6153529627318064e-01,4.3699349105569778e-10,7.9643390981737210e-13,5.4868770109989850e+02,4.3702592038198742e-10,8.4228283779067931e-13,5.1885886874807170e+02,4.3186787479498889e-10,-6.6734173742588609e-11
in,inner,66,1.6494231606196896e-01,2.4468072734491445e-10,4.6520991026666247e-13,5.2595768478934872e+02,2.4467465389687426e-10,4.8941541995417982e-13,4.9993245803285322e+02,2.2120616449683439e-10,1.0457767984917155e-10
in,inner,67,1.6839197984399662e-01,3.4954287019527912e-10,6.9680738426058123e-13,5.0163485360620473e+02,3.4957019092486163e-10,7.2977026802645262e-13,4.7901402159095699e+02,3.3600144888623618e-10,-9.6349594969069585e-11
in,inner,68,1.7188387714377129e-01,4.3973247786148864e-10,9.2346957803506063e-13,4.7617429780106266e+02,4.3973247786148864e-10,9.6314533884480759e-13,4.5655879764615997e+02,4.3908698899031151e-10,2.3817392502678558e-11
in,inner,69,1.7541759246043437e-01,2.1838751473813843e-10,4.8532139087497161e-13,4.4998534753313476e+02,2.1839914700632038e-10,5.0441806002800464e-13,4.3297249704777647e+02,-1.2545342542580329e-10,-1.7875834146252600e-10
in,inner,70,1.7899270531720118e-01,4.1077841676273670e-10,9.7010504659410681e-13,4.2343704757017611e+02,4.1082430751452161e-10,1.0054106911286659e-12,4.0861342647285119e+02,3.7405811781354714e-10,-1.6976287042780314e-10
in,inner,71,1.8260879031139421e-01,1.3777007648301053e-10,3.4714560430495237e-13,3.9686539243050731e+02,1.3778478976304706e-10,3.5900607350125941e-13,3.8379514981259422e+02,-7.1310068960883655e-11,1.1787903986260062e-10
in,inner,72,1.8626541716506095e-01,4.0876428179281454e-10,1.1030348042388720e-12,3.7058149046790453e+02,4.0870599230328990e-10,1.1391247279815972e-12,3.5878950062603911e+02,3.8443204175564460e-10,1.3892531569581479e-10
in,inner,73,1.8996215077617329e-01,3.1636486786910345e-10,9.1732769662405234e-13,3.4487661174233460e+02,3.1636486786910340e-10,9.4768313882758111e-13,3.3382979490433030e+02,2.1569235286733601e-10,-2.3143797989177983e-10
in,inner,74,1.9369855127039981e-01,9.2252626744974895e-11,2.8827764556610706e-13,3.2001311292734204e+02,9.2246966431026289e-11,2.9842365327639555e-13,3.0911412489675718e+02,5.5763393902452663e-11,-7.3491435159667162e-11
in,inner,75,1.9747417405344686e-01,9.0758024162900415e-11,3.0641984298174473e-13,2.9618846899646576e+02,9.0758671395247454e-11,3.1866544028013842e-13,2.8480864230354445e+02,-9.0381035988684744e-11,8.2636120168899652e-12
in,inner,76,2.0128856986396065e-01,5.5250890243139644e-10,2.0202172819226985e-12,2.7348984061039118e+02,5.5250968311785157e-10,2.0314480759008375e-12,2.7197824530801427e+02,5.4916426961426623e-10,-6.0701665915985359e-11
in,inner,77,2.0514128482698490e-01,1.0599266970993541e-10,4.2077822230743339e-13,2.5189675722450752e+02,1.0597928099870883e-10,4.0765216193735181e-13,2.5997477971181661e+02,5.4370730140362866e-11,9.0984997314080829e-11
in,inner,78,2.0903186050796707e-01,4.1779595026535349e-10,1.8059669198692366e-12,2.3134197291698155e+02,4.1778152135737379e-10,1.6852176698487719e-12,2.4790953052068619e+02,4.1758596580621088e-10,1.3244516594568267e-11
in,inner,79,2.1295983396730839e-01,2.2555872623043613e-10,1.0651244402488215e-12,2.1176748716585999e+02,2.2555821376814322e-10,9.5625114984569239e-13,2.3587758697549378e+02,1.0733458566392073e-10,-1.9838353182421997e-10
in,inner,80,2.1692473781544780e-01,4.1047716506331065e-10,2.1252564842286802e-12,1.9314241274378946e+02,4.1046108046891587e-10,1.8327490940907713e-12,2.2395923249524017e+02,-1.9282708763057599e-10,-3.6236613709661469e-10
in,inner,81,2.2092610026847775e-01,2.1711065763312065e-10,1.2373900594829814e-12,1.7545854354433391e+02,2.1711720925658476e-10,1.0230687288179915e-12,2.1222152836929382e+02,1.6852652606758056e-10,-1.3687895261682570e-10
in,inner,82,2.2496344520428108e-01,5.0475654112909514e-10,3.1801275008497292e-12,1.5872210815265248e+02,5.0476389692721017e-10,2.5147689330614433e-12,2.0071979190259754e+02,2.0352786123112310e-10,-4.6190429259240773e-10
in,inner,83,2.2903629221918526e-01,5.1921180211937907e-10,3.6321608275547031e-12,1.4294846147243166e+02,5.1921170182752676e-10,2.7399184155571232e-12,1.8949896423173334e+02,-5.1838355830113869e-10,-2.9315216920622333e-11
in,inner,84,2.3314415668512500e-01,3.3818777908794578e-10,2.6387811375759960e-12,1.2816060198103719e+02,3.3819487605110414e-10,1.8936427598627648e-12,1.7859486658170607e+02,-3.3778491115299403e-10,1.6502355038028327e-11
in,inner,85,2.3728654980730884e-01,1.1050049103738461e-10,9.6598674349252039e-13,1.1439131207729686e+02,1.1050267930525164e-10,6.5761568416657655e-13,1.6803534642774866e+02,-1.8744117369351443e-11,1.0889911195022250e-10
in,inner,86,2.4146297868238037e-01,1.2831650880367615e-10,1.2618473235675891e-12,1.0168940917581861e+02,1.2831505699921450e-10,8.1293706528587391e-13,1.5784131697094139e+02,-4.4153125600132626e-11,-1.2048081976523406e-10
in,inner,87,2.4567294635706899e-01,4.1442010440954153e-10,4.5979158816014226e-12,9.0132163154146667e+01,4.1441946647920020e-10,2.7996076486987943e-12,1.4802769476351969e+02,4.1143977114188601e-10,-4.9611870167609595e-11
in,inner,88,2.4991595188732241e-01,1.6546617914042313e-10,2.0722509204077553e-12,7.9848524862937197e+01,1.6546019852813868e-10,1.1937599965007469e-12,1.3860424123203157e+02,1.4757262079001521e-10,-7.4842354536031053e-11
in,inner,89,2.5419149039791378e-01,9.4141689787211177e-11,1.3248192464128721e-12,7.1060025767373617e+01,9.4141689787211190e-11,7.2653470819945925e-13,1.2957631442070900e+02,-8.1108453287015436e-12,9.3791641120333225e-11
in,inner,90,2.5849905314251709e-01,1.0683067004496861e-10,1.6657873523237095e-12,6.4132237464730366e+01,1.0683014337266315e-10,8.8329131871193174e-13,1.2094553757015211e+02,-2.4886759319997509e-12,-1.0680167861210066e-10
in,inner,91,2.6283812756424257e-01,2.3390827903887689e-10,3.9287593412123239e-12,5.9537441396626306e+01,2.3391337402156855e-10,2.0753487899690361e-12,1.1271039121335286e+02,1.1710188374536301e-10,2.0248513976639515e-10
in,inner,92,2.6720819735662610e-01,8.6275870698234120e-11,1.5001621678380313e-12,5.7511029505944123e+01,8.6278987515695790e-11,7.9586898822533495e-13,1.0840853053978724e+02,-8.3242301940344987e-11,-2.2676971411783597e-11
in,inner,93,2.7160874252506434e-01,3.1913758635045733e-10,5.5326662306727711e-12,5.7682421647121544e+01,3.1914007973714645e-10,2.8942896836960339e-12,1.1026542420232163e+02,-3.0659608185601428e-10,-8.8586915580890491e-11
in,inner,94,2.7603923944868924e-01,4.0129466661489092e-10,6.7600631823722201e-12,5.9362561530685269e+01,4.0129634468413400e-10,3.5894396394402950e-12,1.1179916226330764e+02,2.6734792157867560e-10,2.9926994216111780e-10
in,inner,95,2.8049916094267285e-01,1.4457482179696177e-10,2.3328365681989267e-12,6.1973832101140793e+01,1.4457560971273172e-10,1.2790471052187284e-12,1.1303384302488844e+02,8.9020346649704152e-11,1.1391776411073806e-10
in,inner,96,2.8498797632095818e-01,1.0157551178508829e-10,1.5597573390782682e-12,6.5122637502775845e+01,1.0157383593858933e-10,8.9105870449531425e-13,1.1399230536232697e+02,-4.7915449385982356e-11,-8.9563911842560628e-11
in,inner,97,2.8950515145940464e-01,2.0804353455806115e-10,3.0353539084178934e-12,6.8540124425391610e+01,2.0804730301119622e-10,1.8138997204426200e-12,1.1469614370987908e+02,-2.0594725924638624e-10,2.9459101824613754e-11
in,inner,98,2.9405014885934389e-01,1.2434117222081174e-10,1.7260468548866065e-12,7.2038121021332529e+01,1.2433615522978410e-10,1.0796280569592298e-12,1.1516573177986558e+02,-8.3055340382998111e-11,9.2533980478037847e-11
in,inner,99,2.9862242771153669e-01,8.3363565353794913e-11,1.1043608731550609e-12,7.5485801226941888e+01,8.3362737686786692e-11,7.2225398364196758e-13,1.1542025322786020e+02,-8.1069373436548631e-11,1.9422685682002339e-11
in,inner,100,3.0322144396052364e-01,3.2038045947569996e-10,4.0660079414513392e-12,7.8794843514580535e+01,3.2038072912291639e-10,2.7743938832636976e-12,1.1547773769816418e+02,3.1945646128406224e-10,-2.4314772417710628e-11
in,inner,101,3.0784665036936282e-01,5.7687040512839408e-10,7.0428932538053583e-12,8.1908156824143873e+01,5.7686118945324368e-10,5.0007427907843101e-12,1.1535510094946704e+02,5.7043081369556603e-10,-8.5954354744899319e-11
in,inner,102,3.1249749658474485e-01,1.5879365045627174e-10,1.8727635538933168e-12,8.4791083276985603e+01,1.5878965054233696e-10,1.3799613378121931e-12,1.1506818792045576e+02,-1.5733903069303778e-10,2.1444179765239824e-11
in,inner,103,3.1717342920248009e-01,1.8885572409045088e-10,2.1602087403736895e-12,8.7424756950932988e+01,1.8886240418733943e-10,1.6475565667435700e-12,1.1463181780801003e+02,-1.7755041881173383e-10,6.4360961005149875e-11
in,inner,104,3.2187389183334780e-01,1.2186713836957626e-10,1.3570760136399854e-12,8.9801261789824849e+01,1.2185640775166999e-10,1.0683551550536694e-12,1.1405983036188790e+02,-4.0266456835524878e-11,1.1502265806484502e-10
in,inner,105,3.2659832516930093e-01,3.2019659826413397e-10,3.4834199958044185e-12,9.1920181502601636e+01,3.2019586842863782e-10,2.8244651656808847e-12,1.1336513274060835e+02,3.1717917181595112e-10,4.3854697651113383e-11
in,inner,106,3.3134616705001807e-01,7.4334998165686338e-11,7.9260084674455543e-13,9.3786170518240056e+01,7.4336773890740864e-11,6.6042058798800209e-13,1.1255974638405934e+02,1.9824142327706795e-12,7.4308559305791277e-11
in,inner,107,3.3611685252979540e-01,2.8547855116150441e-10,2.9922102081188916e-12,9.5407251264267217e+01,2.8547123254676048e-10,2.5567292748894798e-12,1.1165485346863741e+02,-2.7942803626501700e-10,-5.8463456298341043e-11
in,inner,108,3.4090981394476910e-01,1.0059232007330475e-10,1.0392453506815051e-12,9.6793620493312176e+01,1.0059232007330474e-10,9.0901458660439574e-13,1.1066084258236732e+02,4.6902925987524213e-11,-8.8988372226594947e-11
in,inner,109,3.4572448098046188e-01,7.8163721856119385e-11,7.9794065670475689e-13,9.7956810696814102e+01,7.8171037002556748e-11,7.1332169829515562e-13,1.0958735334896741e+02,7.6674666615872411e-11,-1.5184298263193341e-11
in,inner,110,3.5056028073964446e-01,3.5677047856361107e-10,3.6070541539714295e-12,9.8909099596079130e+01,3.5677047856361107e-10,3.2899258280092539e-12,1.0844331976307629e+02,3.5477398796501802e-10,3.7690739418394514e-11
in,inner,111,3.5541663781050503e-01,9.1280277073643314e-11,9.1588845548162612e-13,9.9663093826903804e+01,9.1269372631234784e-11,8.5109954902011714e-13,1.0723701209372570e+02,-8.3701934272539802e-11,3.6415315207705135e-11
in,inner,112,3.6029297433511720e-01,8.7227203623390038e-11,8.7025794762084105e-13,1.0023143581952519e+02,8.7227203623390038e-11,8.2308390648442522e-13,1.0597607720937816e+02,-8.6266993548633764e-11,1.2907008795082220e-11
in,inner,113,3.6518871007819936e-01,2.2952117845205485e-10,2.2809195774044481e-12,1.0062659846746391e+02,2.2952889919336249e-10,2.1929321876515434e-12,1.0466757726748028e+02,1.7534773633087752e-10,1.4809842241447768e-10
in,inner,114,3.7010326249615699e-01,5.6831318029205735e-11,5.6346321095534476e-13,1.0086074285639511e+02,5.6833011232505089e-11,5.5007836533337418e-13,1.0331802669254503e+02,5.5194959713844582e-11,1.3539391829908709e-11
in,inner,115,3.7503604680639929e-01,3.4712029433753659e-10,3.4386859859244498e-12,1.0094562160034437e+02,3.4711238421000987e-10,3.4052851252644392e-12,1.0193342743452493e+02,3.2348879130950081e-10,1.2588685649461695e-10
in,inner,116,3.7998647605692254e-01,4.9354675510283803e-10,4.8918074185289257e-12,1.0089251535810835e+02,4.9354675510283803e-10,4.9099699542160696e-12,1.0051930250184967e+02,4.9292481207885430e-10,2.4769519768597092e-11
in,inner,117,3.8495396119615177e-01,1.1642332318083723e-10,1.1560002718137920e-12,1.0071219360369722e+02,1.1642626877263087e-10,1.1750647310457358e-12,9.9080727807240550e+01,-8.6963325429678662e-11,7.7406525633705314e-11
in,inner,118,3.8993791114303167e-01,1.1185887162423029e-10,1.1139669435221376e-12,1.0041489316599935e+02,1.1185554498261210e-10,1.1457983826298099e-12,9.7622362431585785e+01,3.9264591578103136e-11,1.0474110467839637e-10
in,inner,119,3.9493773285735978e-01,2.5241934601915576e-10,2.5239332481757638e-12,1.0001030978200322e+02,2.5241934601915576e-10,2.6253077688918344e-12,9.6148477908060357e+01,2.5239188516934519e-10,3.7232439353829250e-12
in,inner,120,3.9995283141035171e-01,3.6850931336163914e-10,3.7033283531311949e-12,9.9507599170908364e+01,3.6851058750992496e-10,3.8928684712824238e-12,9.4662994711590358e+01,3.4399505466353730e-10,1.3216094885137863e-10
in,inner,121,4.0498261005543218e-01,1.3226246437482003e-10,1.3371273272125386e-12,9.8915385007157752e+01,1.3225795218820789e-10,1.4121368236395711e-12,9.3658029430415127e+01,-8.3993256794201443e-11,-1.0216893997494481e-10
in,inner,122,4.1002647029924161e-01,1.5301014314474188e-10,1.5574855813339111e-12,9.8241771852357118e+01,1.5300421132305130e-10,1.6410573958340547e-12,9.3235137120410158e+01,1.0545164741415647e-10,-1.1086953577432723e-10
in,inner,123,4.1508381197285110e-01,2.3176940246126902e-10,2.3772595537989203e-12,9.7494361560518570e+01,2.3176921170046963e-10,2.4995454170112310e-12,9.2724545080521835e+01,2.3042900920700049e-10,2.4890312033676310e-11
in,inner,124,4.2015403330317652e-01,1.1997496613776935e-10,1.2409456818450844e-12,9.6680272064274476e+01,1.1996845846024557e-10,1.3021045723027588e-12,9.2134273246642977e+01,1.1931433618883602e-10,-1.2573053709274973e-11
in,inner,125,4.2523653098458319e-01,1.5686883882880921e-10,1.6373565396512496e-12,9.5806157687696810e+01,1.5686171436604483e-10,1.7148639235511480e-12,9.1471814300702576e+01,-1.5685941434639972e-10,-1.7195134205394424e-12
in,inner,126,4.3033070025067360e-01,2.5746809748839822e-10,2.7136688418820348e-12,9.4878230355415866e+01,2.5746106960005142e-10,2.8372195123955717e-12,9.0744148796110352e+01,-2.5465851649641991e-10,3.7932323948552948e-11
in,inner,127,4.3543593494624827e-01,4.5538198372104806e-10,4.8495305742534882e-12,9.3902281210207079e+01,4.5537530632570128e-10,5.0621006303354272e-12,8.9957774366790289e+01,-4.5268677695275983e-10,4.9471537977296975e-11
in,inner,128,4.4055162759943234e-01,1.6194240014713979e-10,1.7434963956683259e-12,9.2883702283229098e+01,1.6194949423734061e-10,1.8172328776791184e-12,8.9118734437698834e+01,-1.6168399952221080e-10,-9.1446850092324894e-12
in,inner,129,4.4567716949395847e-01,3.1720984373651591e-11,3.4544098045922038e-13,9.1827507933432003e+01,3.1730459589688680e-11,3.5962266956913662e-13,8.8232645699741056e+01,1.7870149804366520e-11,2.6208368808511295e-11
in,inner,130,4.5081195074159824e-01,2.8789994972653522e-10,3.1728583461785339e-12,9.0738355865552194e+01,2.8790002991141313e-10,3.2976454864382959e-12,8.7304724263239933e+01,-2.8782665140170138e-10,6.4961369616867159e-12
in,inner,131,4.5595536035473261e-01,3.4009430070740898e-10,3.7948242231082809e-12,8.9620567571070012e+01,3.4009430070740893e-10,3.9390206995108648e-12,8.6339810488845814e+01,3.2572700092714513e-10,-9.7806207577377791e-11
in,inner,132,4.6110678631905311e-01,5.4669520101118808e-11,6.1788725558871781e-13,8.8478148087113652e+01,5.4662707997073772e-11,6.4051061126859576e-13,8.5342392515260244e+01,-5.4200199883780442e-11,-7.1480599217466079e-12
in,inner,133,4.6626561566638564e-01,5.8587030585649786e-11,6.7098621567008668e-13,8.7314805010027385e+01,5.8587612691704499e-11,6.9485241177372582e-13,8.4316628537202476e+01,5.7795546126726549e-11,-9.5976560032795533e-12
in,inner,134,4.7143123454762792e-01,4.2955040301659088e-11,4.9870036113278414e-13,8.6133966705153171e+01,4.2956610941189437e-11,5.1589389628721019e-13,8.3266367852653346e+01,2.0065726857865229e-11,-3.7980285583216755e-11
in,inner,135,4.7660302830579093e-01,1.4494781951322151e-10,1.7064971489191165e-12,8.4938799695639972e+01,1.4494786798303686e-10,1.7634596616010423e-12,8.2195170742629244e+01,-1.4489387467619963e-10,3.9541703245049575e-12
in,inner,136,4.8178038154913683e-01,1.2627015175023403e-10,1.5080233616455331e-12,8.3732225217287009e+01,1.2627724040789288e-10,1.5569345171606162e-12,8.1106327219326388e+01,-1.2597212162290816e-10,-8.6703977331126225e-12
in,inner,137,4.8696267822440459e-01,7.7718903151929243e-11,9.4185397472657030e-13,8.2516934936216444e+01,7.7721314371135042e-11,9.7148152075025003e-13,8.0002874692987348e+01,-7.0201622293097898e-12,-7.7401196563187113e-11
in,inner,138,4.9214930169011450e-01,5.9703135938581464e-11,7.3439741540488979e-13,8.1295405847344639e+01,5.9704083915003240e-11,7.5682455620856151e-13,7.8887614606614747e+01,5.0491166803112719e-11,3.1860736271482892e-11
in,inner,139,4.9733963478994192e-01,8.6856353696573207e-11,1.0847564205401241e-12,8.0069914362272684e+01,8.6856375803041148e-11,1.1169352100625198e-12,7.7763128085271319e+01,8.6849638591957046e-11,-1.0800249583553523e-12
in,inner,140,5.0253305992615283e-01,2.1662140555696291e-10,2.7475190314139151e-12,7.8842549616657692e+01,2.1661447814016842e-10,2.8266921118487531e-12,7.6631790647512418e+01,-2.1119461734997458e-10,-4.8183679268731794e-11
in,inner,141,5.0772895913309180e-01,5.1636514473214809e-11,6.6528846366233427e-13,7.7615226016338710e+01,5.1637137442760214e-11,6.8397377072009907e-13,7.5495786027577878e+01,-8.2209794527443592e-12,5.0977888577108388e-11
in,inner,142,5.1292671415071400e-01,1.6015806714999904e-10,2.0965925710058982e-12,7.6389695053225708e+01,1.6015784734383166e-10,2.1539006510502883e-12,7.4357119148339194e+01,-1.5892709370746161e-10,1.9818813257188594e-11
in,inner,143,5.1812570649815115e-01,5.7045119931670603e-11,7.5890613778469224e-13,7.5167556422971984e+01,5.7045119931670603e-11,7.7911728713909951e-13,7.3217628299763376e+01,-1.8374635146756191e-11,-5.4004800631446415e-11
in,inner,144,5.2332531754730538e-01,8.7600757005991286e-11,1.1845901146296294e-12,7.3950268471875859e+01,8.7592817964498342e-11,1.2152335930292126e-12,7.2078996554198056e+01,7.9701578670210438e-11,3.6353142718326126e-11
in,inner,145,5.2852492859645983e-01,3.9839013510318035e-11,5.4769692972799083e-13,7.2739158004964082e+01,3.9838164543944570e-11,5.6155361248115552e-13,7.0942762469151504e+01,-3.4994229736184934e-11,-1.9040768961531285e-11
in,inner,146,5.3372392094389687e-01,5.1297586550809148e-11,7.1709343069915001e-13,7.1535429491796009e+01,5.1297586550809155e-11,7.3481369400631127e-13,6.9810330113919406e+01,-5.0789594752131961e-11,-7.2013506269286154e-12
in,inner,147,5.3892167596151908e-01,3.1806873083878585e-10,4.5218644502512808e-12,7.0340173691210651e+01,3.1806873083878585e-10,4.6309688074411792e-12,6.8682978457488957e+01,3.1506175446338602e-10,4.3632653046188352e-11
in,inner,148,5.4411757516845805e-01,6.0272423653444365e-11,8.7156341175385747e-13,6.9154375735160158e+01,6.0273116286511600e-11,8.9211734589257381e-13,6.7561870155329899e+01,3.7729819268861320e-11,4.7002401970530627e-11
in,inner,149,5.4931100030466895e-01,9.6310965759404480e-11,1.4167768763962007e-12,6.7978922696978842e+01,9.6316806768005883e-11,1.4495051788482510e-12,6.6448059774810446e+01,-9.0999208168796031e-11,-3.1542768397230248e-11
in,inner,150,5.5450133340449637e-01,1.0005232174953730e-10,1.4974617189650352e-12,6.6814610672443806e+01,1.0005568609680367e-10,1.5312497046486644e-12,6.5342501482970619e+01,-9.4747321099930559e-11,-3.2146729722626333e-11
in,inner,151,5.5968795687020634e-01,8.2359079783776810e-11,1.2542854296880232e-12,6.5662151400628076e+01,8.2362459325800314e-11,1.2819846718951982e-12,6.4246056237194551e+01,7.8344442044908646e-11,2.5400126446584181e-11
in,inner,152,5.6487025354547404e-01,5.6104912029234531e-11,8.6954460267433306e-13,6.4522178456034041e+01,5.6101588016789457e-11,8.8825258821194851e-13,6.3159498504498472e+01,-1.9682033780554775e-11,-5.2539306238941208e-11
in,inner,153,5.7004760678882005e-01,2.1531921596351849e-10,3.3964564484933731e-12,6.3395253031738854e+01,2.1531915352156349e-10,3.4682174062817425e-12,6.2083522541456247e+01,2.1478641087924188e-10,1.5138112985368934e-11
in,inner,154,5.7521940054698295e-01,3.2803316634674850e-11,5.2669126636602001e-13,6.2281869340659313e+01,3.2796211448071365e-11,5.3747761771002373e-13,6.1018748255607093e+01,3.2802205396365025e-11,-2.7000623958883807e-13
in,inner,155,5.8038501942822540e-01,7.2448844074230966e-11,1.1841440255737222e-12,6.1182459658257564e+01,7.2442046230061601e-11,1.2080575061257783e-12,5.9965726683311722e+01,-7.2073902401825762e-11,7.3612227424746379e-12
in,inner,156,5.8554384877555787e-01,1.3914276308822186e-10,2.3152876054157996e-12,6.0097399028417200e+01,1.3913912140630628e-10,2.3612940355464658e-12,5.8924945098633515e+01,-1.3779200003227743e-10,-1.9340973267389927e-11
in,inner,157,5.9069527473987826e-01,1.9334613131930080e-10,3.2755535552918667e-12,5.9027009650609358e+01,1.9334283775452973e-10,3.3394372679925934e-12,5.7896831782904613e+01,-1.8919976696452068e-10,3.9826808517773316e-11
in,inner,158,5.9583868435301268e-01,1.2837548001020395e-10,2.2144560021116059e-12,5.7971564974779746e+01,1.2837194720526196e-10,2.2568209235471677e-12,5.6881760473707772e+01,-1.2765610790665960e-10,1.3571366253017914e-11
in,inner,159,6.0097346560065235e-01,2.0283532622789146e-10,3.5628090231404209e-12,5.6931293513201908e+01,2.0282824868762695e-10,3.6297074233930688e-12,5.5880054513601010e+01,-2.0203927419970569e-10,-1.7952750397398631e-11
in,inner,160,6.0609900749517853e-01,1.1740343566809747e-10,2.1000005836907237e-12,5.5906382398124137e+01,1.1740346164128534e-10,2.1388085967098231e-12,5.4891990719454604e+01,-1.1735323823813815e-10,-3.4328095921409840e-12
in,inner,161,6.1121470014836266e-01,2.7828060049478566e-10,5.0691421823885355e-12,5.4896980688685730e+01,2.7828062592832189e-10,5.1612011341745753e-12,5.3917802986925636e+01,-2.7825208803733403e-10,3.9834802123550617e-12
in,inner,162,6.1631993484393732e-01,1.7757271215712735e-10,3.2942887260915098e-12,5.3903202457851194e+01,1.7756911581710199e-10,3.3530376871726928e-12,5.2957685652149536e+01,-1.7730172885421780e-10,-9.8063779319090827e-12
in,inner,163,6.2141410411002773e-01,4.0309183033654122e-11,7.6162653345120029e-13,5.2925129657706250e+01,4.0305521067514017e-11,7.7493037515682477e-13,5.2011796620254145e+01,3.9172221022454323e-11,9.5061736260504404e-12
in,inner,164,6.2649660179143440e-01,3.0616808741597530e-12,5.8920612487630046e-14,5.1962814792574164e+01,3.0635931162470563e-12,5.9976067063756642e-14,5.1080260280994253e+01,-8.2067685980291571e-13,2.9496405318241159e-12
in,inner,165,6.3156682312175971e-01,1.3050814192235214e-10,2.5581663975330216e-12,5.1016283400566977e+01,1.3050814192235211e-10,2.6016725286795175e-12,5.0163170223652898e+01,-1.3020695632803836e-10,8.8613560933481494e-12
in,inner,166,6.3662416479536943e-01,4.7965299945629778e-11,9.5766769064199787e-13,5.0085536365411869e+01,4.7961743424420491e-11,9.7363311539297366e-13,4.9260591763112302e+01,-4.7965187377485563e-11,-1.0391687510491465e-13
in,inner,167,6.4166802503917886e-01,4.7839193739420775e-11,9.7292366539662631e-13,4.9170552059619631e+01,4.7838578111819179e-11,9.8896097020985182e-13,4.8372564290042817e+01,3.4482638966437662e-11,3.3159253121084475e-11
in,inner,168,6.4669780368425922e-01,1.0426971524137962e-10,2.1600773217654127e-12,4.8271288342660284e+01,1.0427349401383282e-10,2.1952728877213539e-12,4.7499103458644029e+01,1.0309264553143294e-10,1.5623058402525203e-11
in,inner,169,6.5171290223725109e-01,1.2742590026783587e-10,2.6890087974020072e-12,4.7387684410310854e+01,1.2742236606955363e-10,2.7320285348793779e-12,4.6640203219978254e+01,-1.2740031252178596e-10,2.5535129566378600e-12
in,inner,170,6.5671272395157920e-01,1.0575341223080873e-10,2.2733056626825400e-12,4.6519662519125504e+01,1.0576051922785584e-10,2.3093915191094201e-12,4.5795837714274057e+01,1.0254552762489766e-10,2.5849544726952445e-11
in,inner,171,6.6169667389845910e-01,4.0179375455185702e-11,8.7983141982046250e-13,4.5667129577373657e+01,4.0175823209224159e-11,8.9347187307731045e-13,4.4965963025618180e+01,-4.0174086279876065e-11,6.5192296005989192e-13
in,inner,172,6.6666415903768850e-01,2.5374806751462904e-11,5.6602317301027667e-13,4.4829978632345146e+01,2.5376661290374887e-11,5.7477606084266423e-13,4.4150518818008571e+01,1.3244516594568267e-11,2.1644019909672352e-11
in,inner,173,6.7161458828821163e-01,6.8090101496559618e-11,1.5472178212622744e-12,4.4008090238392754e+01,6.8090400501429978e-11,1.5707334730305760e-12,4.3349429849518799e+01,-6.4115823761312640e-11,-2.2922108655620832e-11
in,inner,174,6.7654737259845388e-01,1.0200480267021135e-10,2.3611493870906748e-12,4.3201333735134007e+01,1.0200480267021135e-10,2.3965825625712516e-12,4.2562607382393779e+01,9.7550412192504155e-11,2.9814373192493804e-11
in,inner,175,6.8146192501641134e-01,4.2187007686238506e-11,9.9475211033540282e-13,4.2409568422040557e+01,4.2187007686238506e-11,1.0095012603087398e-12,4.1789950488359253e+01,3.8575365124415839e-11,1.7078782832413708e-11
in,inner,176,6.8635766075949356e-01,6.4768095922583894e-11,1.5557045788904810e-12,4.1632644655951403e+01,6.4771437962347013e-11,1.5785842357700646e-12,4.1031347263359834e+01,6.4183325321209850e-11,-8.6837204094081244e-12
in,inner,177,6.9123399728410595e-01,1.7628655941069880e-10,4.3133059245506232e-12,4.0870404857514245e+01,1.7629007096266137e-10,4.3758902118477721e-12,4.0286675951182232e+01,1.7612578062653483e-10,-7.5273121069585613e-12
in,inner,178,6.9609035435496647e-01,1.6956028613872584e-10,4.2260454020609531e-12,4.0122684450109048e+01,1.6955674511043198e-10,4.2865197884415845e-12,3.9555805986860115e+01,1.6900258970053983e-10,-1.3741008331180637e-11
in,inner,179,7.0092615411414916e-01,1.6032896713066107e-10,4.0703672152070675e-12,3.9389312721384243e+01,1.6032539227334026e-10,4.1279911364250218e-12,3.8838598963704996e+01,1.5774404005242104e-10,2.8673952101598843e-11
in,inner,180,7.0574082114984182e-01,6.5575758743796996e-11,1.6957736245408829e-12,3.8670113625308403e+01,6.5575635721299518e-11,1.7195697205419456e-12,3.8134909528781698e+01,6.4943606048473157e-11,9.0834006982731808e-12
in,inner,181,7.1053378256481547e-01,1.4124794990005900e-10,3.7204872304722518e-12,3.7964906516324746e+01,1.4124794990005900e-10,3.7721861606001908e-12,3.7444586212464422e+01,-1.4068390896682104e-10,1.2610357202902378e-11
in,inner,182,7.1530446804459280e-01,6.5763690056944598e-11,1.7643547828671754e-12,3.7273506834081815e+01,6.5763576910360483e-11,1.7886347083554955e-12,3.6767472197173653e+01,-6.5227823142777197e-11,8.3781870330312813e-12
in,inner,183,7.2005230992531000e-01,1.5758390443264367e-11,4.3060739198506762e-13,3.6595726725961143e+01,1.5756644544454971e-11,4.3643097088319196e-13,3.6103406026773797e+01,6.5618621647445252e-12,-1.4327206088182720e-11
in,inner,184,7.2477674326126307e-01,6.7872548135099472e-11,1.8889493359234414e-12,3.5931375629997476e+01,6.7868997731926826e-11,1.9143792234990240e-12,3.5452222265491713e+01,-6.7828409555659164e-11,2.4473756354836951e-12
in,inner,185,7.2947720589213072e-01,1.3038468465657798e-11,3.6956836964601697e-13,3.5280260803018422e+01,1.3035245881819572e-11,3.7442806630336660e-13,3.4813752106013979e+01,-1.2633449841814581e-11,3.2245317527213047e-12
in,inner,186,7.3415313850986597e-01,1.3335805083153623e-10,3.8495851229204562e-12,3.4642187813310443e+01,1.3335800471464075e-10,3.9007456274983833e-12,3.4187823931540386e+01,-1.3263701248433790e-10,-1.3848922009174203e-11
in,inner,187,7.3880398472524822e-01,2.2993979049573693e-11,6.7595629892808022e-13,3.4016960987030004e+01,2.2997507248454476e-11,6.8497428150288837e-13,3.3574263836586837e+01,-2.2986057501839241e-11,6.0351723618623510e-13
in,inner,188,7.4342919113408745e-01,1.1170573363843288e-10,3.3440441298795311e-12,3.3404383823863313e+01,1.1170571086627274e-10,3.3878040468048255e-12,3.2972896107030422e+01,1.1155876222801453e-10,5.7283067178559577e-12
in,inner,189,7.4802820738307430e-01,3.1171579744432341e-11,9.5022964523205934e-13,3.2804259371238423e+01,3.1171579744432347e-11,9.6257469742423964e-13,3.2383543664553613e+01,2.7405633318267064e-11,1.4852563623435344e-11
in,inner,190,7.5260048623526699e-01,6.7546580579697717e-11,2.0966526470755186e-12,3.2216390575670204e+01,6.7543027991632199e-11,2.1235920113807990e-12,3.1806028478942366e+01,6.7544192461355124e-11,-5.6799009939823009e-13
in,inner,191,7.5714548363520628e-01,6.3507794843043703e-11,2.0071627527673954e-12,3.1640580593418107e+01,6.3509347395920565e-11,2.0329384711755247e-12,3.1240171946373259e+01,-6.0406790680644917e-11,-1.9602541811991614e-11
in,inner,192,7.6166265877365269e-01,8.2474406162506815e-11,2.6539041708943046e-12,3.1076633085329092e+01,8.2472614553860400e-11,2.6876479458903581e-12,3.0685795243371821e+01,-8.2417628277653421e-11,3.0597746558669314e-12
in,inner,193,7.6615147415193807e-01,2.0052873718240576e-11,6.5694673572793131e-13,3.0524352474361478e+01,2.0054517334537083e-11,6.6531877569714184e-13,3.0142719651227836e+01,-1.9877433032888803e-11,2.6467716907063732e-12
in,inner,194,7.7061139564592174e-01,5.5334429272925518e-11,1.8454932786344082e-12,2.9983544190348283e+01,5.5336172070822933e-11,1.8687855107838571e-12,2.9610766859815993e+01,-5.4289017725750455e-11,1.0705214492645609e-11
in,inner,195,7.7504189256954659e-01,6.3182661209865143e-11,2.1451289904434459e-12,2.9454014882715221e+01,6.3182661209865130e-11,2.1719898287972072e-12,2.9089759248483261e+01,-6.3137051142803102e-11,2.4003021792395884e-12
in,inner,196,7.7944243773798472e-01,9.5808155771873266e-11,3.3110855285857597e-12,2.8935572622551710e+01,9.5808087605618545e-11,3.3523336677713718e-12,2.8579520149410328e+01,9.4672714112675749e-11,1.4706458273394674e-11
in,inner,197,7.8381250753036846e-01,1.0585058039819680e-10,3.7234585474305475e-12,2.8428027074785426e+01,1.0585058039819681e-10,3.7696244667315010e-12,2.8079874091536723e+01,1.0580158971151832e-10,3.2200908606228040e-12
in,inner,198,7.8815158195209389e-01,1.6627828989871295e-11,5.9531402669524155e-13,2.7931189665019538e+01,1.6626544610041999e-11,6.0261524819466599e-13,2.7590647033662577e+01,1.3274714660838072e-11,1.0013323503699212e-11
in,inner,199,7.9245914469669709e-01,3.5551613747610907e-11,1.2953826682959128e-12,2.7444873717802146e+01,3.5551613747610914e-11,1.3113031484550854e-12,2.7111666581061840e+01,-3.5525360431165609e-11,-1.3660184094987926e-12
in,inner,200,7.9673468320728846e-01,1.5894194887636377e-10,5.8935284996029208e-12,2.6968894591257609e+01,1.5894196122124112e-10,5.9656712791273787e-12,2.6642762194649478e+01,-1.5891465920958581e-10,-2.9451996397256153e-12
in,inner,201,8.0097768873754183e-01,8.7963146740972075e-11,3.3189795539959555e-12,2.6503069786937068e+01,8.7963171951374118e-11,3.3594546331567485e-12,2.6183765389538408e+01,-8.7821305783108983e-11,-4.9933390755541041e-12
in,inner,202,8.0518765641223067e-01,7.7582832988838202e-12,2.9785457256598834e-13,2.6047219057431143e+01,7.7582832988838185e-12,3.0147390877244180e-13,2.5734509929812589e+01,2.4780177909633494e-12,7.3518968690677866e-12
in,inner,203,8.0936408528730208e-01,3.7213446923137912e-11,1.4535841499047807e-12,2.5601164490941674e+01,3.7215137323349663e-11,1.4712545747838601e-12,2.5294832016965444e+01,-3.6978420325795014e-11,4.1757708402201388e-12
in,inner,204,8.1350647840948598e-01,1.4123530124150292e-10,5.6124304886050640e-12,2.5164730597243633e+01,1.4123352960005365e-10,5.6801113739869749e-12,2.4864570481286044e+01,-1.4120793423444411e-10,-2.7802204982663170e-12
in,inner,205,8.1761434287542567e-01,1.8180745540867391e-11,7.3493950251358621e-13,2.4737744370369178e+01,1.8182512031827717e-11,7.4385673965818062e-13,2.4443566969875143e+01,1.8079759911415749e-11,1.9135804052439198e-12
in,inner,206,8.2168718989032963e-01,7.5435689150102210e-11,3.1017919197807005e-12,2.4320035354091573e+01,7.5435702901904038e-11,3.1390126033179093e-12,2.4031666143095173e+01,-7.5290884637979616e-11,-4.6718184876226587e-12
in,inner,207,8.2572453482613306e-01,2.2633637442134515e-11,9.4656120768096758e-13,2.3911435687910675e+01,2.2633757781059481e-11,9.5789199464428605e-13,2.3628715875702191e+01,-2.2261303911363939e-11,-4.0885073104846015e-12
in,inner,208,8.2972589727916313e-01,4.8651497420139515e-11,2.0692392110425854e-12,2.3511780155966829e+01,4.8651484931406984e-11,2.0939268609221788e-12,2.3234567471941478e+01,4.8574477773399849e-11,2.7364777110960858e-12
in,inner,209,8.3369080112730276e-01,3.5934635732021030e-11,1.5542053324372239e-12,2.3120906216214181e+01,3.5932862747409760e-11,1.5726177688575417e-12,2.2849075890522258e+01,3.5866420944330457e-11,-2.2131185772877870e-12
in,inner,210,8.3761877458664380e-01,1.1887436527483774e-10,5.2278540797069635e-12,2.2738654037088388e+01,1.1887434857843585e-10,5.2898638134733036e-12,2.2472099995402985e+01,-1.1879031092121295e-10,-4.4695358525359552e-12
in,inner,211,8.4150935026762619e-01,6.1746124466115595e-11,2.7608537001279529e-12,2.2364866513301283e+01,6.1747896811376868e-11,2.7935797012618088e-12,2.2103502822377493e+01,6.1737281953355705e-11,-1.0449419107771973e-12
in,inner,212,8.4536206523065038e-01,7.0282203301482816e-11,3.1947342890415077e-12,2.1999389289607883e+01,7.0282204253083800e-11,3.2323834482035107e-12,2.1743151881360220e+01,7.0281558350870910e-11,-3.0109248427834245e-13
in,inner,213,8.4917646104116407e-01,6.5650749473289288e-11,3.0334781815553582e-12,2.1642070766313577e+01,6.5650749473289288e-11,3.0690943189979349e-12,2.1390919486216500e+01,-6.5538685589672241e-11,-3.8342662378454406e-12
in,inner,214,8.5295208382421117e-01,8.5885904495910223e-11,4.0335727245319641e-12,2.1292762114726962e+01,8.5885906225271023e-11,4.0807335615220158e-12,2.1046683134401363e+01,-8.5883300471323309e-11,6.6879835003419430e-13
in,inner,215,8.5668848431843758e-01,2.8439971368242146e-11,1.3574311820158887e-12,2.0951317271205326e+01,2.8441725797442001e-11,1.3733113570605977e-12,2.0710325922242411e+01,2.7680968628374103e-11,-6.5265570725614452e-12
in,inner,216,8.6038521792954992e-01,7.8070012117451335e-12,3.7865725802911773e-13,2.0617592945081739e+01,7.8051401433259765e-12,3.8294774052801475e-13,2.0381737029089450e+01,7.4464878707658499e-12,2.3450130726132556e-12
in,inner,217,8.6404184478321666e-01,5.2923791258610510e-12,2.6081820123740097e-13,2.0291448605781319e+01,5.2941548826879834e-12,2.6390531033398779e-13,2.0060812251136277e+01,4.9293902293356950e-12,1.9262369477246466e-12
in,inner,218,8.6765792977740974e-01,5.2114723806183306e-11,2.6092918091308909e-12,1.9972746483859851e+01,5.2112949567467075e-11,2.6389704681201004e-12,1.9747454621798138e+01,-5.2052584464945539e-11,2.5441870832310087e-12
in,inner,219,8.7123304263417667e-01,1.1183565276095128e-11,5.6880958803948033e-13,1.9661351551125563e+01,1.1183522865333722e-11,5.7523749027862745e-13,1.9441575096082079e+01,-1.1132428312521370e-11,-1.0682565942943256e-12
in,inner,220,8.7476675795083958e-01,1.1721490379708698e-10,6.0553860315674863e-12,1.9357131516641711e+01,1.1721312744360277e-10,6.1229982714424265e-12,1.9143093342077698e+01,-1.1721468240466493e-10,-2.2781776465308212e-13
in,inner,221,8.7825865525061442e-01,4.0325907796012234e-11,2.1157397267780848e-12,1.9059956801691197e+01,4.0327682894423977e-11,2.1391796213471631e-12,1.8851938608608911e+01,-3.9957370745469234e-11,-5.4394266868484920e-12
in,inner,222,8.8170831903264202e-01,1.0278961298910405e-11,5.4763587099975973e-13,1.8769700531386327e+01,1.0279069557033202e-11,5.5358905004878187e-13,1.8568050715828676e+01,9.9689145827142056e-12,-2.5055513219740533e-12
in,inner,223,8.8511533882143034e-01,4.4556520965388431e-11,2.4102534950139893e-12,1.8486238504605851e+01,4.4556520965388437e-11,2.4359298328461421e-12,1.8291381124606765e+01,-4.4330761284072651e-11,-4.4796388820600441e-12
in,inner,224,8.8847930921569551e-01,6.3563466482823406e-11,3.4906858434199785e-12,1.8209449183930996e+01,6.3567019092209750e-11,3.5272107703062584e-12,1.8021894134409891e+01,6.3561600427419762e-11,4.8705484090305617e-13
in,inner,225,8.9179982993660156e-01,4.0591558122874022e-11,2.2627278370218710e-12,1.7939213660048178e+01,4.0593312654474191e-11,2.2857150771157221e-12,1.7759568137292824e+01,-4.0525804934077314e-11,2.3094859358252506e-12
in,inner,226,8.9507650587538867e-01,1.8865869630151233e-11,1.0673508342681530e-12,1.7675415640712863e+01,1.8865864026070001e-11,1.0777785747243550e-12,1.7504396977732647e+01,1.8841816995518457e-11,-9.5234931052345928e-13
in,inner,227,8.9830894714038800e-01,5.1276975112616583e-11,2.9439170738382981e-12,1.7417941411563383e+01,5.1278750339009769e-11,2.9715801777836904e-12,1.7256391303988060e+01,5.1244342103018425e-11,1.8290924330699454e-12
in,inner,228,9.0149676910341436e-01,2.9015439158614395e-12,1.6902184614429233e-13,1.7166679823059198e+01,2.8999323465956012e-12,1.7042806391217732e-13,1.7015579946328295e+01,-2.4353852268177434e-12,-1.5772938510849599e-12
in,inner,229,9.0463959244553338e-01,6.5424977122327128e-12,3.8663765680275538e-13,1.6921522249888845e+01,6.5424977122327128e-12,3.8985182713881683e-13,1.6782011156005399e+01,-5.8602012131814263e-12,-2.9090063691228352e-12
in,inner,230,9.0773704320219673e-01,5.3637223103935975e-11,3.2152054517912428e-12,1.6682362576255841e+01,5.3635444268022191e-11,3.2396860448232279e-12,1.6555753713767281e+01,5.3633542052011762e-11,-6.2838623193783860e-13
in,inner,231,9.1078875280773919e-01,1.2889910197705401e-11,7.8362417571680383e-13,1.6449097152872582e+01,1.2889888313471805e-11,7.8900465460696902e-13,1.6336897682679339e+01,1.2637002555493382e-11,2.5408564141571333e-12
in,inner,232,9.1379435813923626e-01,1.2991332143109298e-11,8.0086503768676062e-13,1.6221624782914482e+01,1.2993092843108757e-11,8.0574547670683387e-13,1.6125554804493458e+01,-1.2876810728812416e-11,1.7211787550763802e-12
in,inner,233,9.1675350155971014e-01,3.5379906122231486e-11,2.2112653225312155e-12,1.5999846676803321e+01,3.5380790549676906e-11,2.2221520843139246e-12,1.5921858273980604e+01,3.5230485195825167e-11,3.2481795031458205e-12
in,inner,234,9.1966583096068633e-01,2.1996408282884834e-11,1.3936184199808381e-12,1.5783666438039244e+01,2.1994656899189595e-11,1.3986207635086914e-12,1.5725961942687057e+01,2.1918467041359690e-11,1.8500756482353609e-12
in,inner,235,9.2253099980408992e-01,2.2120869890194698e-12,1.4204638843296890e-13,1.5572990017013662e+01,2.2125942370786561e-12,1.4239855333274898e-13,1.5538038732095750e+01,1.8651746813702630e-14,-2.2120083542631619e-12
in,inner,236,9.2534866716348163e-01,1.5224050528638559e-11,9.9065085023525222e-13,1.5367725697730201e+01,1.5224891294218983e-11,9.9131496486024354e-13,1.5358278482525886e+01,1.5109691275938530e-11,1.8625101461111626e-12
in,inner,237,9.2811849776462285e-01,3.0551512654285189e-11,2.0142370536331449e-12,1.5167784049637273e+01,3.0551512654285189e-11,2.0117036683965405e-12,1.5186885193004965e+01,-3.0548896745585807e-11,3.9979131116751887e-13
in,inner,238,9.3084016202537123e-01,1.1376427499715084e-11,7.5979217922397657e-13,1.4973077916298827e+01,1.1377267016417263e-11,7.5726909174285669e-13,1.5024074190367990e+01,-1.1286971357549191e-11,-1.4238610290817633e-12
in,inner,239,9.3351333609489728e-01,4.9161987835740476e-11,3.3254583461287783e-12,1.4783522365562259e+01,4.9162889451834603e-11,3.3061640831185859e-12,1.4870069426639290e+01,-4.9093173970504722e-11,-2.6002533459745791e-12
in,inner,240,9.3613770189221923e-01,5.0173658164842496e-11,3.4367791613486039e-12,1.4599034680236532e+01,5.0174547133164111e-11,3.4074159894602413e-12,1.4725101745241300e+01,5.0172310750440374e-11,-3.6770586575585185e-13
in,inner,241,9.3871294714405173e-01,1.9769974228862175e-11,1.3710549736479284e-12,1.4419534306681188e+01,1.9771750642787904e-11,1.3552126366183468e-12,1.4589408413519685e+01,1.9769963444105088e-11,-2.0650148258027912e-14
in,inner,242,9.4123876542196283e-01,8.0605601257165108e-11,5.6585415692819261e-12,1.4244942847949076e+01,8.0604714508715720e-11,5.5730765317467294e-12,1.4463234812864190e+01,-8.0599527052527264e-11,9.8954178184840202e-13
in,inner,243,9.4371485617883644e-01,3.8987267311671068e-11,2.7699294928864469e-12,1.4075184011649263e+01,3.8986387123156764e-11,2.7174201156600832e-12,1.4346838348065535e+01,-3.8920866529679188e-11,-2.2744583993983269e-12
in,inner,244,9.4614092478463430e-01,2.9632877841650824e-11,2.1303009855386179e-12,1.3910183604481857e+01,2.9631099417083315e-11,2.0807632722460734e-12,1.4240495212652480e+01,-2.9625191189097677e-11,6.7490457666963266e-13
in,inner,245,9.4851668256145361e-01,1.6386240283420049e-11,1.1917378785212599e-12,1.3749869479480283e+01,1.6385320807185771e-11,1.1584226835264569e-12,1.4144509633828791e+01,1.6362911026135407e-11,-8.7407858728738574e-13
in,inner,246,9.5084184681787720e-01,2.5448317266418071e-11,1.8720020711265479e-12,1.3594171533743861e+01,2.5447424769429530e-11,1.8100160581396670e-12,1.4059225969290225e+01,-2.5438318118631287e-11,7.1331829332166308e-13
in,inner,247,9.5311614088261098e-01,1.9284711402929136e-11,1.4345518365840980e-12,1.3443021653960709e+01,1.9286497453802121e-11,1.3790803105296802e-12,1.3985043007679893e+01,-1.9277912599591218e-11,5.1203485895712220e-13
in,inner,248,9.5533929413740493e-01,3.1439396962442974e-12,2.3645126799380656e-13,1.3296353717699864e+01,3.1430524399480332e-12,2.2575457262168796e-13,1.3922430910026600e+01,3.0828672947791347e-12,-6.1667337902804320e-13
in,inner,249,9.5751104204925364e-01,1.1358188175647645e-10,8.6347109430395892e-12,1.3154103536961410e+01,1.1358011462237739e-10,8.1877538927936739e-12,1.3871950245395528e+01,1.1357048634863531e-10,1.6088796961355456e-12
in,inner,250,9.5963112620187407e-01,1.6363292176215581e-11,1.2571473266813230e-12,1.3016208863452920e+01,1.6363315458714430e-11,1.1828098436083253e-12,1.3834273993523649e+01,-1.6343371100902004e-11,8.0718765005372006e-13
in,inner,251,9.6169929432645340e-01,2.4411808207690519e-12,1.8949428319086529e-13,1.2882609330806085e+01,2.4420509677016948e-12,1.7682935685895121e-13,1.3810212348674709e+01,-2.4336088699783431e-12,-1.9212409441138334e-13
in,inner,252,9.6371530033166697e-01,6.2785809345562874e-12,4.9231236551362122e-13,1.2753246463768892e+01,6.2785281706385917e-12,4.5494135307349513e-13,1.3800741849959515e+01,6.2527760746888816e-12,-5.6865623321300518e-13
in,inner,253,9.6567890433296100e-01,2.0115057218923159e-11,1.5928853249728097e-12,1.2628063617364621e+01,2.0115056387467606e-11,1.4568696526286483e-12,1.3807039189246447e+01,-2.0112800314109336e-11,-3.0131452888326749e-13
in,inner,254,9.6758987268109586e-01,3.3788129173929794e-11,2.7015361785141549e-12,1.2507005992610200e+01,3.3788135963712508e-11,2.4430123391542585e-12,1.3830522024874240e+01,3.3775648944356362e-11,9.1826546366746697e-13
in,inner,255,9.6944797798994853e-01,2.2290026837495490e-11,1.7990306560812831e-12,1.2390020571438438e+01,2.2290907682274523e-11,1.6067953479338013e-12,1.3872897821703733e+01,2.2276402944498841e-11,7.7921002983316612e-13
in,inner,256,9.7125299916356866e-01,5.1562086136439380e-11,4.1998737770018543e-12,1.2277056138874674e+01,5.1562975365208305e-11,3.6999243776092071e-12,1.3936224123187872e+01,-5.1560533620431670e-11,-4.0012437807490642e-13
in,inner,257,9.7300472142248751e-01,3.4712409027970638e-11,2.8527472627541476e-12,1.2168063214425100e+01,3.4714206300229320e-11,2.4755223643795136e-12,1.4022982300517567e+01,3.4684255467709590e-11,1.3977707880030721e-12
in,inner,258,9.7470293632927385e-01,2.9953808951371136e-11,2.4831156139292779e-12,1.2062994080236273e+01,2.9952034775577301e-11,2.1188225051793832e-12,1.4136169831291040e+01,2.9952929025967023e-11,-2.2959412149248237e-13
in,inner,259,9.7634744181333655e-01,1.2717456243950251e-11,1.0631722119328642e-12,1.1961802708170591e+01,1.2717450126815317e-11,8.9061423127248210e-13,1.4279414902954130e+01,-1.2716938613266393e-11,1.1474154959500993e-13
in,inner,260,9.7793804219496860e-01,3.9003152593815130e-11,3.2873980420052210e-12,1.1864444796597949e+01,3.9003146522502645e-11,2.6978501608197554e-12,1.4457121114039685e+01,-3.8992808981674898e-11,-8.9819818249736727e-13
in,inner,261,9.7947454820863089e-01,8.6427724978324870e-14,7.3425047181368230e-15,1.1770877690393382e+01,8.6764623039099930e-14,5.9125517667964105e-15,1.4674649197382246e+01,1.5099033134902129e-14,-8.5098594837518249e-14
in,inner,262,9.8095677702547368e-01,3.5631981650477292e-11,3.0504064139524949e-12,1.1681060427717879e+01,3.5631981629735376e-11,2.3852372372018972e-12,1.4938548281065312e+01,3.5631941841529624e-11,5.3262949606391885e-14
in,inner,263,9.8238455227509003e-01,3.9279653150930689e-11,3.3876507254504374e-12,1.1594953652049796e+01,3.9280532011363596e-11,2.5746162120804409e-12,1.5256849478013121e+01,-3.9262815221263736e-11,1.1499967644823528e-12
in,inner,264,9.8375770406650365e-01,2.2170879593623164e-11,1.9258060117827451e-12,1.1512519671230685e+01,2.2171765977249271e-11,1.4176825658150979e-12,1.5639443209560522e+01,-2.2170709712554526e-11,8.6791684950071613e-14
in,inner,265,9.8507606900838340e-01,5.2233344081318331e-11,4.5683586188205853e-12,1.1433722358426280e+01,5.2233340096819441e-11,3.2445960347555083e-12,1.6098564979216405e+01,-5.2231996505724965e-11,3.7519987117207165e-13
in,inner,266,9.8633949022848488e-01,2.8080530966549305e-11,2.4721982355657578e-12,1.1358527225921721e+01,2.8080517509354769e-11,1.6865753590626124e-12,1.6649429483519633e+01,-2.8070878954622458e-11,-7.3618888762894130e-13
in,inner,267,9.8754781739231789e-01,5.7710280445788570e-11,5.1130313667211088e-12,1.1286901312869725e+01,5.7708501270575432e-11,3.3336194228730744e-12,1.7311064626819174e+01,5.7709392820015637e-11,-3.2007729799943263e-13
in,inner,268,9.8870090672103317e-01,3.1472228190761235e-11,2.8053081386399252e-12,1.1218813276611980e+01,3.1473146855458999e-11,1.7381345770524823e-12,1.8107428084671650e+01,-3.1458391447358736e-11,-9.3314245219744407e-13
in,inner,269,9.8979862100853233e-01,2.2653397741853162e-11,2.0309237942750605e-12,1.1154233263557437e+01,2.2652515260013871e-11,1.1879283541930282e-12,1.9068923794989264e+01,-2.2652102416031994e-11,2.4225066397320916e-13
in,inner,270,9.9084082963779230e-01,4.3053361503459755e-11,3.8810822346782562e-12,1.1093133023250381e+01,4.3055141003935897e-11,2.1278076929408187e-12,2.0234507632797342e+01,-4.3051784359704470e-11,3.6851077744870508e-13
in,inner,271,9.9182740859640861e-01,2.6396677666756431e-11,2.3919814907172739e-12,1.1035485754883901e+01,2.6395789883911809e-11,1.2189421671149369e-12,2.1654669594692010e+01,2.6396662633487722e-11,2.8171909249863347e-14
in,inner,272,9.9275824049135142e-01,1.0954686026569512e-11,9.9757949350292481e-13,1.0981266252880722e+01,1.0955713267379293e-11,4.6827768936207078e-13,2.3395761780374659e+01,-1.0915712778114539e-11,-9.2323371170266455e-13
in,inner,273,9.9363321456293363e-01,6.8640766138701690e-12,6.2797745398537998e-13,1.0930450719700476e+01,6.8640409000160703e-12,2.6868892479803825e-13,2.5546422894711682e+01,6.8549610432455665e-12,-3.5363378891872799e-13
in,inner,274,9.9445222669799083e-01,6.0871093739538770e-12,5.5932186814586619e-13,1.0883016954320858e+01,6.0872090549993202e-12,2.1564922749359717e-13,2.8227363138502572e+01,6.0733640339094563e-12,4.0883962881821390e-13
in,inner,275,9.9521517944226923e-01,3.6740094938222795e-11,3.3896378230557629e-12,1.0838944116189248e+01,3.6740990065571044e-11,1.1624446242499258e-12,3.1606658329448067e+01,3.6736835795636580e-11,4.8935855367915337e-13
in,inner,276,9.9592198201202231e-01,3.5872423331086860e-12,3.3220703658270230e-13,1.0798212975888152e+01,3.5885110838386913e-12,9.9890672057706800e-14,3.5924386230634326e+01,3.5225156125306967e-12,-6.7837402362158628e-13
in,inner,277,9.9657255030481218e-01,2.5778589919649040e-11,2.3956003726634739e-12,1.0760805605898248e+01,2.5780318054801261e-11,6.2070888021533917e-13,4.1533670415440866e+01,-2.5777602274956735e-11,-2.2565282975506307e-13
in,inner,278,9.9716680690951798e-01,3.5848059630691466e-11,3.3419449126981855e-12,1.0726705725902832e+01,3.5847637783985148e-11,7.3200476277225575e-13,4.8971864128619352e+01,3.5847769197516755e-11,1.4430123762565472e-13
in,inner,279,9.9770468111554644e-01,4.7952486427399919e-12,4.4832593945128004e-13,1.0695898275725568e+01,4.7956908811584956e-12,8.1159103372539672e-14,5.9089993381828393e+01,-4.7890580390230753e-12,2.4358293160275934e-13
in,inner,280,9.9818610892124615e-01,3.5222150384216563e-11,3.3015494078277986e-12,1.0668369917683712e+01,3.5222525467581754e-11,4.8051220263341056e-13,7.3302041601747845e+01,-3.5212721627431165e-11,-8.1493145565048053e-13
in,inner,281,9.9861103304152243e-01,7.8752576807159872e-12,7.3987011234056984e-13,1.0644108404112590e+01,7.8756959123586338e-12,8.3695094232944124e-14,9.4099851186482041e+01,-7.8710371553825098e-12,-2.5779378631796135e-13
in,inner,282,9.9897940291465448e-01,7.7583440493638219e-12,7.3032745510118318e-13,1.0623103369828733e+01,7.7576691250485196e-12,6.1464274400550320e-14,1.2621427976995790e+02,-7.7013950772197859e-12,-9.3830498926195105e-13
in,inner,283,9.9929117470831108e-01,1.6597848069153040e-11,1.5650455141129587e-12,1.0605345288351195e+01,1.6597970849168706e-11,9.1448635504648032e-14,1.8150047573235892e+02,-1.6581402917381638e-11,-7.3867301164654009e-13
in,inner,284,9.9954631132476679e-01,1.2855071956375512e-11,1.2137930348898542e-12,1.0590826925895193e+01,1.2854861948008516e-11,4.4821828456120459e-14,2.8679914208750165e+02,1.2843948127283511e-11,-5.3466953087166758e-13
in,inner,285,9.9974478240531539e-01,1.2559490618572449e-11,1.1871488863133191e-12,1.0579541254994428e+01,1.2564385582083198e-11,2.4427142222201288e-14,5.1436166653435646e+02,1.2544631999844569e-11,6.1074756363410643e-13
in,inner,286,9.9988656433388334e-01,9.4631054925694849e-12,8.9515381152694748e-13,1.0571485448324665e+01,9.4707157725338751e-12,8.1320318576238683e-15,1.1646186264820121e+03,-9.3391960831468168e-12,1.5263623698302808e-12
in,inner,288,1.0000000000000000e+00,2.2665388102020451e-11,2.1453199200564156e-12,1.0565038757214550e+01,,,,2.2457591342117666e-11,3.0620922464308364e-12
