branch,subdomain,node_index,z,abs_residual,relative_residual,term_scale,radial_abs_residual,radial_relative_residual,radial_term_scale,real_residual,imag_residual
down,outer,0,0.0000000000000000e+00,6.7448360597955593e-10,5.5906590312628525e-11,1.2064474012953699e+01,,,,-2.8599345114344032e-13,-6.7448354534631220e-10
down,outer,2,7.9930037606575818e-06,1.9091784482797824e-11,1.5824783757907952e-12,1.2064483644686323e+01,3.8146972656250000e-06,1.2941989052768758e-16,2.9475355372896862e+10,1.5276668818842154e-13,1.9091173276584647e-11
down,outer,3,1.7982974502602719e-05,2.0063554268698186e-11,1.6630221478496819e-12,1.2064514170566357e+01,4.7683716175583868e-07,8.1885111752173411e-17,5.8232461500326691e+09,2.3447910280083306e-13,-2.0062184064636307e-11
down,outer,4,3.1966537037111286e-05,9.9828246507334081e-08,8.2745158282505084e-09,1.2064542334489786e+01,2.5833906209183034e-07,1.4017813894899660e-16,1.8429340268658171e+09,8.2008853041770635e-09,-9.9490825109438061e-08
down,outer,5,4.9941295352730264e-05,7.6360269165727737e-09,6.3292929027448587e-10,1.2064581358308153e+01,6.7884684540331364e-09,8.9902968059120330e-18,7.5508835810281920e+08,3.5181599855604873e-09,6.7772750708986959e-09
down,outer,6,7.1904169567156995e-05,5.3820917054633267e-08,4.4610505813965738e-09,1.2064628291612898e+01,6.1501622374087319e-08,1.6883298361384249e-16,3.6427492458911240e+08,1.9782540050528041e-09,-5.3784548187125331e-08
down,outer,7,9.7851396454959216e-05,5.6841054240227739e-08,4.7113587063650590e-09,1.2064684050364349e+01,5.8085186838032296e-08,2.9528292809536156e-16,1.9671027787720156e+08,8.8368246053960320e-09,5.6149941923691951e-08
down,outer,8,1.2777853009239047e-04,5.6815427097660416e-09,4.7092094268093591e-10,1.2064748442533102e+01,1.4935442750330507e-08,1.2946293845125347e-16,1.1536462040025556e+08,5.5906754781176460e-09,1.0120648503281204e-09
down,outer,9,1.6168044261916103e-04,7.3712741340104792e-08,6.1097250407751468e-09,1.2064821386913474e+01,7.3777033416335447e-08,1.0238039913111591e-15,7.2061677862625957e+07,-6.8045551415707450e-09,-7.3397999054460039e-08
down,outer,10,1.9955132511709163e-04,1.7689501401146431e-08,1.4661950758617055e-09,1.2064903021686961e+01,1.7627826309762895e-08,3.7260965101115872e-16,4.7309097501704231e+07,1.4567733686021711e-09,1.7629414941332938e-08
down,outer,11,2.4138468860542250e-04,6.1722699388749407e-08,5.1158502988325325e-09,1.2064993262769026e+01,6.1694973155169850e-08,1.9079947175325618e-15,3.2334981113026567e+07,-1.5008816411921089e-08,-5.9870084764823694e-08
down,outer,12,2.8717336515268158e-04,3.3400179099655778e-08,2.7683318527050744e-09,1.2065092220435496e+01,3.3390466059705731e-08,1.4614265562042954e-15,2.2847857744168445e+07,3.8203618046850352e-09,3.3180970443469349e-08
down,outer,13,3.3690950910486318e-04,8.7899030466173931e-09,7.2853356651060874e-10,1.2065199807769456e+01,8.7788704606045891e-09,5.2879341379273332e-16,1.6601701593896117e+07,1.0267164896049508e-09,8.7297336052657992e-09
down,outer,14,3.9058459842974171e-04,1.8795132408820107e-08,1.5577820142628127e-09,1.2065316094764713e+01,1.8759284547148507e-08,1.5185127387199598e-15,1.2353722210431878e+07,-3.0339180057126214e-09,-1.8548648031586901e-08
down,outer,15,4.4818943617708381e-04,2.9839349961110103e-09,2.4731254883690872e-10,1.2065441119523530e+01,2.7738699768787754e-09,2.9561657902500922e-16,9.3833369766588956e+06,2.1641000103045371e-09,-2.0543950950135947e-09
down,outer,16,5.0971415205448769e-04,1.4735120177815040e-08,1.2212530557434806e-09,1.2065574868792872e+01,1.5005883838659889e-08,2.0681325912662423e-15,7.2557648876237338e+06,5.3465623039983257e-09,1.3730915416829137e-08
down,outer,17,5.7514820411862417e-04,3.7964802179117146e-08,3.1465018617524271e-09,1.2065717373506606e+01,3.7904580519000730e-08,6.6505117282893549e-15,5.6994983345064409e+06,-4.6853374513489143e-09,-3.7674577867130576e-08
down,outer,18,6.4448038058152236e-04,3.0072346273215921e-08,2.4923482150288152e-09,1.2065868682345512e+01,3.0023316265412485e-08,6.6133085530580828e-15,4.5398329783855770e+06,5.4065081300791462e-09,2.9582354203402939e-08
down,outer,19,7.1769880173166826e-04,2.3045177549806463e-09,1.9099223079334072e-10,1.2066028787706045e+01,2.2240811498548811e-09,6.0744808936824971e-16,3.6613517908467557e+06,-2.1803963079491950e-09,-7.4610590622414819e-10
down,outer,20,7.9479092196953010e-04,2.0734479068513474e-08,1.7183937737264139e-09,1.2066197739735653e+01,2.0723765214080029e-08,6.9403030761369890e-15,2.9860029146760246e+06,1.1228600271806499e-09,2.0704052926950878e-08
down,outer,21,8.7574353195717645e-04,8.6487664041260979e-09,7.1676588916252563e-10,1.2066375555666269e+01,8.6879473651036119e-09,3.5318433288307626e-15,2.4598903621185846e+06,2.4217854388552951e-09,8.3027775835131656e-09
down,outer,22,9.6054276088162875e-04,5.4023387796881100e-09,4.4771150742657091e-10,1.2066562261802368e+01,5.3970589626400883e-09,2.6390272322712141e-15,2.0450940773336552e+06,5.3087312323896185e-10,-5.3761917764849620e-09
down,outer,23,1.0491740788315599e-03,1.2152512245005067e-08,1.0071066600302912e-09,1.2066757898949405e+01,1.2178203686544644e-08,7.1031522399077489e-15,1.7144787659376995e+06,2.3121256020885994e-09,1.1930533477810812e-08
down,outer,24,1.1416222992869153e-03,6.9923153708532690e-09,5.7945944388065236e-10,1.2066962484942144e+01,6.9921952672302723e-09,4.8277777897613760e-15,1.4483258285124754e+06,1.5127454844332533e-11,6.9922990071635827e-09
down,outer,25,1.2378715817210411e-03,1.1625643893480746e-08,9.6341048092727355e-10,1.2067176062161140e+01,1.1628587992688989e-08,9.4379929742214965e-15,1.2321039043418218e+06,2.7158453264064519e-10,1.1622471242367372e-08
down,outer,26,1.3379054343148884e-03,5.5531724440221218e-09,4.6017974562503195e-10,1.2067398656322023e+01,5.5521749426970244e-09,5.2628950605433403e-15,1.0549659225247442e+06,-1.0512684056607213e-09,-5.4527570028661820e-09
down,outer,27,1.4417067167827903e-03,2.9298563643577620e-09,2.4278638715286418e-10,1.2067630309573547e+01,2.9005701433737474e-09,3.1919334799009320e-15,9.0871885696808831e+05,1.6253407508770579e-09,2.4376886099963802e-09
down,outer,28,1.5492576433093666e-03,1.0612392796729174e-08,8.7939229355049562e-10,1.2067871045221752e+01,1.0614245616099480e-08,1.3485143704271910e-14,7.8710660033508064e+05,4.2802472677294645e-10,1.0603757621963084e-08
down,outer,29,1.6605397855970288e-03,1.0762754525798827e-08,8.9183350145817941e-10,1.2068120908444616e+01,1.0761252614750982e-08,1.5702896096173622e-14,6.8530368849432899e+05,1.4117116364786853e-09,1.0669768284177206e-08
down,outer,30,1.7755340760235801e-03,6.1702915386604551e-09,5.1127753488036600e-10,1.2068379926186751e+01,6.1716485724733849e-09,1.0293746693625042e-14,5.9955318079621205e+05,-2.6260860153115573e-10,-6.1647006735499055e-09
down,outer,31,1.8942208109093458e-03,7.3716307548290651e-09,6.1080832478353797e-10,1.2068648143329529e+01,7.3743685764759102e-09,1.3995645668578556e-14,5.2690449237594020e+05,6.7001515446918347e-10,7.3411184214888792e-09
down,outer,32,2.0165796538933072e-03,1.6684477523212965e-08,1.3824327110906091e-09,1.2068925589912062e+01,1.6678237117198875e-08,3.5865522994280923e-14,4.6502143910903984e+05,-1.7444818922740524e-09,-1.6593027847566777e-08
down,outer,33,2.1425896394176220e-03,6.2349203228545358e-09,5.1659712030552717e-10,1.2069212308359486e+01,6.2448163527321296e-09,1.5155842193299197e-14,4.1204020687765739e+05,-9.2737906243200996e-10,-6.1655656274917092e-09
down,outer,34,2.2722291763199701e-03,4.9696306317873024e-09,4.1175087604789031e-10,1.2069508338360620e+01,4.9568032806513417e-09,1.3526059260087510e-14,3.6646322371792363e+05,9.9623864713294097e-10,4.8687510897926778e-09
down,outer,35,2.4054760515330922e-03,4.3541612222047385e-09,3.6074800542009544e-10,1.2069813711469489e+01,4.3532783388137657e-09,1.3309557187305566e-14,3.2707912649158982e+05,-5.8985971662650627e-10,-4.3140219591064621e-09
down,outer,36,2.5423074338908782e-03,7.5838893732205221e-09,6.2831886106627081e-10,1.2070128470042260e+01,7.5857263683041592e-09,2.5898523762280473e-14,2.9290188266839669e+05,-2.9988100891387148e-10,-7.5779581290569276e-09
down,outer,37,2.6826998780403693e-03,3.8317059599001525e-10,3.1744509253719471e-11,1.2070452654583708e+01,3.8231414662267876e-10,1.4529803208677331e-15,2.6312410507690650e+05,-9.0214058445781120e-11,-3.7239915318121319e-10
down,outer,38,2.8266293284590024e-03,3.8486117062175979e-09,3.1883686861673142e-10,1.2070786301831205e+01,3.8492198575482853e-09,1.6235886687321271e-14,2.3708097572238976e+05,4.1750158885633937e-10,-3.8258991738593373e-09
down,outer,39,2.9740711235763983e-03,6.9601826303172624e-09,5.7659746405620495e-10,1.2071129451999820e+01,6.9579115951447006e-09,3.2479886345821682e-14,2.1422216571394465e+05,8.4728224436503297e-10,6.9084191423041119e-09
down,outer,40,3.1249999999999989e-03,6.0528637132414602e-09,5.0141843737044928e-10,1.2071482143704237e+01,6.0524340671858249e-09,3.1183674544122578e-14,1.9408982923491206e+05,-5.8574034511593709e-10,-6.0244557745225968e-09
down,outer,41,3.2793900968438121e-03,5.7121052150876525e-09,4.7317584778131252e-10,1.2071844414441909e+01,5.7120803159850189e-09,3.2399545961472134e-14,1.7630124578836781e+05,-9.9888097793154884e-11,-5.7112317722318728e-09
down,outer,42,3.4372149601595431e-03,8.3603270036827072e-10,6.9252627603032662e-11,1.2072216308679955e+01,8.3478789586143385e-10,5.2000352798380272e-15,1.6053504465597321e+05,7.3995920502056833e-11,8.3275163154095111e-10
down,outer,43,3.5984475474693514e-03,7.6785920748557454e-09,6.3603477606543820e-10,1.2072597857551321e+01,7.6825922997954109e-09,5.2433670289578512e-14,1.4652020843412844e+05,-1.7439951705000567e-09,-7.4779179654038685e-09
down,outer,44,3.7630602323994282e-03,7.2357274988722578e-10,5.9933189985207723e-11,1.2072989107801751e+01,7.2768998216628315e-10,5.4294182899596183e-15,1.3402724625434881e+05,7.2347816626461281e-10,-1.1699030633138818e-11
down,outer,45,3.9310248094136377e-03,2.1339655415997911e-09,1.7674949000993430e-10,1.2073390092836197e+01,2.1318795919511151e-09,1.7351953488815323e-14,1.2286107113676143e+05,1.0588268040123694e-09,1.8527532841261518e-09
down,outer,46,4.1023124986463919e-03,2.1112718051238351e-09,1.7486389178357006e-10,1.2073800849274058e+01,2.1114420961660246e-09,1.8709298785161738e-14,1.1285522351273795e+05,-1.4864554032101296e-11,-2.1112194770189774e-09
down,outer,47,4.2768939508339354e-03,6.3108954727462277e-09,5.2267514863734164e-10,1.2074221414963510e+01,6.3127840897385654e-09,6.0777476233901204e-14,1.0386716397113811e+05,-1.0667378091966384e-09,-6.2200861822292453e-09
down,outer,48,4.4547392523431803e-03,4.6685348908996336e-09,3.8663929668953339e-10,1.2074651828907111e+01,4.6702833900535510e-09,4.8763369224544970e-14,9.5774419699095990e+04,-1.1639507135896565e-09,-4.5211101251663166e-09
down,outer,49,4.6358179302972650e-03,5.0431189367626933e-10,4.1764641496104368e-11,1.2075092126034640e+01,5.0575420510922915e-10,5.7165831441904533e-15,8.8471415940693172e+04,-2.0807622291840744e-10,-4.5938521042732106e-10
down,outer,50,4.8200989577969174e-03,4.7215741565621859e-09,3.9100307234368642e-10,1.2075542343595668e+01,4.7218684336297138e-09,5.7677409978687691e-14,8.1866859752795513e+04,1.0527170246632522e-09,4.6027219535726971e-09
down,outer,51,5.0075507592367563e-03,1.0448431116696211e-09,8.6522266857190782e-11,1.2076002509205932e+01,1.0483705387341679e-09,1.3815878133222264e-14,7.5881571089803576e+04,-3.2326852306141518e-10,-9.9357666538679723e-10
down,outer,52,5.1981412157156119e-03,2.2996165110803503e-09,1.9042120785492131e-10,1.2076472662815949e+01,2.2978957467047771e-09,3.2618937028963103e-14,7.0446677789175737e+04,9.3556451474796631e-10,2.1007034861630913e-09
down,outer,53,5.3918376705399240e-03,2.3658868151867256e-09,1.9590097334297930e-10,1.2076952833943203e+01,2.3663900388413982e-09,3.6126929606926922e-14,6.5502107834474540e+04,4.6351544824574376e-10,-2.3200374676957125e-09
down,outer,54,5.5886069348193125e-03,1.9803628835225598e-09,1.6397203240060224e-10,1.2077443052509764e+01,1.9796802735594873e-09,3.2456262162583077e-14,6.0995325451916782e+04,2.0975754466689978e-10,-1.9692229236145664e-09
down,outer,55,5.7884152931533157e-03,3.7184573301665444e-09,3.0787173130709483e-10,1.2077943351211648e+01,3.7185348656087785e-09,6.5374777538782893e-14,5.6880267981069570e+04,-4.4885783978543259e-10,-3.6912669310051882e-09
down,outer,56,5.9912285094083483e-03,1.9533796560275096e-09,1.6172431464258203e-10,1.2078453758450397e+01,1.9505214013503534e-09,3.6721607896965136e-14,5.3116448681201524e+04,1.1109975162071350e-09,1.6066663000025017e-09
down,outer,57,6.1970118325838913e-03,8.3988120900648299e-10,6.9532494062296351e-11,1.2078974303064795e+01,8.3681468911897327e-10,1.6848098717963401e-14,4.9668197173296685e+04,8.3980378207115791e-10,1.1404072131071530e-11
down,outer,58,6.4057300027668927e-03,7.0806452816800313e-10,5.8617015182053511e-11,1.2079505003263762e+01,7.0249429970677900e-10,1.5106100154634203e-14,4.6504014438913277e+04,-7.0770056481705979e-10,2.2699925272817723e-11
down,outer,59,6.6173472571733763e-03,2.2876003980035491e-09,1.8937017438881345e-10,1.2080045896280716e+01,2.2876090465851418e-09,5.2472883159858606e-14,4.3596023485424696e+04,-3.1708502490346291e-10,-2.2655181897146548e-09
down,outer,60,6.8318273362762043e-03,2.5392303872613729e-09,2.1019080338735062e-10,1.2080596992542755e+01,2.5387457655059345e-09,6.2042443227996581e-14,4.0919500158567716e+04,7.1059513828686249e-10,-2.4377747043224929e-09
down,outer,61,7.0491334900179784e-03,2.5910274493120851e-09,2.1446846235052455e-10,1.2081158324702038e+01,2.5906774690650217e-09,6.7373497224270861e-14,3.8452471309916611e+04,1.3722356584366935e-09,2.1978154018942320e-09
down,outer,62,7.2692284841079421e-03,1.4230777944216045e-09,1.1778758554964609e-10,1.2081729902017507e+01,1.4222275562143776e-09,3.9314803595129432e-14,3.6175369737585876e+04,7.2554939833935350e-10,-1.2242256652861272e-09
down,outer,63,7.4920746064019127e-03,2.2810534190265784e-09,1.8879279617216223e-10,1.2082311747459160e+01,2.2814147990328139e-09,6.6961122413544299e-14,3.4070737120310718e+04,-1.9380497207066583e-10,-2.2728053883369626e-09
down,outer,64,7.7176336733640492e-03,3.2691961665404221e-09,2.7056378169661586e-10,1.2082903875900818e+01,3.2670728677595769e-09,1.0170520061553359e-13,3.2122967635743415e+04,1.7973293964246295e-09,-2.7307966998790789e-09
down,outer,65,7.9458670366094088e-03,2.5429537193178897e-09,2.1044832982031798e-10,1.2083506300520790e+01,2.5425960811263898e-09,8.3864003408430677e-14,3.0318086160799565e+04,5.7074966974823838e-10,2.4780755503162055e-09
down,outer,66,8.1767355895261511e-03,1.4508600099849496e-09,1.2006336629219547e-10,1.2084119034727255e+01,1.4512865773442756e-09,5.0667123180674915e-14,2.8643555943942258e+04,-1.6412116110586794e-10,-1.4415474369755543e-09
down,outer,67,8.4101997739762426e-03,2.4640588722159982e-09,2.0389834184728294e-10,1.2084742082216366e+01,2.4625776877922295e-09,9.0909906789459599e-14,2.7088111458472522e+04,-7.9747408676666964e-10,-2.3314418728936914e-09
down,outer,68,8.6462195870735600e-03,5.5789453454655206e-10,4.6162780496614690e-11,1.2085375459293763e+01,5.5629278296004124e-10,2.1694921719382604e-14,2.5641612823292191e+04,5.5094684370260438e-10,-8.7771789836210701e-11
down,outer,69,8.8847545880381615e-03,2.5717707455738024e-10,2.1278890185235232e-11,1.2086019163528910e+01,2.5579397641615774e-10,1.0528702695050345e-14,2.4294918740217559e+04,-1.1602097060858796e-10,-2.2951945899407633e-10
down,outer,70,9.1257639051256102e-03,4.6828195235469892e-10,3.8743659620188170e-11,1.2086673198798472e+01,4.6584944597378525e-10,2.0219357115441192e-14,2.3039775365460242e+04,-3.9211744962130979e-10,2.5599197761572157e-10
down,outer,71,9.3692062426301449e-03,1.5587002023526328e-09,1.2895314566520930e-10,1.2087337569874883e+01,1.5595769250614781e-09,7.1315422293680694e-14,2.1868718923643999e+04,1.1411316336307209e-09,-1.0617744183871736e-09
down,outer,72,9.6150398879604800e-03,1.0110788866160188e-09,8.3643105631054045e-11,1.2088012263387757e+01,1.0112063926034498e-09,4.8674217550430461e-14,2.0774990200012100e+04,8.8570306644442098e-10,4.8765827487251556e-10
down,outer,73,9.8632227187870382e-03,1.3742453922719523e-09,1.1368018897614427e-10,1.2088697288850714e+01,1.3757752260487828e-09,6.9650832014323783e-14,1.9752459321172973e+04,1.3335821336113440e-09,-3.3182689929134312e-10
down,outer,74,1.0113712210259413e-02,2.6042658074147011e-09,2.1541742328066301e-10,1.2089392620863611e+01,2.6024389752209797e-09,1.3846030920069440e-13,1.8795559465700862e+04,1.9124035688378171e-09,-1.7677423413964277e-09
down,outer,75,1.0366465442292758e-02,2.4881670913079353e-09,2.0580205694644837e-10,1.2090098263475472e+01,2.4865765308945735e-09,1.3892087879567324e-13,1.7899228340988720e+04,1.5085834803585385e-09,1.9786741412008979e-09
down,outer,76,1.0621439106921943e-02,8.7744714765985665e-10,7.2571386309592481e-11,1.2090814193856398e+01,8.7761293498851964e-10,5.1446176285827118e-14,1.7058856427203373e+04,8.9414697868051007e-11,8.7287943539848811e-10
down,outer,77,1.0878589515722147e-02,1.1607190980054868e-09,9.5994311692886738e-11,1.2091540400007862e+01,1.1599652069519021e-09,7.1293670311320132e-14,1.6270241129214537e+04,-1.1576295477766507e-09,8.4632467700629377e-11
down,outer,78,1.1137872607294631e-02,2.0901334216977734e-09,1.7284862445233295e-10,1.2092276859710715e+01,2.0896950241589190e-09,1.3456253075811229e-13,1.5529546095675960e+04,-1.1895666673922278e-09,-1.7186008449687762e-09
down,outer,79,1.1399243954816448e-02,1.4996106665142653e-09,1.2400626360139558e-10,1.2093023553508541e+01,1.4995372329712969e-09,1.0109286299047118e-13,1.4833265065533265e+04,-1.0859624310910476e-09,-1.0341749123732313e-09
down,outer,80,1.1662658773652740e-02,2.0635492434680448e-09,1.7062896517691181e-10,1.2093780451217718e+01,2.0630838061838578e-09,1.4551108791316743e-13,1.4178189688300499e+04,-1.5240253503634449e-09,-1.3912520302472586e-09
down,outer,81,1.1928071929030370e-02,4.7795729839258142e-10,3.9518410857842831e-11,1.2094547529046858e+01,4.7762593398914985e-10,3.5219565005223764e-14,1.3561380838130975e+04,-1.6475443231911413e-10,-4.4866374504515250e-10
down,outer,82,1.2195437943771505e-02,1.1116846367367831e-09,9.1910276033023234e-11,1.2095324752776897e+01,1.1134975765171855e-09,8.5784692519370977e-14,1.2980143004717858e+04,1.0886429535617026e-09,-2.2516494224689154e-10
down,outer,83,1.2464711006085939e-02,1.6516650514574470e-09,1.3654511804779162e-10,1.2096112076884024e+01,1.6514782411521315e-09,1.3284089892316128e-13,1.2432001398209377e+04,-7.8257667013303944e-10,1.4545003257371292e-09
down,outer,84,1.2735844977420648e-02,1.6124003690317821e-09,1.3329027312135896e-10,1.2096909483887949e+01,1.6126011938781762e-09,1.3534572454926321e-13,1.1914681451878598e+04,5.2326143418213178e-10,1.5251335749866257e-09
down,outer,85,1.3008793400365454e-02,2.3807222161778225e-09,1.9679103374566868e-10,1.2097716907441272e+01,2.3792586418681680e-09,2.0823033504189405e-13,1.1426090446377482e+04,-2.2752475459242305e-09,-7.0077590952344337e-10
down,outer,86,1.3283509506613224e-02,1.5494133318747340e-09,1.2806620141411415e-10,1.2098534310895658e+01,1.5499725336332197e-09,1.4136537583634285e-13,1.0964301014044670e+04,-1.3690835132251777e-09,-7.2545985885241748e-10
down,outer,87,1.3559946224973403e-02,5.5475182354317885e-10,4.5849676953148997e-11,1.2099361662025363e+01,5.5476405112632749e-10,5.2696474721400963e-14,1.0527536311665799e+04,-3.3295144419298595e-11,5.5375176666316861e-10
down,outer,88,1.3838056189437389e-02,2.1803097523485169e-09,1.8018792708514522e-10,1.2100198873580709e+01,2.1805847287915827e-09,2.1559728592903077e-13,1.0114156675930404e+04,2.1397603688910749e-09,-4.1854053556278359e-10
down,outer,89,1.4117791747294502e-02,1.4808097297253945e-09,1.2237039170998526e-10,1.2101045923223619e+01,1.4813787411636902e-09,1.5236371843639474e-13,9.7226475985626566e+03,5.4690740824980821e-10,1.3761140005286165e-09
down,outer,90,1.4399104967296962e-02,3.5047449573053443e-10,2.8960280387940866e-11,1.2101902710737320e+01,3.5041548225979895e-10,3.7471143934415934e-14,9.3516088773034389e+03,6.5043970209899271e-11,3.4438590867935659e-10
down,outer,91,1.4681947647872748e-02,5.0448978037806655e-10,4.1683830447911360e-11,1.2102769226270684e+01,5.0480970675261536e-10,5.6091557822256159e-14,8.9997448163637127e+03,-4.1526604377395415e-10,-2.8646823801992127e-10
down,outer,92,1.4966271325384603e-02,2.0504311583351921e-10,1.6940608403153068e-11,1.2103645332794279e+01,2.0476763721426530e-10,2.3629247039590319e-14,8.6658553643787855e+03,-2.0129764521925608e-10,-3.9012015840000913e-11
down,outer,93,1.5252027282434103e-02,1.0902399277608645e-09,9.0068745757456575e-11,1.2104531028962466e+01,1.0908995387661886e-09,1.3066498996455179e-13,8.3488280913054041e+03,-8.9691720717155476e-10,6.1980853782728218e-10
down,outer,94,1.5539166556209077e-02,4.5257570782061154e-10,3.7386185397323238e-11,1.2105426189134953e+01,4.5228413805364154e-10,5.6200904681419493e-14,8.0476309165743842e+03,2.7656543721832350e-10,3.5824060384825884e-10
down,outer,95,1.5827639946873161e-02,1.2430780077907022e-09,1.0267999721752956e-10,1.2106330750644815e+01,1.2430008283430141e-09,1.6015357552219184e-13,7.7613055112264819e+03,5.2994852950405402e-10,-1.1244543074440116e-09
down,outer,96,1.6117398025995922e-02,1.4447220627892932e-10,1.1932707287384675e-11,1.2107244634389559e+01,1.4401565111854327e-10,1.9230390604522624e-14,7.4889613050643657e+03,1.1701306590339300e-10,8.4735829464221979e-11
down,outer,97,1.6408391145022190e-02,3.6295853130626514e-10,2.9976338223345701e-11,1.2108167735563896e+01,3.6325973617260679e-10,5.0244991787578508e-14,7.2297700377455594e+03,-1.0409451078885468e-10,-3.4771141521616755e-10
down,outer,98,1.6700569443779057e-02,8.6722507814783261e-10,7.1617632936918939e-11,1.2109099988150788e+01,8.6741116111708323e-10,1.2421824868140466e-13,6.9829607994379476e+03,-3.4370284396345596e-10,-7.9620832149629450e-10
down,outer,99,1.6993882859019170e-02,6.1489925970751910e-10,5.0775983830604041e-11,1.2110041269882846e+01,6.1513833757115831e-10,9.1161107832910314e-14,6.7478155124951827e+03,2.1579094067192273e-10,-5.7579108148075875e-10
down,outer,100,1.7288281132998809e-02,2.4428294784857769e-10,2.0170350871527185e-11,1.2110991494620539e+01,2.4431343748102320e-10,3.7450335748261740e-14,6.5236648109987382e+03,-7.7893247407700983e-13,-2.4428170597445842e-10
down,outer,101,1.7583713822089283e-02,1.0350540709770850e-09,8.5457256942993602e-11,1.2111950558716664e+01,1.0350097049567591e-09,1.6402990278659395e-13,6.3098842794738866e+03,2.1311130637968745e-10,1.0128773375583933e-09
down,outer,102,1.7880130305420218e-02,7.9267663587811953e-10,6.5440599265079203e-11,1.2112918353134830e+01,7.9316741065343702e-10,1.2990199276984976e-13,6.1058910163041865e+03,-7.9122131069198076e-10,4.8011317144158738e-11
down,outer,103,1.8177479793553147e-02,5.9660664971316614e-11,4.9249779843537062e-12,1.2113894754627161e+01,5.9592727449272592e-11,1.0081426340801123e-14,5.9111404909136145e+03,-5.3740123462375777e-11,2.5911273127121603e-11
down,outer,104,1.8475711337184054e-02,1.0580666688321756e-09,8.7336127042689136e-11,1.2114879657017557e+01,1.0577983491965678e-09,1.8476427946608687e-13,5.7251236670490989e+03,2.9874236417981592e-10,1.0150162932376361e-09
down,outer,105,1.8774773835873209e-02,3.5641054646120154e-10,2.9416827661468151e-11,1.2115872947375916e+01,3.5607465768957548e-10,6.4188078178327026e-14,5.5473643672635044e+03,-2.4011903576592886e-10,2.6338436986961256e-10
down,outer,106,1.9074616046801059e-02,2.1409517209345623e-10,1.7669174701918623e-11,1.2116874483685336e+01,2.1392978397384231e-10,3.9783001706889136e-14,5.3774168563252624e+03,-1.9434320819300410e-10,8.9819041093619489e-11
down,outer,107,1.9375186593548352e-02,1.7761263254740436e-10,1.4657066413938905e-11,1.2117884133928349e+01,1.7784570081419234e-10,3.4103614908128212e-14,5.2148636234983060e+03,-6.5759842016177572e-11,1.6499057675645190e-10
down,outer,108,1.9676433974899238e-02,9.8035848694143577e-11,8.0894993983590803e-12,1.2118901784457726e+01,9.7633900301413609e-11,1.9297855980040028e-14,5.0593133456067535e+03,-9.6817664996251551e-11,1.5406731446176991e-11
down,outer,109,1.9978306573665752e-02,1.2801300131698717e-10,1.0562192183303242e-11,1.2119927293062387e+01,1.2759983978950767e-10,2.5985635670246620e-14,4.9103990146220913e+03,-1.2366641044536664e-10,3.3074876171212964e-11
down,outer,110,2.0280752665532149e-02,8.6685895226866186e-10,7.1517348154440200e-11,1.2120960503131329e+01,8.6677084089121899e-10,1.8179771905847601e-13,4.7677762151263214e+03,4.5127546144385633e-10,7.4013167816744385e-10
down,outer,111,2.0583720427917562e-02,7.3469950182441488e-10,6.0608762967917478e-11,1.2122001272544027e+01,7.3454414617045993e-10,1.5861042299989897e-13,4.6311215384056304e+03,3.2873348487783005e-10,6.5705224594481138e-10
down,outer,112,2.0887157948855612e-02,2.5961873875002396e-10,2.1415299798063819e-11,1.2123049464546668e+01,2.5964046712016896e-10,5.7696200427930585e-14,4.5001311211903940e+03,2.7420732351401966e-11,-2.5816659920963048e-10
down,outer,113,2.1191013235889164e-02,7.7680622999558791e-11,6.4071223016065851e-12,1.2124104916817398e+01,7.7626889813130771e-11,1.7745238852732211e-14,4.3745192982386179e+03,-6.7402083914203104e-11,3.8616554398629432e-11
down,outer,114,2.1495234224979058e-02,5.3218922850238917e-10,4.3891288928790597e-11,1.2125167464683372e+01,5.3213537878670997e-10,1.2509008165288436e-13,4.2540173589729193e+03,-2.0818013979351235e-11,-5.3178189629576877e-10
down,outer,115,2.1799768789424939e-02,1.4536612543090270e-10,1.1987735855772396e-11,1.2126236945812019e+01,1.4537839674805929e-10,3.5129365538221903e-14,4.1383723992932019e+03,-9.4670937755836349e-12,-1.4505752155002938e-10
down,outer,116,2.2104564748796938e-02,5.8599178703232393e-11,4.8320001094125727e-12,1.2127313198748315e+01,5.8607694367476013e-11,1.4552434922743452e-14,4.0273462605134391e+03,-3.8456349216176022e-11,4.4215076044906709e-11
down,outer,117,2.2409569877876498e-02,4.7904734164824325e-10,3.9497996230418061e-11,1.2128396054666716e+01,4.7923700385855950e-10,1.2223205693155924e-13,3.9207145481229709e+03,1.9394086336887995e-10,4.3803344285109347e-10
down,outer,118,2.2714731915604944e-02,8.8946861568380955e-11,7.3331109355515698e-12,1.2129485337138256e+01,8.8617709556313615e-11,2.3208890100371425e-14,3.8182657237407238e+03,5.9189986245655746e-11,-6.6393446296331149e-11
down,outer,119,2.3019998574038067e-02,7.7860437943312664e-11,6.4185251180504248e-12,1.2130580859510937e+01,7.7855446030814376e-11,2.0930007124184327e-14,3.7198002642270249e+03,-6.8705929834322887e-11,3.6629810296062715e-11
down,outer,120,2.3325317547305477e-02,2.6089913380952334e-10,2.1505601979378833e-11,1.2131682436031916e+01,2.6084460758584072e-10,7.1954555020826047e-14,3.6251298824701730e+03,-1.0950884643534664e-10,-2.3680407634785183e-10
down,outer,121,2.3630636520572894e-02,4.6726752279199295e-10,3.8512784549120582e-11,1.2132789884253198e+01,4.6731086334772414e-10,1.3222996815104517e-13,3.5340768048428999e+03,1.5861978397424537e-11,-4.6699821787399287e-10
down,outer,122,2.3935903179006023e-02,2.3089288421676803e-10,1.9028739879160138e-11,1.2133903016333566e+01,2.3099015207608576e-10,6.7022183351496281e-14,3.4464731007741611e+03,1.4040590912145490e-10,1.8329676665373995e-10
down,outer,123,2.4241065216734463e-02,5.5932705427028296e-10,4.6091970087124729e-11,1.2135021636372290e+01,5.5940008211370485e-10,1.6638115737618836e-13,3.3621600602819426e+03,-1.1539569300111907e-10,5.4729387688468023e-10
down,outer,124,2.4546070345814026e-02,1.5525283398018016e-10,1.2792598229335276e-11,1.2136145542675056e+01,1.5531024914192425e-10,4.7336432603367239e-14,3.2809876156758883e+03,4.1595171751396265e-11,1.4957701743867347e-10
down,outer,125,2.4850866305186025e-02,1.1791756595309195e-10,9.7153249419130872e-12,1.2137274528449510e+01,1.1772759226086738e-10,3.6757551161734338e-14,3.2028138039681266e+03,-9.3270280387969251e-11,7.2147121610299791e-11
down,outer,126,2.5155400869631903e-02,9.5839728610322096e-11,7.8955762220367075e-12,1.2138408384030484e+01,9.5851978030593173e-11,3.0648072665370077e-14,3.1275042668147421e+03,2.1955770534987096e-11,9.3290930536227279e-11
down,outer,127,2.5459621858721797e-02,1.6930079783461765e-10,1.3946220499659234e-11,1.2139546900090558e+01,1.6915988551012380e-10,5.5372721032645712e-14,3.0549317851003452e+03,-9.9789509988568170e-11,-1.3676554333486024e-10
down,outer,128,2.5763477145755356e-02,5.8094805602928624e-10,4.7851321668176234e-11,1.2140689865535077e+01,5.8089124123645985e-10,1.9460500563569398e-13,2.9849758455026822e+03,8.1952222785730555e-11,-5.7513865892033778e-10
down,outer,129,2.6066914666693402e-02,1.1607029009611936e-09,9.5595328381385427e-11,1.2141837060598544e+01,1.1606663738697385e-09,3.9782605914822006e-13,2.9175222366147291e+03,1.6108536726733291e-10,1.1494706297909829e-09
down,outer,130,2.6369882429078815e-02,1.5128512070017338e-09,1.2458640116255734e-10,1.2142988262641939e+01,1.5129032267086102e-09,5.3038493416712223e-13,2.8524626723878628e+03,3.4356428812998274e-10,1.4733235742525608e-09
down,outer,131,2.6672328520945213e-02,7.2290165819047335e-10,5.9526772981800093e-11,1.2144143248139716e+01,7.2297549830340328e-10,2.5915938595787728e-13,2.7896944408600843e+03,2.6405277964158813e-10,6.7295091721319977e-10
down,outer,132,2.6974201119711723e-02,9.2908924226081326e-11,7.6497830903068018e-12,1.2145301785590254e+01,9.3079480936597958e-11,3.4106040897759031e-14,2.7291200762828448e+03,9.2596152967416856e-11,7.6171291496507365e-12
down,outer,133,2.7275448501062616e-02,5.7225809203959404e-10,4.7113144134359210e-11,1.2146463636721098e+01,5.7226898880767941e-10,2.1428102533443235e-13,2.6706470529274752e+03,1.7543300145916874e-11,5.7198912273292990e-10
down,outer,134,2.7576019047809902e-02,2.2723465067409278e-10,1.8706091437311628e-11,1.2147628564503059e+01,2.2720231722597369e-10,8.6911255338152283e-14,2.6141874989836497e+03,1.0691270091456317e-10,2.0051249549624117e-10
down,outer,135,2.7875861258737755e-02,3.7099173179053917e-10,3.0537324165169607e-11,1.2148796331463991e+01,3.7099613226284814e-10,1.4493973122201615e-13,2.5596579290916634e+03,-2.0635937403312710e-11,3.7041736344889387e-10
down,outer,136,2.8174923757426921e-02,2.5057503983649814e-10,2.0623516598352902e-11,1.2149966696587057e+01,2.5045591098743699e-10,9.9903474090015582e-14,2.5069789941616027e+03,-1.6228351995550838e-10,1.9092383229946108e-10
down,outer,137,2.8473155301057818e-02,6.6651520756564163e-10,5.4852074759108635e-11,1.2151139414374867e+01,6.6655826684125808e-10,2.7139163085008155e-13,2.4560752472483910e+03,1.2055423326273740e-10,6.5552208106112175e-10
down,outer,138,2.8770504789190746e-02,6.6835308326868613e-10,5.4998008624324601e-11,1.2152314238030172e+01,6.6836983331299040e-10,2.7769196751929957e-13,2.4068749243405418e+03,-1.0255529758751436e-10,-6.6043792656955702e-10
down,outer,139,2.9066921272521685e-02,2.3932692493880470e-10,1.9692031421735193e-11,1.2153490912808834e+01,2.3945423785210793e-10,1.0149334523274228e-13,2.3593097390079793e+03,-7.3012706991448795e-11,-2.2791779574760085e-10
down,outer,140,2.9362353961612159e-02,2.2423978408994837e-10,1.8448859511101622e-11,1.2154669179144207e+01,2.2417199686126775e-10,9.6905102377833348e-14,2.3133146899450176e+03,2.5076829501813336e-11,2.2283319633942256e-10
down,outer,141,2.9656752235591794e-02,7.4938205788123831e-10,6.1647859525749613e-11,1.2155848777981172e+01,7.4937075775448995e-10,3.3028982241996586e-13,2.2688278805081063e+03,9.6581409536611318e-11,7.4313222242494703e-10
down,outer,142,2.9950065650831907e-02,2.2874938675144525e-10,1.8816223792053719e-11,1.2157029448600014e+01,2.2855115073460282e-10,1.0268314389717356e-13,2.2257903494216434e+03,-1.1404566180317488e-10,-1.9829238251389825e-10
down,outer,143,3.0242243949588778e-02,1.2873632401209773e-10,1.0588426601420761e-11,1.2158210927657922e+01,1.2873238910765630e-10,5.8939463891616085e-14,2.1841459118865178e+03,2.2240875807710836e-11,-1.2680057004388345e-10
down,outer,144,3.0533237068615045e-02,3.8548573682759746e-10,3.1702712338915839e-11,1.2159392947410510e+01,3.8551989915801497e-10,1.7982672096037336e-13,2.1438410103855931e+03,3.5464076120206300e-11,3.8385095102455580e-10
down,outer,145,3.0822995147737807e-02,4.2459040373754498e-10,3.4915322285607792e-11,1.2160575241562713e+01,4.2458606404527049e-10,2.0172040424823976e-13,2.1048245745272716e+03,-1.2015899386597084e-10,-4.0723313610158129e-10
down,outer,146,3.1111468538401892e-02,6.3759897819208102e-10,5.2426549061454917e-11,1.2161757537095973e+01,6.3760369398821136e-10,3.0846101693185935e-13,2.0670478893255458e+03,1.2108092306561957e-10,6.2599669892193788e-10
down,outer,147,3.1398607812176862e-02,1.2066277041610466e-10,9.9205270083189136e-12,1.2162939561065880e+01,1.2066111964980076e-10,5.9425378455155379e-14,2.0304644713513464e+03,2.9793945088840701e-11,1.1692657952977470e-10
down,outer,148,3.1684363769226363e-02,4.4324810323714668e-10,3.6438975070093529e-11,1.2164121037557191e+01,4.4325683146650822e-10,2.2218053968058709e-13,1.9950299522350001e+03,3.8236969146510091e-11,-4.4159575995905698e-10
down,outer,149,3.1968687446738218e-02,3.3929028365669374e-10,2.7890001612128750e-11,1.2165301686793157e+01,3.3931635852850353e-10,1.7305861058268620e-13,1.9607019690382904e+03,-4.8975934419104306e-11,-3.3573688273946800e-10
down,outer,150,3.2251530127314000e-02,4.0306288378442984e-10,3.3128961143163691e-11,1.2166481225977218e+01,4.0306651436658760e-10,2.0912012908356548e-13,1.9274400610451046e+03,-1.1322498494337196e-11,4.0290382141705550e-10
down,outer,151,3.2532843347316466e-02,1.8323844980378588e-10,1.5059465768625026e-11,1.2167659372455688e+01,1.8321131249956644e-10,9.6670944383266897e-14,1.8952055725575296e+03,1.1351808382187301e-11,1.8288648373498972e-10
down,outer,152,3.2812578905173570e-02,3.2730356345022460e-10,2.6896867350847122e-11,1.2168835841766388e+01,3.2733212541870616e-10,1.7561098480421872e-13,1.8639615613091341e+03,6.1907812209938129e-11,3.2139546579657008e-10
down,outer,153,3.3090688869637570e-02,4.3884493899030394e-10,3.6059537047393553e-11,1.2170010347429695e+01,4.3888657769906042e-10,2.3934837160115597e-13,1.8336727121353047e+03,8.9229068578333681e-11,4.2967784885661331e-10
down,outer,154,3.3367125587997731e-02,9.1106148459702568e-10,7.4853982099795648e-11,1.2171182601646958e+01,9.1107139644687646e-10,5.0494304865265769e-13,1.8043052555687086e+03,7.7633899309148546e-11,9.0774776584368055e-10
down,outer,155,3.3641841694245507e-02,1.1726261025167328e-10,9.6335208849002106e-12,1.2172352315701442e+01,1.1729855380253529e-10,6.6052921258207987e-14,1.7758268910469924e+03,1.9327650591094425e-11,1.1565881585795523e-10
down,outer,156,3.3914790117190320e-02,6.5197035902143730e-10,5.3556440690397665e-11,1.2173519199873404e+01,6.5197488840447907e-10,3.7293924283494734e-13,1.7482067144460452e+03,-5.3701931790328672e-11,-6.4975491653740391e-10
down,outer,157,3.4185924088525034e-02,2.9138481920990375e-10,2.3933667937176879e-11,1.2174682960202979e+01,2.9137866784401402e-10,1.6926693592797621e-13,1.7214151496663051e+03,5.7549520704469614e-11,2.8564517418061541e-10
down,outer,158,3.4455197150839459e-02,5.3193200026146741e-10,4.3687487348187187e-11,1.2175843303186440e+01,5.3195660557264976e-10,3.1376024048347765e-13,1.6954238840235150e+03,5.2357229662902682e-11,5.2934900907075644e-10
down,outer,159,3.4722563165580603e-02,1.9896559460039428e-10,1.6339459281218858e-11,1.2176999934697488e+01,1.9895678191169727e-10,1.1912111732153299e-13,1.6702058072094053e+03,1.4723333663368976e-10,1.3382694952213114e-10
down,outer,160,3.4987976320958222e-02,1.1404673314749554e-10,9.3648632327719200e-12,1.2178152559494311e+01,1.1406053744110854e-10,6.9306747840079178e-14,1.6457349536050347e+03,3.9493741610385769e-11,-1.0699019448168201e-10
down,outer,161,3.5251391139794516e-02,3.2478834121701157e-10,2.6667240133208125e-11,1.2179300879829697e+01,3.2478226970072840e-10,2.0023735102918610e-13,1.6219864477401568e+03,3.4134473025915213e-11,3.2298963503762934e-10
down,outer,162,3.5512762487316336e-02,2.0203438572626258e-10,1.6586782533929163e-11,1.2180444598763518e+01,2.0206965596044328e-10,1.2637754028155180e-13,1.5989364527135108e+03,-1.0787637449993781e-10,-1.7082324443862262e-10
down,outer,163,3.5772045578888821e-02,3.3162151254895943e-10,2.7223186113785419e-11,1.2181583418005257e+01,3.3160779546201000e-10,2.1033601591861649e-13,1.5765621213930199e+03,-2.2496671192584472e-11,-3.3085756356854290e-10
down,outer,164,3.6029195987689014e-02,2.2555528412951308e-10,1.8514366163951194e-11,1.2182717038873601e+01,2.2556212485895521e-10,1.4507081112234396e-13,1.5548415502325256e+03,5.4311222186242958e-11,-2.1891888302150164e-10
down,outer,165,3.6284169652318204e-02,4.3699931070856133e-10,3.5867109676164878e-11,1.2183845162158821e+01,4.3699505028408925e-10,2.8491865425048812e-13,1.5337537355483300e+03,-3.7169378686030541e-11,4.3541570349248104e-10
down,outer,166,3.6536922884351557e-02,2.0688371671669760e-10,1.6978602273882451e-11,1.2184967489045849e+01,2.0690510983615268e-10,1.3672638938941645e-13,1.5132785321117281e+03,-6.8638428274425678e-12,-2.0676982348533102e-10
down,outer,167,3.6787412375823933e-02,4.4795114981585899e-10,3.6759237840158724e-11,1.2186083720334413e+01,4.4798014785767757e-10,2.9997399463782184e-13,1.4933966139249944e+03,7.1551653491042089e-11,4.4219972128445306e-10
down,outer,168,3.7035595206650486e-02,2.4750992838323088e-10,2.0309017594963349e-11,1.2187193557044015e+01,2.4753307933247103e-10,1.6792270069324334e-13,1.4740894370479296e+03,-1.0010037243546321e-10,-2.2636492680305764e-10
down,outer,169,3.7281428851980825e-02,4.1017598712642387e-10,3.3653265686549665e-11,1.2188296700440592e+01,4.1013899120808906e-10,2.8181676819987058e-13,1.4553392043627780e+03,-1.8890133901550143e-10,-3.6408875914162309e-10
down,outer,170,3.7524871189485359e-02,1.1717221539054279e-10,9.6126375470971198e-12,1.2189392850448950e+01,1.1725671082832002e-10,8.1590952880584326e-14,1.4371288321627487e+03,9.7664987208645471e-11,-6.4736993543590415e-11
down,outer,171,3.7765880506572799e-02,4.4290767780628732e-10,3.6332253994833127e-11,1.2190481709977972e+01,4.4290875869042526e-10,3.1203020914733096e-13,1.4194419184627650e+03,-6.7307048823295190e-11,-4.3776360314495832e-10
down,outer,172,3.8004415507537401e-02,2.8318497536055059e-10,2.3227946722063079e-11,1.2191562980104788e+01,2.8315743484220639e-10,2.0192894828558203e-13,1.4022627129308144e+03,-4.0437875270527002e-11,-2.8028290799397837e-10
down,outer,173,3.8240435320634723e-02,5.4725511720802587e-10,4.4884067801935189e-11,1.2192636363151355e+01,5.4724429767355173e-10,3.9495795450933083e-13,1.3855760883545470e+03,3.1303848402330914e-11,5.4635906909794585e-10
down,outer,174,3.8473899505084813e-02,2.1567448695986255e-11,1.7687368011223237e-12,1.2193701562776877e+01,2.1661743400930964e-11,1.5818794579654686e-14,1.3693675135519602e+03,-9.8463459607955883e-12,-1.9188650668411356e-11
down,outer,175,3.8704768058001549e-02,1.0586490968631401e-10,8.6811814735865345e-12,1.2194758283583845e+01,1.0589208926978818e-10,7.8228640549686019e-14,1.3536230276497267e+03,1.4180656648932199e-11,-1.0491085777886155e-10
down,outer,176,3.8933001421246907e-02,6.5636334603126676e-10,5.3818774558966605e-11,1.2195806229517942e+01,6.5636123808665353e-10,4.9043331820817767e-13,1.3383292156509710e+03,1.4222045763290225e-10,6.4076999262141499e-10
down,outer,177,3.9158560488209058e-02,3.5057731248004609e-10,2.8743278230761837e-11,1.2196845108114660e+01,3.5057816051083626e-10,2.6489253006795349e-13,1.3234731852230852e+03,5.1949555768260325e-12,-3.5053882019298044e-10
down,outer,178,3.9381406610503031e-02,1.5871025990271491e-10,1.3011304408904736e-11,1.2197874626167078e+01,1.5872873637735744e-10,1.2125559786219936e-13,1.3090425446398306e+03,-6.1112892524306517e-11,-1.4647238977261168e-10
down,outer,179,3.9601501604592984e-02,3.1221998528971879e-10,2.5594121294059066e-11,1.2198894492314203e+01,3.1215913722970361e-10,2.4104480237512508e-13,1.2950253818122455e+03,5.4716231545626215e-11,-3.0738811496178187e-10
down,outer,180,3.9818807758334761e-02,4.9275078994595707e-10,4.0389725452837013e-11,1.2199904416813656e+01,4.9274882887429749e-10,3.8453635831703046e-13,1.2814102443547131e+03,4.3111292313824379e-11,4.9086124054298352e-10
down,outer,181,4.0033287837437592e-02,1.2933179579254381e-10,1.0600181314877761e-11,1.2200904111991148e+01,1.2925165480207631e-10,1.0191852181640965e-13,1.2681861206239141e+03,-7.4273920347422973e-11,-1.0587775101100760e-10
down,outer,182,4.0244905091844071e-02,9.3308157596339088e-11,7.6470229141780901e-12,1.2201893291484659e+01,9.3324053785805194e-11,7.4341512063617436e-14,1.2553424216868702e+03,-9.2072127699793782e-11,1.5137224806949234e-11
down,outer,183,4.0453623262027075e-02,5.4390378854671266e-11,4.4571786315820084e-12,1.2202871670720143e+01,5.4422786925092544e-11,4.3788032764811707e-14,1.2428689641619840e+03,-4.5330850184654992e-11,-3.0057067945676863e-11
down,outer,184,4.0659406585202611e-02,3.7173171254246835e-11,3.0460227599894793e-12,1.2203838967498466e+01,3.7216294057965478e-11,3.0238565119487208e-14,1.2307559538921864e+03,3.6219027776951407e-11,-8.3681950258096549e-12
down,outer,185,4.0862219801457648e-02,2.2416437729794930e-11,1.8366910636508564e-12,1.2204794901782218e+01,2.2351831406695726e-11,1.8336293656388957e-14,1.2189939704040257e+03,-2.0884627360828745e-11,8.1442630417427608e-12
down,outer,186,4.1062028159791659e-02,1.0384896062695453e-10,8.5082074067455584e-12,1.2205739195382096e+01,1.0371276102479896e-10,8.5885225367228568e-14,1.2075739521127564e+03,1.0165823738361723e-10,-2.1218138357426142e-11
down,outer,187,4.1258797424071049e-02,3.1710391554218193e-10,2.5977918193019262e-11,1.2206671573374708e+01,3.1709210266153917e-10,2.6501922241136026e-13,1.1964871822367356e+03,-6.5734973020425969e-11,-3.1021574198319968e-10
down,outer,188,4.1452493878895359e-02,2.4614395929687647e-10,2.0163187309444408e-11,1.2207591762121009e+01,2.4615628276532789e-10,2.0759976014359446e-13,1.1857252753811676e+03,-4.7196024866025255e-11,2.4157686961956415e-10
down,outer,189,4.1643084335374211e-02,1.9814159280055112e-10,1.6229807188101909e-11,1.2208499491343861e+01,1.9814653725626153e-10,1.6859515134973885e-13,1.1752801647612059e+03,7.1081807107020722e-11,1.8495260878381714e-10
down,outer,190,4.1830536136814055e-02,2.0815862066470938e-10,1.7049053559942246e-11,1.2209394494119621e+01,2.0816435628096215e-10,1.7865975381249960e-13,1.1651440900306352e+03,3.8762770770972566e-11,-2.0451762505757642e-10
down,outer,191,4.2014817164313704e-02,1.6479399137591085e-10,1.3496335754857977e-11,1.2210276505353953e+01,1.6476486901267380e-10,1.4261533969277875e-13,1.1553095856841869e+03,4.0779823962111550e-11,-1.5966861166560875e-10
down,outer,192,4.2195895842267787e-02,6.3321109846658454e-10,5.1855176954556381e-11,1.2211145263692826e+01,6.3324115866804532e-10,5.5267763301789759e-13,1.1457694700077338e+03,3.7186254076004843e-11,-6.3211824663511607e-10
down,outer,193,4.2373741143777031e-02,5.1255400927170038e-10,4.1971338671738675e-11,1.2212000510167851e+01,5.1254419725332916e-10,4.5097809524033114e-13,1.1365168345486686e+03,-6.0270899382430798e-11,5.0899806591786501e-10
down,outer,194,4.2548322595964569e-02,7.2626310189931524e-10,5.9467165996164604e-11,1.2212841989916862e+01,7.2629095481223579e-10,6.4413476434340575e-13,1.1275450340777297e+03,-1.5803980346618118e-10,-7.0885930458786106e-10
down,outer,195,4.2719610285197322e-02,2.1648587874164210e-10,1.7724884369830681e-11,1.2213669450511066e+01,2.1661221317088786e-10,1.9360295205388786e-13,1.1188476770261000e+03,1.9608847878771485e-10,9.1735730123332360e-11
down,outer,196,4.2887574862211536e-02,4.6198047929782469e-10,3.7822353409816579e-11,1.2214482644486109e+01,4.6198596153639190e-10,4.1604666449877620e-13,1.1104186163659313e+03,-1.8197798823393896e-10,-4.2462922067443287e-10
down,outer,197,4.3052187547141615e-02,3.2304343600961561e-10,2.6445844953723014e-11,1.2215281325852965e+01,3.2304472521032025e-10,2.9307703004955863e-13,1.1022519409170147e+03,2.6138113895513015e-10,-1.8983403737848903e-10
down,outer,198,4.3213420134451425e-02,1.6222265527833175e-10,1.3279452254073560e-11,1.2216065254390960e+01,1.6225297062321737e-10,1.4826532793800512e-13,1.0943419670650239e+03,1.6038637085102891e-10,-2.4339308346554844e-11
down,outer,199,4.3371244997767157e-02,6.4874248933292361e-10,5.3102340515080142e-11,1.2216834192999309e+01,6.4869891052978959e-10,5.9695308817557327e-13,1.0866832308588328e+03,-5.7473137360375404e-11,-6.4619165573986947e-10
down,outer,200,4.3525635094610972e-02,2.5630303523276910e-10,2.0978202668062325e-11,1.2217587907231463e+01,2.5634829693594126e-10,2.3751997443782608e-13,1.0792704804835003e+03,1.0526868265969824e-10,2.3368729173967040e-10
down,outer,201,4.3676563971034567e-02,9.4028719636706794e-11,7.6957120262290503e-12,1.2218326168680910e+01,9.4070715762535385e-11,8.7744457180496221e-14,1.0720986690820325e+03,7.9920070561456669e-11,-4.9539705671008960e-11
down,outer,202,4.3824005766151961e-02,1.3839769390683230e-10,1.1326388552564892e-11,1.2219048751907044e+01,1.3846650877042673e-10,1.2999561150861216e-13,1.0651629479142330e+03,1.3618617344945960e-10,-2.4642399232277512e-11
down,outer,203,4.3967935216570594e-02,1.3630297089212427e-10,1.1154312506568276e-11,1.2219755436461151e+01,1.3640204119348566e-10,1.2886855799791279e-13,1.0584586598361323e+03,-1.2302425744792345e-10,5.8681615122679887e-11
down,outer,204,4.4108327660720086e-02,1.8944619566387811e-10,1.5502396195905115e-11,1.2220446005238818e+01,1.8942464911311808e-10,1.8006464863559327e-13,1.0519813330848031e+03,-1.8254109335202884e-10,-5.0681459029533471e-11
down,outer,205,4.4245159043077874e-02,3.2031768367523821e-10,2.6210173635918944e-11,1.2221120246081410e+01,3.2028914652447816e-10,3.0628380634422635e-13,1.0457266753584468e+03,1.4125767222594732e-10,2.8748858849070302e-10
down,outer,206,4.4378405918290988e-02,3.6025361734989707e-10,2.9476367411692955e-11,1.2221777952428031e+01,3.6027463835271900e-10,3.4652102210067557e-13,1.0396905681758251e+03,-2.3756285827403190e-10,2.7082569520331390e-10
down,outer,207,4.4508045455193344e-02,7.0198602872424861e-10,5.7434296212788969e-11,1.2222418920629806e+01,7.0198863204312295e-10,6.7899181645375102e-13,1.0338690614998573e+03,1.1191048088221578e-12,-7.0198513668628948e-10
down,outer,208,4.4634055440717663e-02,3.0784878407078443e-10,2.5185936533762413e-11,1.2223042953280892e+01,3.0781513599241099e-10,2.9935582863623413e-13,1.0282583686267765e+03,-2.8884450387067773e-10,1.0648815162994651e-10
down,outer,209,4.4756414283701626e-02,5.2013093367615727e-10,4.2551197046433102e-11,1.2223649856632125e+01,5.2006669277360472e-10,5.0844622482224822e-13,1.0228548613089201e+03,-2.7975399774504695e-10,-4.3849046615918041e-10
down,outer,210,4.4875101018587389e-02,9.9849434423588793e-11,8.1681510652653483e-12,1.2224239442411085e+01,9.9889553439881645e-11,9.8156592408439035e-14,1.0176550651252398e+03,-9.9206864945244888e-11,-1.1309619907251545e-11
down,outer,211,4.4990095309013940e-02,1.8809767471425835e-10,1.5386550074030607e-11,1.2224811527551539e+01,1.8807996154368703e-10,1.8572943389217240e-13,1.0126556550690789e+03,1.6100454303114020e-10,9.7253649578021850e-11
down,outer,212,4.5101377451301598e-02,4.9708443251487007e-10,4.0660086184502522e-11,1.2225365934033174e+01,4.9715053812740155e-10,4.9327661423180455e-13,1.0078534513573687e+03,3.9508041282942941e-10,3.0166935616193769e-10
down,outer,213,4.5208928377828181e-02,8.6606391700668844e-10,7.0838444660487813e-11,1.2225902490625412e+01,8.6609620051419301e-10,8.6329445136622721e-13,1.0032454154472230e+03,-8.4187501414589860e-10,-2.0325641170160225e-10
down,outer,214,4.5312729660296078e-02,4.9344071263198941e-10,4.0358557224949607e-11,1.2226421025946513e+01,4.9343346136991711e-10,4.9401212432574364e-13,9.9882864624706053e+02,4.5292658512607886e-11,4.9135762125729343e-10
down,outer,215,4.5412763512889927e-02,4.3496501213019351e-10,3.5574368932816211e-11,1.2226921381279999e+01,4.3495033579561930e-10,4.3731165406420414e-13,9.9460037653549898e+02,-3.3720848335860865e-10,2.7474533759175301e-10
down,outer,216,4.5509012795324058e-02,1.2003959316930704e-10,9.8172595818078227e-12,1.2227403397965574e+01,1.2002264867797855e-10,1.2116670842906219e-13,9.9055796954529444e+02,-1.9429791109359940e-11,1.1845668890231309e-10
down,outer,217,4.5601461015779408e-02,2.3546383539391722e-10,1.9256329564376369e-11,1.2227866925871393e+01,2.3551365309269821e-10,2.3868846852361923e-13,9.8669891574335998e+02,-1.4122569780283811e-10,1.8841050941631465e-10
down,outer,218,4.5690092333729337e-02,1.7601565525373477e-10,1.4394109167804926e-11,1.2228311818519911e+01,1.7603178011997671e-10,1.7907227882547003e-13,9.8302082977088435e+02,1.5824230814587281e-10,-7.7077122462299030e-11
down,outer,219,4.5774891562653790e-02,5.9308868623494012e-10,4.8499582644457428e-11,1.2228737937453547e+01,5.9305392040867171e-10,6.0545271559558840e-13,9.7952144755892300e+02,-5.5442050950205157e-10,-2.1064683330962453e-10
down,outer,220,4.5855844172641436e-02,1.2802185143515750e-09,1.0468585491435926e-10,1.2229145144765624e+01,1.2802160185519438e-09,1.3114298541419994e-12,9.7619862359281342e+02,1.2762502166197010e-09,1.0072154221774099e-10
down,outer,221,4.5932936292879298e-02,1.1442711282901925e-09,9.3566213725928934e-11,1.2229533318960129e+01,1.1442923510800887e-09,1.1759847540632694e-12,9.7305032835359737e+02,-1.1438388014539669e-09,3.1451730109210985e-11
down,outer,222,4.6006154714029447e-02,4.2707435207286203e-10,3.4920503905114429e-11,1.2229902329969329e+01,4.2709224008820984e-10,4.4026739788083599e-13,9.7007464587193397e+02,-3.9992453793047389e-10,1.4984280483076873e-10
down,outer,223,4.6075486890492338e-02,1.4374599193920628e-09,1.1753313929658829e-10,1.2230252063332649e+01,1.4374874659943141e-09,1.4861288012804673e-12,9.6726977147321065e+02,1.4101422252110751e-09,2.7890845188949243e-10
down,outer,224,4.6140920942556479e-02,6.5846514920991524e-10,5.3837595542012235e-11,1.2230582413289262e+01,6.5842603154943157e-10,6.8256564144838559e-13,9.6463400963498475e+02,-5.3490278872914132e-10,-3.8399916579834326e-10
down,outer,225,4.6202445658433886e-02,1.8049931746863722e-09,1.4757656168408888e-10,1.2230893267118171e+01,1.8050711805952385e-09,1.8760500873907442e-12,9.6216577197348442e+02,1.8047572325485817e-09,-2.9183766514506715e-11
down,outer,226,4.6260050496181225e-02,7.3381373643456162e-10,5.9995312341846096e-11,1.2231184534107914e+01,7.3375849888474846e-10,7.6444040349713480e-13,9.5986357540493168e+02,4.8451376244429412e-10,5.5111615271385972e-10
down,outer,227,4.6313725585506109e-02,1.9327393904225686e-09,1.5801384328529538e-10,1.2231456119531188e+01,1.9327144749849162e-09,2.0180243550746969e-12,9.5772604038437237e+02,-1.9312231813728431e-09,7.6541328830614930e-11
down,outer,228,4.6363461729458287e-02,1.2209230612302100e-09,9.9816237289336989e-11,1.2231707930355306e+01,1.2208826538745333e-09,1.2774054307798602e-12,9.5575188930360218e+02,1.2178542618812571e-09,8.6510798524841448e-11
down,outer,229,4.6409250406005541e-02,2.5296733487420976e-09,2.0680884394926264e-10,1.2231939894034287e+01,2.5295125052973253e-09,2.6516475366165639e-12,9.5393994502184864e+02,2.5275328496832117e-09,-1.0404299644051207e-10
down,outer,230,4.6451083769493876e-02,1.1640171215826687e-09,9.5160453166103134e-11,1.2232151937642310e+01,1.1640399388711526e-09,1.2223597884653557e-12,9.5228912948173615e+02,1.1479306394335254e-09,-1.9284995822488327e-10
down,outer,231,4.6488954651991807e-02,4.1431098823920211e-09,3.3870122413477932e-10,1.2232343986874266e+01,4.1431800298263352e-09,4.3575796484808985e-12,9.5079846246085128e+02,4.0308654192244830e-09,-9.5785357423494588e-10
down,outer,232,4.6522856564518579e-02,1.2563049635039649e-09,1.0270209041590979e-10,1.2232515992774260e+01,1.2563018116854447e-09,1.3231652407882241e-12,9.4946706046861686e+02,-1.2507266333727785e-09,1.1825840307011504e-10
down,outer,233,4.6552783698156006e-02,5.3099485207190514e-09,4.3407934948943969e-10,1.2232667891169129e+01,5.3099295357684965e-09,5.5994541523971415e-12,9.4829413568736902e+02,-5.2006798867409998e-09,1.0716725284964923e-09
down,outer,234,4.6578730925043811e-02,5.1800194205345431e-09,4.2345330396502098e-10,1.2232799631107458e+01,5.1801340877766922e-09,5.4684355027292314e-12,9.4727899509674171e+02,-5.1464921213550952e-09,5.8840465833043254e-10
down,outer,235,4.6600693799258235e-02,9.7420181117191107e-09,7.9637773742578763e-10,1.2232911159984484e+01,9.7419187656781781e-09,1.0293430045817011e-11,9.4642103966471768e+02,9.6698471452327794e-09,-1.1836270852327857e-09
down,outer,236,4.6618668557573857e-02,2.1806453584643073e-08,1.7825921033502248e-09,1.2233002459541790e+01,2.1806397671119581e-08,2.3057990863870547e-11,9.4571976369753531e+02,2.1703045582910363e-08,-2.1211389311659445e-09
down,outer,237,4.6632652120108364e-02,1.4504785490823178e-08,1.1857024704906742e-09,1.2233073517018754e+01,1.4504739100270193e-08,1.5346092386959795e-11,9.4517475423225437e+02,1.4469880404988089e-08,-1.0056655508350332e-09
down,outer,238,4.6642642090850304e-02,1.0805370465896057e-08,8.8328788395144832e-10,1.2233124287358612e+01,1.0805368537512379e-08,1.1436846097322259e-11,9.4478569052723981e+02,1.0590327725878979e-08,-2.1449917397831086e-09
down,outer,239,4.6648636758069635e-02,1.6454703001233759e-07,1.3450907064102925e-08,1.2233154926144131e+01,1.6454699442943337e-07,1.7420632692976484e-10,9.4455234393280193e+02,-1.6349171438889698e-07,1.8606031604306850e-08
down,outer,240,4.6650635094610968e-02,2.3440661896010709e-07,1.9161567437142856e-08,1.2233165148365284e+01,2.3440671492019792e-07,2.4818742677913569e-10,9.4447457698491166e+02,-2.3080788214002723e-07,4.0916800392309938e-08
up,outer,0,0.0000000000000000e+00,6.7448360597955593e-10,5.5906590312628525e-11,1.2064474012953699e+01,,,,-2.8599345114344032e-13,6.7448354534631220e-10
up,outer,2,7.9930037606575818e-06,1.9091784482797824e-11,1.5824783757907952e-12,1.2064483644686323e+01,3.8146972656250000e-06,1.2941989052768758e-16,2.9475355372896862e+10,1.5276668818842154e-13,-1.9091173276584647e-11
up,outer,3,1.7982974502602719e-05,2.0063554268698186e-11,1.6630221478496819e-12,1.2064514170566357e+01,4.7683716175583868e-07,8.1885111752173411e-17,5.8232461500326691e+09,2.3447910280083306e-13,2.0062184064636307e-11
up,outer,4,3.1966537037111286e-05,9.9828246507334081e-08,8.2745158282505084e-09,1.2064542334489786e+01,2.5833906209183034e-07,1.4017813894899660e-16,1.8429340268658171e+09,8.2008853041770635e-09,9.9490825109438061e-08
up,outer,5,4.9941295352730264e-05,7.6360269165727737e-09,6.3292929027448587e-10,1.2064581358308153e+01,6.7884684540331364e-09,8.9902968059120330e-18,7.5508835810281920e+08,3.5181599855604873e-09,-6.7772750708986959e-09
up,outer,6,7.1904169567156995e-05,5.3820917054633267e-08,4.4610505813965738e-09,1.2064628291612898e+01,6.1501622374087319e-08,1.6883298361384249e-16,3.6427492458911240e+08,1.9782540050528041e-09,5.3784548187125331e-08
up,outer,7,9.7851396454959216e-05,5.6841054240227739e-08,4.7113587063650590e-09,1.2064684050364349e+01,5.8085186838032296e-08,2.9528292809536156e-16,1.9671027787720156e+08,8.8368246053960320e-09,-5.6149941923691951e-08
up,outer,8,1.2777853009239047e-04,5.6815427097660416e-09,4.7092094268093591e-10,1.2064748442533102e+01,1.4935442750330507e-08,1.2946293845125347e-16,1.1536462040025556e+08,5.5906754781176460e-09,-1.0120648503281204e-09
up,outer,9,1.6168044261916103e-04,7.3712741340104792e-08,6.1097250407751468e-09,1.2064821386913474e+01,7.3777033416335447e-08,1.0238039913111591e-15,7.2061677862625957e+07,-6.8045551415707450e-09,7.3397999054460039e-08
up,outer,10,1.9955132511709163e-04,1.7689501401146431e-08,1.4661950758617055e-09,1.2064903021686961e+01,1.7627826309762895e-08,3.7260965101115872e-16,4.7309097501704231e+07,1.4567733686021711e-09,-1.7629414941332938e-08
up,outer,11,2.4138468860542250e-04,6.1722699388749407e-08,5.1158502988325325e-09,1.2064993262769026e+01,6.1694973155169850e-08,1.9079947175325618e-15,3.2334981113026567e+07,-1.5008816411921089e-08,5.9870084764823694e-08
up,outer,12,2.8717336515268158e-04,3.3400179099655778e-08,2.7683318527050744e-09,1.2065092220435496e+01,3.3390466059705731e-08,1.4614265562042954e-15,2.2847857744168445e+07,3.8203618046850352e-09,-3.3180970443469349e-08
up,outer,13,3.3690950910486318e-04,8.7899030466173931e-09,7.2853356651060874e-10,1.2065199807769456e+01,8.7788704606045891e-09,5.2879341379273332e-16,1.6601701593896117e+07,1.0267164896049508e-09,-8.7297336052657992e-09
up,outer,14,3.9058459842974171e-04,1.8795132408820107e-08,1.5577820142628127e-09,1.2065316094764713e+01,1.8759284547148507e-08,1.5185127387199598e-15,1.2353722210431878e+07,-3.0339180057126214e-09,1.8548648031586901e-08
up,outer,15,4.4818943617708381e-04,2.9839349961110103e-09,2.4731254883690872e-10,1.2065441119523530e+01,2.7738699768787754e-09,2.9561657902500922e-16,9.3833369766588956e+06,2.1641000103045371e-09,2.0543950950135947e-09
up,outer,16,5.0971415205448769e-04,1.4735120177815040e-08,1.2212530557434806e-09,1.2065574868792872e+01,1.5005883838659889e-08,2.0681325912662423e-15,7.2557648876237338e+06,5.3465623039983257e-09,-1.3730915416829137e-08
up,outer,17,5.7514820411862417e-04,3.7964802179117146e-08,3.1465018617524271e-09,1.2065717373506606e+01,3.7904580519000730e-08,6.6505117282893549e-15,5.6994983345064409e+06,-4.6853374513489143e-09,3.7674577867130576e-08
up,outer,18,6.4448038058152236e-04,3.0072346273215921e-08,2.4923482150288152e-09,1.2065868682345512e+01,3.0023316265412485e-08,6.6133085530580828e-15,4.5398329783855770e+06,5.4065081300791462e-09,-2.9582354203402939e-08
up,outer,19,7.1769880173166826e-04,2.3045177549806463e-09,1.9099223079334072e-10,1.2066028787706045e+01,2.2240811498548811e-09,6.0744808936824971e-16,3.6613517908467557e+06,-2.1803963079491950e-09,7.4610590622414819e-10
up,outer,20,7.9479092196953010e-04,2.0734479068513474e-08,1.7183937737264139e-09,1.2066197739735653e+01,2.0723765214080029e-08,6.9403030761369890e-15,2.9860029146760246e+06,1.1228600271806499e-09,-2.0704052926950878e-08
up,outer,21,8.7574353195717645e-04,8.6487664041260979e-09,7.1676588916252563e-10,1.2066375555666269e+01,8.6879473651036119e-09,3.5318433288307626e-15,2.4598903621185846e+06,2.4217854388552951e-09,-8.3027775835131656e-09
up,outer,22,9.6054276088162875e-04,5.4023387796881100e-09,4.4771150742657091e-10,1.2066562261802368e+01,5.3970589626400883e-09,2.6390272322712141e-15,2.0450940773336552e+06,5.3087312323896185e-10,5.3761917764849620e-09
up,outer,23,1.0491740788315599e-03,1.2152512245005067e-08,1.0071066600302912e-09,1.2066757898949405e+01,1.2178203686544644e-08,7.1031522399077489e-15,1.7144787659376995e+06,2.3121256020885994e-09,-1.1930533477810812e-08
up,outer,24,1.1416222992869153e-03,6.9923153708532690e-09,5.7945944388065236e-10,1.2066962484942144e+01,6.9921952672302723e-09,4.8277777897613760e-15,1.4483258285124754e+06,1.5127454844332533e-11,-6.9922990071635827e-09
up,outer,25,1.2378715817210411e-03,1.1625643893480746e-08,9.6341048092727355e-10,1.2067176062161140e+01,1.1628587992688989e-08,9.4379929742214965e-15,1.2321039043418218e+06,2.7158453264064519e-10,-1.1622471242367372e-08
up,outer,26,1.3379054343148884e-03,5.5531724440221218e-09,4.6017974562503195e-10,1.2067398656322023e+01,5.5521749426970244e-09,5.2628950605433403e-15,1.0549659225247442e+06,-1.0512684056607213e-09,5.4527570028661820e-09
up,outer,27,1.4417067167827903e-03,2.9298563643577620e-09,2.4278638715286418e-10,1.2067630309573547e+01,2.9005701433737474e-09,3.1919334799009320e-15,9.0871885696808831e+05,1.6253407508770579e-09,-2.4376886099963802e-09
up,outer,28,1.5492576433093666e-03,1.0612392796729174e-08,8.7939229355049562e-10,1.2067871045221752e+01,1.0614245616099480e-08,1.3485143704271910e-14,7.8710660033508064e+05,4.2802472677294645e-10,-1.0603757621963084e-08
up,outer,29,1.6605397855970288e-03,1.0762754525798827e-08,8.9183350145817941e-10,1.2068120908444616e+01,1.0761252614750982e-08,1.5702896096173622e-14,6.8530368849432899e+05,1.4117116364786853e-09,-1.0669768284177206e-08
up,outer,30,1.7755340760235801e-03,6.1702915386604551e-09,5.1127753488036600e-10,1.2068379926186751e+01,6.1716485724733849e-09,1.0293746693625042e-14,5.9955318079621205e+05,-2.6260860153115573e-10,6.1647006735499055e-09
up,outer,31,1.8942208109093458e-03,7.3716307548290651e-09,6.1080832478353797e-10,1.2068648143329529e+01,7.3743685764759102e-09,1.3995645668578556e-14,5.2690449237594020e+05,6.7001515446918347e-10,-7.3411184214888792e-09
up,outer,32,2.0165796538933072e-03,1.6684477523212965e-08,1.3824327110906091e-09,1.2068925589912062e+01,1.6678237117198875e-08,3.5865522994280923e-14,4.6502143910903984e+05,-1.7444818922740524e-09,1.6593027847566777e-08
up,outer,33,2.1425896394176220e-03,6.2349203228545358e-09,5.1659712030552717e-10,1.2069212308359486e+01,6.2448163527321296e-09,1.5155842193299197e-14,4.1204020687765739e+05,-9.2737906243200996e-10,6.1655656274917092e-09
up,outer,34,2.2722291763199701e-03,4.9696306317873024e-09,4.1175087604789031e-10,1.2069508338360620e+01,4.9568032806513417e-09,1.3526059260087510e-14,3.6646322371792363e+05,9.9623864713294097e-10,-4.8687510897926778e-09
up,outer,35,2.4054760515330922e-03,4.3541612222047385e-09,3.6074800542009544e-10,1.2069813711469489e+01,4.3532783388137657e-09,1.3309557187305566e-14,3.2707912649158982e+05,-5.8985971662650627e-10,4.3140219591064621e-09
up,outer,36,2.5423074338908782e-03,7.5838893732205221e-09,6.2831886106627081e-10,1.2070128470042260e+01,7.5857263683041592e-09,2.5898523762280473e-14,2.9290188266839669e+05,-2.9988100891387148e-10,7.5779581290569276e-09
up,outer,37,2.6826998780403693e-03,3.8317059599001525e-10,3.1744509253719471e-11,1.2070452654583708e+01,3.8231414662267876e-10,1.4529803208677331e-15,2.6312410507690650e+05,-9.0214058445781120e-11,3.7239915318121319e-10
up,outer,38,2.8266293284590024e-03,3.8486117062175979e-09,3.1883686861673142e-10,1.2070786301831205e+01,3.8492198575482853e-09,1.6235886687321271e-14,2.3708097572238976e+05,4.1750158885633937e-10,3.8258991738593373e-09
up,outer,39,2.9740711235763983e-03,6.9601826303172624e-09,5.7659746405620495e-10,1.2071129451999820e+01,6.9579115951447006e-09,3.2479886345821682e-14,2.1422216571394465e+05,8.4728224436503297e-10,-6.9084191423041119e-09
up,outer,40,3.1249999999999989e-03,6.0528637132414602e-09,5.0141843737044928e-10,1.2071482143704237e+01,6.0524340671858249e-09,3.1183674544122578e-14,1.9408982923491206e+05,-5.8574034511593709e-10,6.0244557745225968e-09
up,outer,41,3.2793900968438121e-03,5.7121052150876525e-09,4.7317584778131252e-10,1.2071844414441909e+01,5.7120803159850189e-09,3.2399545961472134e-14,1.7630124578836781e+05,-9.9888097793154884e-11,5.7112317722318728e-09
up,outer,42,3.4372149601595431e-03,8.3603270036827072e-10,6.9252627603032662e-11,1.2072216308679955e+01,8.3478789586143385e-10,5.2000352798380272e-15,1.6053504465597321e+05,7.3995920502056833e-11,-8.3275163154095111e-10
up,outer,43,3.5984475474693514e-03,7.6785920748557454e-09,6.3603477606543820e-10,1.2072597857551321e+01,7.6825922997954109e-09,5.2433670289578512e-14,1.4652020843412844e+05,-1.7439951705000567e-09,7.4779179654038685e-09
up,outer,44,3.7630602323994282e-03,7.2357274988722578e-10,5.9933189985207723e-11,1.2072989107801751e+01,7.2768998216628315e-10,5.4294182899596183e-15,1.3402724625434881e+05,7.2347816626461281e-10,1.1699030633138818e-11
up,outer,45,3.9310248094136377e-03,2.1339655415997911e-09,1.7674949000993430e-10,1.2073390092836197e+01,2.1318795919511151e-09,1.7351953488815323e-14,1.2286107113676143e+05,1.0588268040123694e-09,-1.8527532841261518e-09
up,outer,46,4.1023124986463919e-03,2.1112718051238351e-09,1.7486389178357006e-10,1.2073800849274058e+01,2.1114420961660246e-09,1.8709298785161738e-14,1.1285522351273795e+05,-1.4864554032101296e-11,2.1112194770189774e-09
up,outer,47,4.2768939508339354e-03,6.3108954727462277e-09,5.2267514863734164e-10,1.2074221414963510e+01,6.3127840897385654e-09,6.0777476233901204e-14,1.0386716397113811e+05,-1.0667378091966384e-09,6.2200861822292453e-09
up,outer,48,4.4547392523431803e-03,4.6685348908996336e-09,3.8663929668953339e-10,1.2074651828907111e+01,4.6702833900535510e-09,4.8763369224544970e-14,9.5774419699095990e+04,-1.1639507135896565e-09,4.5211101251663166e-09
up,outer,49,4.6358179302972650e-03,5.0431189367626933e-10,4.1764641496104368e-11,1.2075092126034640e+01,5.0575420510922915e-10,5.7165831441904533e-15,8.8471415940693172e+04,-2.0807622291840744e-10,4.5938521042732106e-10
up,outer,50,4.8200989577969174e-03,4.7215741565621859e-09,3.9100307234368642e-10,1.2075542343595668e+01,4.7218684336297138e-09,5.7677409978687691e-14,8.1866859752795513e+04,1.0527170246632522e-09,-4.6027219535726971e-09
up,outer,51,5.0075507592367563e-03,1.0448431116696211e-09,8.6522266857190782e-11,1.2076002509205932e+01,1.0483705387341679e-09,1.3815878133222264e-14,7.5881571089803576e+04,-3.2326852306141518e-10,9.9357666538679723e-10
up,outer,52,5.1981412157156119e-03,2.2996165110803503e-09,1.9042120785492131e-10,1.2076472662815949e+01,2.2978957467047771e-09,3.2618937028963103e-14,7.0446677789175737e+04,9.3556451474796631e-10,-2.1007034861630913e-09
up,outer,53,5.3918376705399240e-03,2.3658868151867256e-09,1.9590097334297930e-10,1.2076952833943203e+01,2.3663900388413982e-09,3.6126929606926922e-14,6.5502107834474540e+04,4.6351544824574376e-10,2.3200374676957125e-09
up,outer,54,5.5886069348193125e-03,1.9803628835225598e-09,1.6397203240060224e-10,1.2077443052509764e+01,1.9796802735594873e-09,3.2456262162583077e-14,6.0995325451916782e+04,2.0975754466689978e-10,1.9692229236145664e-09
up,outer,55,5.7884152931533157e-03,3.7184573301665444e-09,3.0787173130709483e-10,1.2077943351211648e+01,3.7185348656087785e-09,6.5374777538782893e-14,5.6880267981069570e+04,-4.4885783978543259e-10,3.6912669310051882e-09
up,outer,56,5.9912285094083483e-03,1.9533796560275096e-09,1.6172431464258203e-10,1.2078453758450397e+01,1.9505214013503534e-09,3.6721607896965136e-14,5.3116448681201524e+04,1.1109975162071350e-09,-1.6066663000025017e-09
up,outer,57,6.1970118325838913e-03,8.3988120900648299e-10,6.9532494062296351e-11,1.2078974303064795e+01,8.3681468911897327e-10,1.6848098717963401e-14,4.9668197173296685e+04,8.3980378207115791e-10,-1.1404072131071530e-11
up,outer,58,6.4057300027668927e-03,7.0806452816800313e-10,5.8617015182053511e-11,1.2079505003263762e+01,7.0249429970677900e-10,1.5106100154634203e-14,4.6504014438913277e+04,-7.0770056481705979e-10,-2.2699925272817723e-11
up,outer,59,6.6173472571733763e-03,2.2876003980035491e-09,1.8937017438881345e-10,1.2080045896280716e+01,2.2876090465851418e-09,5.2472883159858606e-14,4.3596023485424696e+04,-3.1708502490346291e-10,2.2655181897146548e-09
up,outer,60,6.8318273362762043e-03,2.5392303872613729e-09,2.1019080338735062e-10,1.2080596992542755e+01,2.5387457655059345e-09,6.2042443227996581e-14,4.0919500158567716e+04,7.1059513828686249e-10,2.4377747043224929e-09
up,outer,61,7.0491334900179784e-03,2.5910274493120851e-09,2.1446846235052455e-10,1.2081158324702038e+01,2.5906774690650217e-09,6.7373497224270861e-14,3.8452471309916611e+04,1.3722356584366935e-09,-2.1978154018942320e-09
up,outer,62,7.2692284841079421e-03,1.4230777944216045e-09,1.1778758554964609e-10,1.2081729902017507e+01,1.4222275562143776e-09,3.9314803595129432e-14,3.6175369737585876e+04,7.2554939833935350e-10,1.2242256652861272e-09
up,outer,63,7.4920746064019127e-03,2.2810534190265784e-09,1.8879279617216223e-10,1.2082311747459160e+01,2.2814147990328139e-09,6.6961122413544299e-14,3.4070737120310718e+04,-1.9380497207066583e-10,2.2728053883369626e-09
up,outer,64,7.7176336733640492e-03,3.2691961665404221e-09,2.7056378169661586e-10,1.2082903875900818e+01,3.2670728677595769e-09,1.0170520061553359e-13,3.2122967635743415e+04,1.7973293964246295e-09,2.7307966998790789e-09
up,outer,65,7.9458670366094088e-03,2.5429537193178897e-09,2.1044832982031798e-10,1.2083506300520790e+01,2.5425960811263898e-09,8.3864003408430677e-14,3.0318086160799565e+04,5.7074966974823838e-10,-2.4780755503162055e-09
up,outer,66,8.1767355895261511e-03,1.4508600099849496e-09,1.2006336629219547e-10,1.2084119034727255e+01,1.4512865773442756e-09,5.0667123180674915e-14,2.8643555943942258e+04,-1.6412116110586794e-10,1.4415474369755543e-09
up,outer,67,8.4101997739762426e-03,2.4640588722159982e-09,2.0389834184728294e-10,1.2084742082216366e+01,2.4625776877922295e-09,9.0909906789459599e-14,2.7088111458472522e+04,-7.9747408676666964e-10,2.3314418728936914e-09
up,outer,68,8.6462195870735600e-03,5.5789453454655206e-10,4.6162780496614690e-11,1.2085375459293763e+01,5.5629278296004124e-10,2.1694921719382604e-14,2.5641612823292191e+04,5.5094684370260438e-10,8.7771789836210701e-11
up,outer,69,8.8847545880381615e-03,2.5717707455738024e-10,2.1278890185235232e-11,1.2086019163528910e+01,2.5579397641615774e-10,1.0528702695050345e-14,2.4294918740217559e+04,-1.1602097060858796e-10,2.2951945899407633e-10
up,outer,70,9.1257639051256102e-03,4.6828195235469892e-10,3.8743659620188170e-11,1.2086673198798472e+01,4.6584944597378525e-10,2.0219357115441192e-14,2.3039775365460242e+04,-3.9211744962130979e-10,-2.5599197761572157e-10
up,outer,71,9.3692062426301449e-03,1.5587002023526328e-09,1.2895314566520930e-10,1.2087337569874883e+01,1.5595769250614781e-09,7.1315422293680694e-14,2.1868718923643999e+04,1.1411316336307209e-09,1.0617744183871736e-09
up,outer,72,9.6150398879604800e-03,1.0110788866160188e-09,8.3643105631054045e-11,1.2088012263387757e+01,1.0112063926034498e-09,4.8674217550430461e-14,2.0774990200012100e+04,8.8570306644442098e-10,-4.8765827487251556e-10
up,outer,73,9.8632227187870382e-03,1.3742453922719523e-09,1.1368018897614427e-10,1.2088697288850714e+01,1.3757752260487828e-09,6.9650832014323783e-14,1.9752459321172973e+04,1.3335821336113440e-09,3.3182689929134312e-10
up,outer,74,1.0113712210259413e-02,2.6042658074147011e-09,2.1541742328066301e-10,1.2089392620863611e+01,2.6024389752209797e-09,1.3846030920069440e-13,1.8795559465700862e+04,1.9124035688378171e-09,1.7677423413964277e-09
up,outer,75,1.0366465442292758e-02,2.4881670913079353e-09,2.0580205694644837e-10,1.2090098263475472e+01,2.4865765308945735e-09,1.3892087879567324e-13,1.7899228340988720e+04,1.5085834803585385e-09,-1.9786741412008979e-09
up,outer,76,1.0621439106921943e-02,8.7744714765985665e-10,7.2571386309592481e-11,1.2090814193856398e+01,8.7761293498851964e-10,5.1446176285827118e-14,1.7058856427203373e+04,8.9414697868051007e-11,-8.7287943539848811e-10
up,outer,77,1.0878589515722147e-02,1.1607190980054868e-09,9.5994311692886738e-11,1.2091540400007862e+01,1.1599652069519021e-09,7.1293670311320132e-14,1.6270241129214537e+04,-1.1576295477766507e-09,-8.4632467700629377e-11
up,outer,78,1.1137872607294631e-02,2.0901334216977734e-09,1.7284862445233295e-10,1.2092276859710715e+01,2.0896950241589190e-09,1.3456253075811229e-13,1.5529546095675960e+04,-1.1895666673922278e-09,1.7186008449687762e-09
up,outer,79,1.1399243954816448e-02,1.4996106665142653e-09,1.2400626360139558e-10,1.2093023553508541e+01,1.4995372329712969e-09,1.0109286299047118e-13,1.4833265065533265e+04,-1.0859624310910476e-09,1.0341749123732313e-09
up,outer,80,1.1662658773652740e-02,2.0635492434680448e-09,1.7062896517691181e-10,1.2093780451217718e+01,2.0630838061838578e-09,1.4551108791316743e-13,1.4178189688300499e+04,-1.5240253503634449e-09,1.3912520302472586e-09
up,outer,81,1.1928071929030370e-02,4.7795729839258142e-10,3.9518410857842831e-11,1.2094547529046858e+01,4.7762593398914985e-10,3.5219565005223764e-14,1.3561380838130975e+04,-1.6475443231911413e-10,4.4866374504515250e-10
up,outer,82,1.2195437943771505e-02,1.1116846367367831e-09,9.1910276033023234e-11,1.2095324752776897e+01,1.1134975765171855e-09,8.5784692519370977e-14,1.2980143004717858e+04,1.0886429535617026e-09,2.2516494224689154e-10
up,outer,83,1.2464711006085939e-02,1.6516650514574470e-09,1.3654511804779162e-10,1.2096112076884024e+01,1.6514782411521315e-09,1.3284089892316128e-13,1.2432001398209377e+04,-7.8257667013303944e-10,-1.4545003257371292e-09
up,outer,84,1.2735844977420648e-02,1.6124003690317821e-09,1.3329027312135896e-10,1.2096909483887949e+01,1.6126011938781762e-09,1.3534572454926321e-13,1.1914681451878598e+04,5.2326143418213178e-10,-1.5251335749866257e-09
up,outer,85,1.3008793400365454e-02,2.3807222161778225e-09,1.9679103374566868e-10,1.2097716907441272e+01,2.3792586418681680e-09,2.0823033504189405e-13,1.1426090446377482e+04,-2.2752475459242305e-09,7.0077590952344337e-10
up,outer,86,1.3283509506613224e-02,1.5494133318747340e-09,1.2806620141411415e-10,1.2098534310895658e+01,1.5499725336332197e-09,1.4136537583634285e-13,1.0964301014044670e+04,-1.3690835132251777e-09,7.2545985885241748e-10
up,outer,87,1.3559946224973403e-02,5.5475182354317885e-10,4.5849676953148997e-11,1.2099361662025363e+01,5.5476405112632749e-10,5.2696474721400963e-14,1.0527536311665799e+04,-3.3295144419298595e-11,-5.5375176666316861e-10
up,outer,88,1.3838056189437389e-02,2.1803097523485169e-09,1.8018792708514522e-10,1.2100198873580709e+01,2.1805847287915827e-09,2.1559728592903077e-13,1.0114156675930404e+04,2.1397603688910749e-09,4.1854053556278359e-10
up,outer,89,1.4117791747294502e-02,1.4808097297253945e-09,1.2237039170998526e-10,1.2101045923223619e+01,1.4813787411636902e-09,1.5236371843639474e-13,9.7226475985626566e+03,5.4690740824980821e-10,-1.3761140005286165e-09
up,outer,90,1.4399104967296962e-02,3.5047449573053443e-10,2.8960280387940866e-11,1.2101902710737320e+01,3.5041548225979895e-10,3.7471143934415934e-14,9.3516088773034389e+03,6.5043970209899271e-11,-3.4438590867935659e-10
up,outer,91,1.4681947647872748e-02,5.0448978037806655e-10,4.1683830447911360e-11,1.2102769226270684e+01,5.0480970675261536e-10,5.6091557822256159e-14,8.9997448163637127e+03,-4.1526604377395415e-10,2.8646823801992127e-10
up,outer,92,1.4966271325384603e-02,2.0504311583351921e-10,1.6940608403153068e-11,1.2103645332794279e+01,2.0476763721426530e-10,2.3629247039590319e-14,8.6658553643787855e+03,-2.0129764521925608e-10,3.9012015840000913e-11
up,outer,93,1.5252027282434103e-02,1.0902399277608645e-09,9.0068745757456575e-11,1.2104531028962466e+01,1.0908995387661886e-09,1.3066498996455179e-13,8.3488280913054041e+03,-8.9691720717155476e-10,-6.1980853782728218e-10
up,outer,94,1.5539166556209077e-02,4.5257570782061154e-10,3.7386185397323238e-11,1.2105426189134953e+01,4.5228413805364154e-10,5.6200904681419493e-14,8.0476309165743842e+03,2.7656543721832350e-10,-3.5824060384825884e-10
up,outer,95,1.5827639946873161e-02,1.2430780077907022e-09,1.0267999721752956e-10,1.2106330750644815e+01,1.2430008283430141e-09,1.6015357552219184e-13,7.7613055112264819e+03,5.2994852950405402e-10,1.1244543074440116e-09
up,outer,96,1.6117398025995922e-02,1.4447220627892932e-10,1.1932707287384675e-11,1.2107244634389559e+01,1.4401565111854327e-10,1.9230390604522624e-14,7.4889613050643657e+03,1.1701306590339300e-10,-8.4735829464221979e-11
up,outer,97,1.6408391145022190e-02,3.6295853130626514e-10,2.9976338223345701e-11,1.2108167735563896e+01,3.6325973617260679e-10,5.0244991787578508e-14,7.2297700377455594e+03,-1.0409451078885468e-10,3.4771141521616755e-10
up,outer,98,1.6700569443779057e-02,8.6722507814783261e-10,7.1617632936918939e-11,1.2109099988150788e+01,8.6741116111708323e-10,1.2421824868140466e-13,6.9829607994379476e+03,-3.4370284396345596e-10,7.9620832149629450e-10
up,outer,99,1.6993882859019170e-02,6.1489925970751910e-10,5.0775983830604041e-11,1.2110041269882846e+01,6.1513833757115831e-10,9.1161107832910314e-14,6.7478155124951827e+03,2.1579094067192273e-10,5.7579108148075875e-10
up,outer,100,1.7288281132998809e-02,2.4428294784857769e-10,2.0170350871527185e-11,1.2110991494620539e+01,2.4431343748102320e-10,3.7450335748261740e-14,6.5236648109987382e+03,-7.7893247407700983e-13,2.4428170597445842e-10
up,outer,101,1.7583713822089283e-02,1.0350540709770850e-09,8.5457256942993602e-11,1.2111950558716664e+01,1.0350097049567591e-09,1.6402990278659395e-13,6.3098842794738866e+03,2.1311130637968745e-10,-1.0128773375583933e-09
up,outer,102,1.7880130305420218e-02,7.9267663587811953e-10,6.5440599265079203e-11,1.2112918353134830e+01,7.9316741065343702e-10,1.2990199276984976e-13,6.1058910163041865e+03,-7.9122131069198076e-10,-4.8011317144158738e-11
up,outer,103,1.8177479793553147e-02,5.9660664971316614e-11,4.9249779843537062e-12,1.2113894754627161e+01,5.9592727449272592e-11,1.0081426340801123e-14,5.9111404909136145e+03,-5.3740123462375777e-11,-2.5911273127121603e-11
up,outer,104,1.8475711337184054e-02,1.0580666688321756e-09,8.7336127042689136e-11,1.2114879657017557e+01,1.0577983491965678e-09,1.8476427946608687e-13,5.7251236670490989e+03,2.9874236417981592e-10,-1.0150162932376361e-09
up,outer,105,1.8774773835873209e-02,3.5641054646120154e-10,2.9416827661468151e-11,1.2115872947375916e+01,3.5607465768957548e-10,6.4188078178327026e-14,5.5473643672635044e+03,-2.4011903576592886e-10,-2.6338436986961256e-10
up,outer,106,1.9074616046801059e-02,2.1409517209345623e-10,1.7669174701918623e-11,1.2116874483685336e+01,2.1392978397384231e-10,3.9783001706889136e-14,5.3774168563252624e+03,-1.9434320819300410e-10,-8.9819041093619489e-11
up,outer,107,1.9375186593548352e-02,1.7761263254740436e-10,1.4657066413938905e-11,1.2117884133928349e+01,1.7784570081419234e-10,3.4103614908128212e-14,5.2148636234983060e+03,-6.5759842016177572e-11,-1.6499057675645190e-10
up,outer,108,1.9676433974899238e-02,9.8035848694143577e-11,8.0894993983590803e-12,1.2118901784457726e+01,9.7633900301413609e-11,1.9297855980040028e-14,5.0593133456067535e+03,-9.6817664996251551e-11,-1.5406731446176991e-11
up,outer,109,1.9978306573665752e-02,1.2801300131698717e-10,1.0562192183303242e-11,1.2119927293062387e+01,1.2759983978950767e-10,2.5985635670246620e-14,4.9103990146220913e+03,-1.2366641044536664e-10,-3.3074876171212964e-11
up,outer,110,2.0280752665532149e-02,8.6685895226866186e-10,7.1517348154440200e-11,1.2120960503131329e+01,8.6677084089121899e-10,1.8179771905847601e-13,4.7677762151263214e+03,4.5127546144385633e-10,-7.4013167816744385e-10
up,outer,111,2.0583720427917562e-02,7.3469950182441488e-10,6.0608762967917478e-11,1.2122001272544027e+01,7.3454414617045993e-10,1.5861042299989897e-13,4.6311215384056304e+03,3.2873348487783005e-10,-6.5705224594481138e-10
up,outer,112,2.0887157948855612e-02,2.5961873875002396e-10,2.1415299798063819e-11,1.2123049464546668e+01,2.5964046712016896e-10,5.7696200427930585e-14,4.5001311211903940e+03,2.7420732351401966e-11,2.5816659920963048e-10
up,outer,113,2.1191013235889164e-02,7.7680622999558791e-11,6.4071223016065851e-12,1.2124104916817398e+01,7.7626889813130771e-11,1.7745238852732211e-14,4.3745192982386179e+03,-6.7402083914203104e-11,-3.8616554398629432e-11
up,outer,114,2.1495234224979058e-02,5.3218922850238917e-10,4.3891288928790597e-11,1.2125167464683372e+01,5.3213537878670997e-10,1.2509008165288436e-13,4.2540173589729193e+03,-2.0818013979351235e-11,5.3178189629576877e-10
up,outer,115,2.1799768789424939e-02,1.4536612543090270e-10,1.1987735855772396e-11,1.2126236945812019e+01,1.4537839674805929e-10,3.5129365538221903e-14,4.1383723992932019e+03,-9.4670937755836349e-12,1.4505752155002938e-10
up,outer,116,2.2104564748796938e-02,5.8599178703232393e-11,4.8320001094125727e-12,1.2127313198748315e+01,5.8607694367476013e-11,1.4552434922743452e-14,4.0273462605134391e+03,-3.8456349216176022e-11,-4.4215076044906709e-11
up,outer,117,2.2409569877876498e-02,4.7904734164824325e-10,3.9497996230418061e-11,1.2128396054666716e+01,4.7923700385855950e-10,1.2223205693155924e-13,3.9207145481229709e+03,1.9394086336887995e-10,-4.3803344285109347e-10
up,outer,118,2.2714731915604944e-02,8.8946861568380955e-11,7.3331109355515698e-12,1.2129485337138256e+01,8.8617709556313615e-11,2.3208890100371425e-14,3.8182657237407238e+03,5.9189986245655746e-11,6.6393446296331149e-11
up,outer,119,2.3019998574038067e-02,7.7860437943312664e-11,6.4185251180504248e-12,1.2130580859510937e+01,7.7855446030814376e-11,2.0930007124184327e-14,3.7198002642270249e+03,-6.8705929834322887e-11,-3.6629810296062715e-11
up,outer,120,2.3325317547305477e-02,2.6089913380952334e-10,2.1505601979378833e-11,1.2131682436031916e+01,2.6084460758584072e-10,7.1954555020826047e-14,3.6251298824701730e+03,-1.0950884643534664e-10,2.3680407634785183e-10
up,outer,121,2.3630636520572894e-02,4.6726752279199295e-10,3.8512784549120582e-11,1.2132789884253198e+01,4.6731086334772414e-10,1.3222996815104517e-13,3.5340768048428999e+03,1.5861978397424537e-11,4.6699821787399287e-10
up,outer,122,2.3935903179006023e-02,2.3089288421676803e-10,1.9028739879160138e-11,1.2133903016333566e+01,2.3099015207608576e-10,6.7022183351496281e-14,3.4464731007741611e+03,1.4040590912145490e-10,-1.8329676665373995e-10
up,outer,123,2.4241065216734463e-02,5.5932705427028296e-10,4.6091970087124729e-11,1.2135021636372290e+01,5.5940008211370485e-10,1.6638115737618836e-13,3.3621600602819426e+03,-1.1539569300111907e-10,-5.4729387688468023e-10
up,outer,124,2.4546070345814026e-02,1.5525283398018016e-10,1.2792598229335276e-11,1.2136145542675056e+01,1.5531024914192425e-10,4.7336432603367239e-14,3.2809876156758883e+03,4.1595171751396265e-11,-1.4957701743867347e-10
up,outer,125,2.4850866305186025e-02,1.1791756595309195e-10,9.7153249419130872e-12,1.2137274528449510e+01,1.1772759226086738e-10,3.6757551161734338e-14,3.2028138039681266e+03,-9.3270280387969251e-11,-7.2147121610299791e-11
up,outer,126,2.5155400869631903e-02,9.5839728610322096e-11,7.8955762220367075e-12,1.2138408384030484e+01,9.5851978030593173e-11,3.0648072665370077e-14,3.1275042668147421e+03,2.1955770534987096e-11,-9.3290930536227279e-11
up,outer,127,2.5459621858721797e-02,1.6930079783461765e-10,1.3946220499659234e-11,1.2139546900090558e+01,1.6915988551012380e-10,5.5372721032645712e-14,3.0549317851003452e+03,-9.9789509988568170e-11,1.3676554333486024e-10
up,outer,128,2.5763477145755356e-02,5.8094805602928624e-10,4.7851321668176234e-11,1.2140689865535077e+01,5.8089124123645985e-10,1.9460500563569398e-13,2.9849758455026822e+03,8.1952222785730555e-11,5.7513865892033778e-10
up,outer,129,2.6066914666693402e-02,1.1607029009611936e-09,9.5595328381385427e-11,1.2141837060598544e+01,1.1606663738697385e-09,3.9782605914822006e-13,2.9175222366147291e+03,1.6108536726733291e-10,-1.1494706297909829e-09
up,outer,130,2.6369882429078815e-02,1.5128512070017338e-09,1.2458640116255734e-10,1.2142988262641939e+01,1.5129032267086102e-09,5.3038493416712223e-13,2.8524626723878628e+03,3.4356428812998274e-10,-1.4733235742525608e-09
up,outer,131,2.6672328520945213e-02,7.2290165819047335e-10,5.9526772981800093e-11,1.2144143248139716e+01,7.2297549830340328e-10,2.5915938595787728e-13,2.7896944408600843e+03,2.6405277964158813e-10,-6.7295091721319977e-10
up,outer,132,2.6974201119711723e-02,9.2908924226081326e-11,7.6497830903068018e-12,1.2145301785590254e+01,9.3079480936597958e-11,3.4106040897759031e-14,2.7291200762828448e+03,9.2596152967416856e-11,-7.6171291496507365e-12
up,outer,133,2.7275448501062616e-02,5.7225809203959404e-10,4.7113144134359210e-11,1.2146463636721098e+01,5.7226898880767941e-10,2.1428102533443235e-13,2.6706470529274752e+03,1.7543300145916874e-11,-5.7198912273292990e-10
up,outer,134,2.7576019047809902e-02,2.2723465067409278e-10,1.8706091437311628e-11,1.2147628564503059e+01,2.2720231722597369e-10,8.6911255338152283e-14,2.6141874989836497e+03,1.0691270091456317e-10,-2.0051249549624117e-10
up,outer,135,2.7875861258737755e-02,3.7099173179053917e-10,3.0537324165169607e-11,1.2148796331463991e+01,3.7099613226284814e-10,1.4493973122201615e-13,2.5596579290916634e+03,-2.0635937403312710e-11,-3.7041736344889387e-10
up,outer,136,2.8174923757426921e-02,2.5057503983649814e-10,2.0623516598352902e-11,1.2149966696587057e+01,2.5045591098743699e-10,9.9903474090015582e-14,2.5069789941616027e+03,-1.6228351995550838e-10,-1.9092383229946108e-10
up,outer,137,2.8473155301057818e-02,6.6651520756564163e-10,5.4852074759108635e-11,1.2151139414374867e+01,6.6655826684125808e-10,2.7139163085008155e-13,2.4560752472483910e+03,1.2055423326273740e-10,-6.5552208106112175e-10
up,outer,138,2.8770504789190746e-02,6.6835308326868613e-10,5.4998008624324601e-11,1.2152314238030172e+01,6.6836983331299040e-10,2.7769196751929957e-13,2.4068749243405418e+03,-1.0255529758751436e-10,6.6043792656955702e-10
up,outer,139,2.9066921272521685e-02,2.3932692493880470e-10,1.9692031421735193e-11,1.2153490912808834e+01,2.3945423785210793e-10,1.0149334523274228e-13,2.3593097390079793e+03,-7.3012706991448795e-11,2.2791779574760085e-10
up,outer,140,2.9362353961612159e-02,2.2423978408994837e-10,1.8448859511101622e-11,1.2154669179144207e+01,2.2417199686126775e-10,9.6905102377833348e-14,2.3133146899450176e+03,2.5076829501813336e-11,-2.2283319633942256e-10
up,outer,141,2.9656752235591794e-02,7.4938205788123831e-10,6.1647859525749613e-11,1.2155848777981172e+01,7.4937075775448995e-10,3.3028982241996586e-13,2.2688278805081063e+03,9.6581409536611318e-11,-7.4313222242494703e-10
up,outer,142,2.9950065650831907e-02,2.2874938675144525e-10,1.8816223792053719e-11,1.2157029448600014e+01,2.2855115073460282e-10,1.0268314389717356e-13,2.2257903494216434e+03,-1.1404566180317488e-10,1.9829238251389825e-10
up,outer,143,3.0242243949588778e-02,1.2873632401209773e-10,1.0588426601420761e-11,1.2158210927657922e+01,1.2873238910765630e-10,5.8939463891616085e-14,2.1841459118865178e+03,2.2240875807710836e-11,1.2680057004388345e-10
up,outer,144,3.0533237068615045e-02,3.8548573682759746e-10,3.1702712338915839e-11,1.2159392947410510e+01,3.8551989915801497e-10,1.7982672096037336e-13,2.1438410103855931e+03,3.5464076120206300e-11,-3.8385095102455580e-10
up,outer,145,3.0822995147737807e-02,4.2459040373754498e-10,3.4915322285607792e-11,1.2160575241562713e+01,4.2458606404527049e-10,2.0172040424823976e-13,2.1048245745272716e+03,-1.2015899386597084e-10,4.0723313610158129e-10
up,outer,146,3.1111468538401892e-02,6.3759897819208102e-10,5.2426549061454917e-11,1.2161757537095973e+01,6.3760369398821136e-10,3.0846101693185935e-13,2.0670478893255458e+03,1.2108092306561957e-10,-6.2599669892193788e-10
up,outer,147,3.1398607812176862e-02,1.2066277041610466e-10,9.9205270083189136e-12,1.2162939561065880e+01,1.2066111964980076e-10,5.9425378455155379e-14,2.0304644713513464e+03,2.9793945088840701e-11,-1.1692657952977470e-10
up,outer,148,3.1684363769226363e-02,4.4324810323714668e-10,3.6438975070093529e-11,1.2164121037557191e+01,4.4325683146650822e-10,2.2218053968058709e-13,1.9950299522350001e+03,3.8236969146510091e-11,4.4159575995905698e-10
up,outer,149,3.1968687446738218e-02,3.3929028365669374e-10,2.7890001612128750e-11,1.2165301686793157e+01,3.3931635852850353e-10,1.7305861058268620e-13,1.9607019690382904e+03,-4.8975934419104306e-11,3.3573688273946800e-10
up,outer,150,3.2251530127314000e-02,4.0306288378442984e-10,3.3128961143163691e-11,1.2166481225977218e+01,4.0306651436658760e-10,2.0912012908356548e-13,1.9274400610451046e+03,-1.1322498494337196e-11,-4.0290382141705550e-10
up,outer,151,3.2532843347316466e-02,1.8323844980378588e-10,1.5059465768625026e-11,1.2167659372455688e+01,1.8321131249956644e-10,9.6670944383266897e-14,1.8952055725575296e+03,1.1351808382187301e-11,-1.8288648373498972e-10
up,outer,152,3.2812578905173570e-02,3.2730356345022460e-10,2.6896867350847122e-11,1.2168835841766388e+01,3.2733212541870616e-10,1.7561098480421872e-13,1.8639615613091341e+03,6.1907812209938129e-11,-3.2139546579657008e-10
up,outer,153,3.3090688869637570e-02,4.3884493899030394e-10,3.6059537047393553e-11,1.2170010347429695e+01,4.3888657769906042e-10,2.3934837160115597e-13,1.8336727121353047e+03,8.9229068578333681e-11,-4.2967784885661331e-10
up,outer,154,3.3367125587997731e-02,9.1106148459702568e-10,7.4853982099795648e-11,1.2171182601646958e+01,9.1107139644687646e-10,5.0494304865265769e-13,1.8043052555687086e+03,7.7633899309148546e-11,-9.0774776584368055e-10
up,outer,155,3.3641841694245507e-02,1.1726261025167328e-10,9.6335208849002106e-12,1.2172352315701442e+01,1.1729855380253529e-10,6.6052921258207987e-14,1.7758268910469924e+03,1.9327650591094425e-11,-1.1565881585795523e-10
up,outer,156,3.3914790117190320e-02,6.5197035902143730e-10,5.3556440690397665e-11,1.2173519199873404e+01,6.5197488840447907e-10,3.7293924283494734e-13,1.7482067144460452e+03,-5.3701931790328672e-11,6.4975491653740391e-10
up,outer,157,3.4185924088525034e-02,2.9138481920990375e-10,2.3933667937176879e-11,1.2174682960202979e+01,2.9137866784401402e-10,1.6926693592797621e-13,1.7214151496663051e+03,5.7549520704469614e-11,-2.8564517418061541e-10
up,outer,158,3.4455197150839459e-02,5.3193200026146741e-10,4.3687487348187187e-11,1.2175843303186440e+01,5.3195660557264976e-10,3.1376024048347765e-13,1.6954238840235150e+03,5.2357229662902682e-11,-5.2934900907075644e-10
up,outer,159,3.4722563165580603e-02,1.9896559460039428e-10,1.6339459281218858e-11,1.2176999934697488e+01,1.9895678191169727e-10,1.1912111732153299e-13,1.6702058072094053e+03,1.4723333663368976e-10,-1.3382694952213114e-10
up,outer,160,3.4987976320958222e-02,1.1404673314749554e-10,9.3648632327719200e-12,1.2178152559494311e+01,1.1406053744110854e-10,6.9306747840079178e-14,1.6457349536050347e+03,3.9493741610385769e-11,1.0699019448168201e-10
up,outer,161,3.5251391139794516e-02,3.2478834121701157e-10,2.6667240133208125e-11,1.2179300879829697e+01,3.2478226970072840e-10,2.0023735102918610e-13,1.6219864477401568e+03,3.4134473025915213e-11,-3.2298963503762934e-10
up,outer,162,3.5512762487316336e-02,2.0203438572626258e-10,1.6586782533929163e-11,1.2180444598763518e+01,2.0206965596044328e-10,1.2637754028155180e-13,1.5989364527135108e+03,-1.0787637449993781e-10,1.7082324443862262e-10
up,outer,163,3.5772045578888821e-02,3.3162151254895943e-10,2.7223186113785419e-11,1.2181583418005257e+01,3.3160779546201000e-10,2.1033601591861649e-13,1.5765621213930199e+03,-2.2496671192584472e-11,3.3085756356854290e-10
up,outer,164,3.6029195987689014e-02,2.2555528412951308e-10,1.8514366163951194e-11,1.2182717038873601e+01,2.2556212485895521e-10,1.4507081112234396e-13,1.5548415502325256e+03,5.4311222186242958e-11,2.1891888302150164e-10
up,outer,165,3.6284169652318204e-02,4.3699931070856133e-10,3.5867109676164878e-11,1.2183845162158821e+01,4.3699505028408925e-10,2.8491865425048812e-13,1.5337537355483300e+03,-3.7169378686030541e-11,-4.3541570349248104e-10
up,outer,166,3.6536922884351557e-02,2.0688371671669760e-10,1.6978602273882451e-11,1.2184967489045849e+01,2.0690510983615268e-10,1.3672638938941645e-13,1.5132785321117281e+03,-6.8638428274425678e-12,2.0676982348533102e-10
up,outer,167,3.6787412375823933e-02,4.4795114981585899e-10,3.6759237840158724e-11,1.2186083720334413e+01,4.4798014785767757e-10,2.9997399463782184e-13,1.4933966139249944e+03,7.1551653491042089e-11,-4.4219972128445306e-10
up,outer,168,3.7035595206650486e-02,2.4750992838323088e-10,2.0309017594963349e-11,1.2187193557044015e+01,2.4753307933247103e-10,1.6792270069324334e-13,1.4740894370479296e+03,-1.0010037243546321e-10,2.2636492680305764e-10
up,outer,169,3.7281428851980825e-02,4.1017598712642387e-10,3.3653265686549665e-11,1.2188296700440592e+01,4.1013899120808906e-10,2.8181676819987058e-13,1.4553392043627780e+03,-1.8890133901550143e-10,3.6408875914162309e-10
up,outer,170,3.7524871189485359e-02,1.1717221539054279e-10,9.6126375470971198e-12,1.2189392850448950e+01,1.1725671082832002e-10,8.1590952880584326e-14,1.4371288321627487e+03,9.7664987208645471e-11,6.4736993543590415e-11
up,outer,171,3.7765880506572799e-02,4.4290767780628732e-10,3.6332253994833127e-11,1.2190481709977972e+01,4.4290875869042526e-10,3.1203020914733096e-13,1.4194419184627650e+03,-6.7307048823295190e-11,4.3776360314495832e-10
up,outer,172,3.8004415507537401e-02,2.8318497536055059e-10,2.3227946722063079e-11,1.2191562980104788e+01,2.8315743484220639e-10,2.0192894828558203e-13,1.4022627129308144e+03,-4.0437875270527002e-11,2.8028290799397837e-10
up,outer,173,3.8240435320634723e-02,5.4725511720802587e-10,4.4884067801935189e-11,1.2192636363151355e+01,5.4724429767355173e-10,3.9495795450933083e-13,1.3855760883545470e+03,3.1303848402330914e-11,-5.4635906909794585e-10
up,outer,174,3.8473899505084813e-02,2.1567448695986255e-11,1.7687368011223237e-12,1.2193701562776877e+01,2.1661743400930964e-11,1.5818794579654686e-14,1.3693675135519602e+03,-9.8463459607955883e-12,1.9188650668411356e-11
up,outer,175,3.8704768058001549e-02,1.0586490968631401e-10,8.6811814735865345e-12,1.2194758283583845e+01,1.0589208926978818e-10,7.8228640549686019e-14,1.3536230276497267e+03,1.4180656648932199e-11,1.0491085777886155e-10
up,outer,176,3.8933001421246907e-02,6.5636334603126676e-10,5.3818774558966605e-11,1.2195806229517942e+01,6.5636123808665353e-10,4.9043331820817767e-13,1.3383292156509710e+03,1.4222045763290225e-10,-6.4076999262141499e-10
up,outer,177,3.9158560488209058e-02,3.5057731248004609e-10,2.8743278230761837e-11,1.2196845108114660e+01,3.5057816051083626e-10,2.6489253006795349e-13,1.3234731852230852e+03,5.1949555768260325e-12,3.5053882019298044e-10
up,outer,178,3.9381406610503031e-02,1.5871025990271491e-10,1.3011304408904736e-11,1.2197874626167078e+01,1.5872873637735744e-10,1.2125559786219936e-13,1.3090425446398306e+03,-6.1112892524306517e-11,1.4647238977261168e-10
up,outer,179,3.9601501604592984e-02,3.1221998528971879e-10,2.5594121294059066e-11,1.2198894492314203e+01,3.1215913722970361e-10,2.4104480237512508e-13,1.2950253818122455e+03,5.4716231545626215e-11,3.0738811496178187e-10
up,outer,180,3.9818807758334761e-02,4.9275078994595707e-10,4.0389725452837013e-11,1.2199904416813656e+01,4.9274882887429749e-10,3.8453635831703046e-13,1.2814102443547131e+03,4.3111292313824379e-11,-4.9086124054298352e-10
up,outer,181,4.0033287837437592e-02,1.2933179579254381e-10,1.0600181314877761e-11,1.2200904111991148e+01,1.2925165480207631e-10,1.0191852181640965e-13,1.2681861206239141e+03,-7.4273920347422973e-11,1.0587775101100760e-10
up,outer,182,4.0244905091844071e-02,9.3308157596339088e-11,7.6470229141780901e-12,1.2201893291484659e+01,9.3324053785805194e-11,7.4341512063617436e-14,1.2553424216868702e+03,-9.2072127699793782e-11,-1.5137224806949234e-11
up,outer,183,4.0453623262027075e-02,5.4390378854671266e-11,4.4571786315820084e-12,1.2202871670720143e+01,5.4422786925092544e-11,4.3788032764811707e-14,1.2428689641619840e+03,-4.5330850184654992e-11,3.0057067945676863e-11
up,outer,184,4.0659406585202611e-02,3.7173171254246835e-11,3.0460227599894793e-12,1.2203838967498466e+01,3.7216294057965478e-11,3.0238565119487208e-14,1.2307559538921864e+03,3.6219027776951407e-11,8.3681950258096549e-12
up,outer,185,4.0862219801457648e-02,2.2416437729794930e-11,1.8366910636508564e-12,1.2204794901782218e+01,2.2351831406695726e-11,1.8336293656388957e-14,1.2189939704040257e+03,-2.0884627360828745e-11,-8.1442630417427608e-12
up,outer,186,4.1062028159791659e-02,1.0384896062695453e-10,8.5082074067455584e-12,1.2205739195382096e+01,1.0371276102479896e-10,8.5885225367228568e-14,1.2075739521127564e+03,1.0165823738361723e-10,2.1218138357426142e-11
up,outer,187,4.1258797424071049e-02,3.1710391554218193e-10,2.5977918193019262e-11,1.2206671573374708e+01,3.1709210266153917e-10,2.6501922241136026e-13,1.1964871822367356e+03,-6.5734973020425969e-11,3.1021574198319968e-10
up,outer,188,4.1452493878895359e-02,2.4614395929687647e-10,2.0163187309444408e-11,1.2207591762121009e+01,2.4615628276532789e-10,2.0759976014359446e-13,1.1857252753811676e+03,-4.7196024866025255e-11,-2.4157686961956415e-10
up,outer,189,4.1643084335374211e-02,1.9814159280055112e-10,1.6229807188101909e-11,1.2208499491343861e+01,1.9814653725626153e-10,1.6859515134973885e-13,1.1752801647612059e+03,7.1081807107020722e-11,-1.8495260878381714e-10
up,outer,190,4.1830536136814055e-02,2.0815862066470938e-10,1.7049053559942246e-11,1.2209394494119621e+01,2.0816435628096215e-10,1.7865975381249960e-13,1.1651440900306352e+03,3.8762770770972566e-11,2.0451762505757642e-10
up,outer,191,4.2014817164313704e-02,1.6479399137591085e-10,1.3496335754857977e-11,1.2210276505353953e+01,1.6476486901267380e-10,1.4261533969277875e-13,1.1553095856841869e+03,4.0779823962111550e-11,1.5966861166560875e-10
up,outer,192,4.2195895842267787e-02,6.3321109846658454e-10,5.1855176954556381e-11,1.2211145263692826e+01,6.3324115866804532e-10,5.5267763301789759e-13,1.1457694700077338e+03,3.7186254076004843e-11,6.3211824663511607e-10
up,outer,193,4.2373741143777031e-02,5.1255400927170038e-10,4.1971338671738675e-11,1.2212000510167851e+01,5.1254419725332916e-10,4.5097809524033114e-13,1.1365168345486686e+03,-6.0270899382430798e-11,-5.0899806591786501e-10
up,outer,194,4.2548322595964569e-02,7.2626310189931524e-10,5.9467165996164604e-11,1.2212841989916862e+01,7.2629095481223579e-10,6.4413476434340575e-13,1.1275450340777297e+03,-1.5803980346618118e-10,7.0885930458786106e-10
up,outer,195,4.2719610285197322e-02,2.1648587874164210e-10,1.7724884369830681e-11,1.2213669450511066e+01,2.1661221317088786e-10,1.9360295205388786e-13,1.1188476770261000e+03,1.9608847878771485e-10,-9.1735730123332360e-11
up,outer,196,4.2887574862211536e-02,4.6198047929782469e-10,3.7822353409816579e-11,1.2214482644486109e+01,4.6198596153639190e-10,4.1604666449877620e-13,1.1104186163659313e+03,-1.8197798823393896e-10,4.2462922067443287e-10
up,outer,197,4.3052187547141615e-02,3.2304343600961561e-10,2.6445844953723014e-11,1.2215281325852965e+01,3.2304472521032025e-10,2.9307703004955863e-13,1.1022519409170147e+03,2.6138113895513015e-10,1.8983403737848903e-10
up,outer,198,4.3213420134451425e-02,1.6222265527833175e-10,1.3279452254073560e-11,1.2216065254390960e+01,1.6225297062321737e-10,1.4826532793800512e-13,1.0943419670650239e+03,1.6038637085102891e-10,2.4339308346554844e-11
up,outer,199,4.3371244997767157e-02,6.4874248933292361e-10,5.3102340515080142e-11,1.2216834192999309e+01,6.4869891052978959e-10,5.9695308817557327e-13,1.0866832308588328e+03,-5.7473137360375404e-11,6.4619165573986947e-10
up,outer,200,4.3525635094610972e-02,2.5630303523276910e-10,2.0978202668062325e-11,1.2217587907231463e+01,2.5634829693594126e-10,2.3751997443782608e-13,1.0792704804835003e+03,1.0526868265969824e-10,-2.3368729173967040e-10
up,outer,201,4.3676563971034567e-02,9.4028719636706794e-11,7.6957120262290503e-12,1.2218326168680910e+01,9.4070715762535385e-11,8.7744457180496221e-14,1.0720986690820325e+03,7.9920070561456669e-11,4.9539705671008960e-11
up,outer,202,4.3824005766151961e-02,1.3839769390683230e-10,1.1326388552564892e-11,1.2219048751907044e+01,1.3846650877042673e-10,1.2999561150861216e-13,1.0651629479142330e+03,1.3618617344945960e-10,2.4642399232277512e-11
up,outer,203,4.3967935216570594e-02,1.3630297089212427e-10,1.1154312506568276e-11,1.2219755436461151e+01,1.3640204119348566e-10,1.2886855799791279e-13,1.0584586598361323e+03,-1.2302425744792345e-10,-5.8681615122679887e-11
up,outer,204,4.4108327660720086e-02,1.8944619566387811e-10,1.5502396195905115e-11,1.2220446005238818e+01,1.8942464911311808e-10,1.8006464863559327e-13,1.0519813330848031e+03,-1.8254109335202884e-10,5.0681459029533471e-11
up,outer,205,4.4245159043077874e-02,3.2031768367523821e-10,2.6210173635918944e-11,1.2221120246081410e+01,3.2028914652447816e-10,3.0628380634422635e-13,1.0457266753584468e+03,1.4125767222594732e-10,-2.8748858849070302e-10
up,outer,206,4.4378405918290988e-02,3.6025361734989707e-10,2.9476367411692955e-11,1.2221777952428031e+01,3.6027463835271900e-10,3.4652102210067557e-13,1.0396905681758251e+03,-2.3756285827403190e-10,-2.7082569520331390e-10
up,outer,207,4.4508045455193344e-02,7.0198602872424861e-10,5.7434296212788969e-11,1.2222418920629806e+01,7.0198863204312295e-10,6.7899181645375102e-13,1.0338690614998573e+03,1.1191048088221578e-12,7.0198513668628948e-10
up,outer,208,4.4634055440717663e-02,3.0784878407078443e-10,2.5185936533762413e-11,1.2223042953280892e+01,3.0781513599241099e-10,2.9935582863623413e-13,1.0282583686267765e+03,-2.8884450387067773e-10,-1.0648815162994651e-10
up,outer,209,4.4756414283701626e-02,5.2013093367615727e-10,4.2551197046433102e-11,1.2223649856632125e+01,5.2006669277360472e-10,5.0844622482224822e-13,1.0228548613089201e+03,-2.7975399774504695e-10,4.3849046615918041e-10
up,outer,210,4.4875101018587389e-02,9.9849434423588793e-11,8.1681510652653483e-12,1.2224239442411085e+01,9.9889553439881645e-11,9.8156592408439035e-14,1.0176550651252398e+03,-9.9206864945244888e-11,1.1309619907251545e-11
up,outer,211,4.4990095309013940e-02,1.8809767471425835e-10,1.5386550074030607e-11,1.2224811527551539e+01,1.8807996154368703e-10,1.8572943389217240e-13,1.0126556550690789e+03,1.6100454303114020e-10,-9.7253649578021850e-11
up,outer,212,4.5101377451301598e-02,4.9708443251487007e-10,4.0660086184502522e-11,1.2225365934033174e+01,4.9715053812740155e-10,4.9327661423180455e-13,1.0078534513573687e+03,3.9508041282942941e-10,-3.0166935616193769e-10
up,outer,213,4.5208928377828181e-02,8.6606391700668844e-10,7.0838444660487813e-11,1.2225902490625412e+01,8.6609620051419301e-10,8.6329445136622721e-13,1.0032454154472230e+03,-8.4187501414589860e-10,2.0325641170160225e-10
up,outer,214,4.5312729660296078e-02,4.9344071263198941e-10,4.0358557224949607e-11,1.2226421025946513e+01,4.9343346136991711e-10,4.9401212432574364e-13,9.9882864624706053e+02,4.5292658512607886e-11,-4.9135762125729343e-10
up,outer,215,4.5412763512889927e-02,4.3496501213019351e-10,3.5574368932816211e-11,1.2226921381279999e+01,4.3495033579561930e-10,4.3731165406420414e-13,9.9460037653549898e+02,-3.3720848335860865e-10,-2.7474533759175301e-10
up,outer,216,4.5509012795324058e-02,1.2003959316930704e-10,9.8172595818078227e-12,1.2227403397965574e+01,1.2002264867797855e-10,1.2116670842906219e-13,9.9055796954529444e+02,-1.9429791109359940e-11,-1.1845668890231309e-10
up,outer,217,4.5601461015779408e-02,2.3546383539391722e-10,1.9256329564376369e-11,1.2227866925871393e+01,2.3551365309269821e-10,2.3868846852361923e-13,9.8669891574335998e+02,-1.4122569780283811e-10,-1.8841050941631465e-10
up,outer,218,4.5690092333729337e-02,1.7601565525373477e-10,1.4394109167804926e-11,1.2228311818519911e+01,1.7603178011997671e-10,1.7907227882547003e-13,9.8302082977088435e+02,1.5824230814587281e-10,7.7077122462299030e-11
up,outer,219,4.5774891562653790e-02,5.9308868623494012e-10,4.8499582644457428e-11,1.2228737937453547e+01,5.9305392040867171e-10,6.0545271559558840e-13,9.7952144755892300e+02,-5.5442050950205157e-10,2.1064683330962453e-10
up,outer,220,4.5855844172641436e-02,1.2802185143515750e-09,1.0468585491435926e-10,1.2229145144765624e+01,1.2802160185519438e-09,1.3114298541419994e-12,9.7619862359281342e+02,1.2762502166197010e-09,-1.0072154221774099e-10
up,outer,221,4.5932936292879298e-02,1.1442711282901925e-09,9.3566213725928934e-11,1.2229533318960129e+01,1.1442923510800887e-09,1.1759847540632694e-12,9.7305032835359737e+02,-1.1438388014539669e-09,-3.1451730109210985e-11
up,outer,222,4.6006154714029447e-02,4.2707435207286203e-10,3.4920503905114429e-11,1.2229902329969329e+01,4.2709224008820984e-10,4.4026739788083599e-13,9.7007464587193397e+02,-3.9992453793047389e-10,-1.4984280483076873e-10
up,outer,223,4.6075486890492338e-02,1.4374599193920628e-09,1.1753313929658829e-10,1.2230252063332649e+01,1.4374874659943141e-09,1.4861288012804673e-12,9.6726977147321065e+02,1.4101422252110751e-09,-2.7890845188949243e-10
up,outer,224,4.6140920942556479e-02,6.5846514920991524e-10,5.3837595542012235e-11,1.2230582413289262e+01,6.5842603154943157e-10,6.8256564144838559e-13,9.6463400963498475e+02,-5.3490278872914132e-10,3.8399916579834326e-10
up,outer,225,4.6202445658433886e-02,1.8049931746863722e-09,1.4757656168408888e-10,1.2230893267118171e+01,1.8050711805952385e-09,1.8760500873907442e-12,9.6216577197348442e+02,1.8047572325485817e-09,2.9183766514506715e-11
up,outer,226,4.6260050496181225e-02,7.3381373643456162e-10,5.9995312341846096e-11,1.2231184534107914e+01,7.3375849888474846e-10,7.6444040349713480e-13,9.5986357540493168e+02,4.8451376244429412e-10,-5.5111615271385972e-10
up,outer,227,4.6313725585506109e-02,1.9327393904225686e-09,1.5801384328529538e-10,1.2231456119531188e+01,1.9327144749849162e-09,2.0180243550746969e-12,9.5772604038437237e+02,-1.9312231813728431e-09,-7.6541328830614930e-11
up,outer,228,4.6363461729458287e-02,1.2209230612302100e-09,9.9816237289336989e-11,1.2231707930355306e+01,1.2208826538745333e-09,1.2774054307798602e-12,9.5575188930360218e+02,1.2178542618812571e-09,-8.6510798524841448e-11
up,outer,229,4.6409250406005541e-02,2.5296733487420976e-09,2.0680884394926264e-10,1.2231939894034287e+01,2.5295125052973253e-09,2.6516475366165639e-12,9.5393994502184864e+02,2.5275328496832117e-09,1.0404299644051207e-10
up,outer,230,4.6451083769493876e-02,1.1640171215826687e-09,9.5160453166103134e-11,1.2232151937642310e+01,1.1640399388711526e-09,1.2223597884653557e-12,9.5228912948173615e+02,1.1479306394335254e-09,1.9284995822488327e-10
up,outer,231,4.6488954651991807e-02,4.1431098823920211e-09,3.3870122413477932e-10,1.2232343986874266e+01,4.1431800298263352e-09,4.3575796484808985e-12,9.5079846246085128e+02,4.0308654192244830e-09,9.5785357423494588e-10
up,outer,232,4.6522856564518579e-02,1.2563049635039649e-09,1.0270209041590979e-10,1.2232515992774260e+01,1.2563018116854447e-09,1.3231652407882241e-12,9.4946706046861686e+02,-1.2507266333727785e-09,-1.1825840307011504e-10
up,outer,233,4.6552783698156006e-02,5.3099485207190514e-09,4.3407934948943969e-10,1.2232667891169129e+01,5.3099295357684965e-09,5.5994541523971415e-12,9.4829413568736902e+02,-5.2006798867409998e-09,-1.0716725284964923e-09
up,outer,234,4.6578730925043811e-02,5.1800194205345431e-09,4.2345330396502098e-10,1.2232799631107458e+01,5.1801340877766922e-09,5.4684355027292314e-12,9.4727899509674171e+02,-5.1464921213550952e-09,-5.8840465833043254e-10
up,outer,235,4.6600693799258235e-02,9.7420181117191107e-09,7.9637773742578763e-10,1.2232911159984484e+01,9.7419187656781781e-09,1.0293430045817011e-11,9.4642103966471768e+02,9.6698471452327794e-09,1.1836270852327857e-09
up,outer,236,4.6618668557573857e-02,2.1806453584643073e-08,1.7825921033502248e-09,1.2233002459541790e+01,2.1806397671119581e-08,2.3057990863870547e-11,9.4571976369753531e+02,2.1703045582910363e-08,2.1211389311659445e-09
up,outer,237,4.6632652120108364e-02,1.4504785490823178e-08,1.1857024704906742e-09,1.2233073517018754e+01,1.4504739100270193e-08,1.5346092386959795e-11,9.4517475423225437e+02,1.4469880404988089e-08,1.0056655508350332e-09
up,outer,238,4.6642642090850304e-02,1.0805370465896057e-08,8.8328788395144832e-10,1.2233124287358612e+01,1.0805368537512379e-08,1.1436846097322259e-11,9.4478569052723981e+02,1.0590327725878979e-08,2.1449917397831086e-09
up,outer,239,4.6648636758069635e-02,1.6454703001233759e-07,1.3450907064102925e-08,1.2233154926144131e+01,1.6454699442943337e-07,1.7420632692976484e-10,9.4455234393280193e+02,-1.6349171438889698e-07,-1.8606031604306850e-08
up,outer,240,4.6650635094610968e-02,2.3440661896010709e-07,1.9161567437142856e-08,1.2233165148365284e+01,2.3440671492019792e-07,2.4818742677913569e-10,9.4447457698491166e+02,-2.3080788214002723e-07,-4.0916800392309938e-08
in,inner,0,4.6650635094610968e-02,6.6736400966614942e-11,5.6133153241291776e-13,1.1888945678812031e+02,6.6736533056318452e-11,1.5075295565463539e-12,4.4268805720272070e+01,2.2263080268203339e-11,-6.2913452225643596e-11
in,inner,1,4.6691472971066135e-02,6.2318316419885727e-11,5.2410116677199298e-13,1.1890512819063602e+02,6.2316158246282846e-11,1.3763047867512538e-12,4.5277876562050750e+01,4.3209880118411093e-13,6.2316818372210037e-11
in,inner,2,4.6813979603071681e-02,1.0535485607170300e-11,8.8581709783043165e-14,1.1893522526234945e+02,1.0538805894442822e-11,2.1824677057732907e-13,4.8288484940988937e+01,-3.1072922013208881e-12,1.0066836253486144e-11
in,inner,3,4.7018133999746914e-02,3.0554006991559588e-12,2.5692368475329447e-14,1.1892250035608211e+02,3.0601220441062756e-12,5.7559210909507815e-14,5.3164767128536070e+01,6.0262905776653497e-13,-2.9953817204386723e-12
in,inner,4,4.7303901180286941e-02,5.9645702452271061e-12,5.0225222312376751e-14,1.1875647275646378e+02,5.9496945654645334e-12,1.0003098373310794e-13,5.9478516989684692e+01,1.1746159600534156e-12,-5.8477667153056245e-12
in,inner,5,4.7671232179956495e-02,1.7561828837387164e-12,1.4848975006779265e-14,1.1826963699089906e+02,1.7544075711063082e-12,2.6424710881623744e-14,6.6392687472178068e+01,7.5450756753525638e-13,1.5858425683745736e-12
in,inner,6,4.8120064058479829e-02,4.2461576504770466e-13,3.6211489741432508e-15,1.1725995480430822e+02,4.1881356233735132e-13,5.7635810324462832e-15,7.2665511247196065e+01,3.5704772471945034e-13,-2.2981616609740740e-13
in,inner,7,4.8650319910825121e-02,1.6072840102586088e-12,1.3909540843343347e-14,1.1555262882942701e+02,1.6054531900707792e-12,2.0904039941905824e-14,7.6801096559922172e+01,-3.6637359812630166e-13,1.5649703755116207e-12
in,inner,8,4.9261908880381934e-02,7.2886120427586206e-13,6.4443535034492944e-15,1.1310074841265988e+02,7.3025336146395382e-13,9.4284905557318943e-15,7.7451778431279052e+01,-6.9277916736609768e-13,-2.2648549702353193e-13
in,inner,9,4.9954726174528660e-02,8.3127154015666525e-13,7.5505463841700570e-15,1.1009422336633153e+02,8.3427521365561344e-13,1.1339204354838669e-14,7.3574405006609766e+01,5.9507954119908391e-13,5.8042459727403184e-13
in,inner,10,5.0728653082588684e-02,6.1040567731860043e-13,5.7048729914045994e-15,1.0699724222402229e+02,6.1355066944097352e-13,9.5878257102364423e-15,6.3992680716537862e+01,-1.4888090760223349e-13,5.9197091673013347e-13
in,inner,11,5.1583556996170427e-02,3.8064472414335904e-13,3.6458378517705420e-15,1.0440528065681943e+02,3.7305185357463382e-13,7.6379706177551642e-15,4.8841750282128672e+01,-1.3072876114961218e-13,3.5749181392930041e-13
in,inner,12,5.2519291431889402e-02,6.6288314620366094e-13,6.4499331612789428e-15,1.0277364580817134e+02,6.6452129952667278e-13,2.1130411482536761e-14,3.1448573544148285e+01,3.3578695379787860e-13,5.7154281307703059e-13
in,inner,13,5.3535696056467227e-02,2.1853634077687358e-13,2.1303542024139901e-15,1.0258216240719089e+02,2.2497403334380638e-13,8.7124953742587069e-15,2.5821997450753088e+01,-6.1062266354383610e-14,2.0983215165415459e-13
in,inner,14,5.4632596714203917e-02,2.7417431327641432e-13,2.6572387321910493e-15,1.0318015839334899e+02,2.7231939973390205e-13,6.7577222830480071e-15,4.0297512731031460e+01,1.9939605522267811e-13,1.8818280267396403e-13
in,inner,15,5.5809805456818670e-02,4.0627051798291735e-13,3.9561529174295556e-15,1.0269333022821698e+02,4.1165512776589688e-13,7.3261501154279650e-15,5.6189829757788090e+01,3.7037040101495222e-13,-1.6697754290362354e-13
in,inner,16,5.7067120575653635e-02,1.6549757655174240e-13,1.6489748852370702e-15,1.0036391580818352e+02,1.5571264811463780e-13,2.3868031064943561e-15,6.5239000104764614e+01,1.4210854715202004e-13,8.4821039081361960e-14
in,inner,17,5.8404326636236015e-02,6.8871636353132786e-13,7.1393363660622095e-15,9.6467840737303419e+01,6.8673137528646978e-13,1.0476322292408401e-14,6.5550806487130046e+01,3.2773783686934621e-13,6.0573768223548541e-13
in,inner,18,5.9821194515191169e-02,7.9463042455627249e-13,8.6256414061254395e-15,9.2124212814130118e+01,7.9667376343660163e-13,1.3860579878389744e-14,5.7477664746098299e+01,4.3731684939984916e-13,6.6346927951599355e-13
in,inner,19,6.1317481439502095e-02,2.5649874908445031e-13,2.8924408217621539e-15,8.8678996353046998e+01,2.6771913503831863e-13,6.3707143208983230e-15,4.2023409236873150e+01,1.2205514376972815e-13,2.2559731860383181e-13
in,inner,20,6.2892931028107280e-02,6.0499218009368781e-13,6.9631087726185740e-15,8.6885355356321980e+01,6.1123197291427029e-13,2.4368294111353919e-14,2.5083084196258078e+01,4.9554804704143862e-13,-3.4705571749782393e-13
in,inner,21,6.4547273335830158e-02,4.9526914736856700e-13,5.6839810056038962e-15,8.7134201694248446e+01,4.9709831447708193e-13,1.9912260956910597e-14,2.4964433499178444e+01,-1.1124434706744069e-13,-4.8261394880455555e-13
in,inner,22,6.6280224899632811e-02,5.9963966761747412e-14,6.8445167631051135e-16,8.7608766019799887e+01,6.2102664722421735e-14,1.5672122758281318e-15,3.9626198492865953e+01,-5.7731597280508140e-14,1.6209256159527285e-14
in,inner,23,6.8091488787186100e-02,2.4462544381867112e-13,2.8302959154717323e-15,8.6431048598640544e+01,2.4606229332736677e-13,4.8140051795929458e-15,5.1113840585475415e+01,2.3447910280083306e-13,-6.9722005946459831e-14
in,inner,24,6.9980754647747279e-02,9.5837888073611158e-13,1.1496027395574562e-14,8.3366092282021100e+01,9.4868099461755204e-13,1.7174341030916682e-14,5.5238276269800849e+01,5.6266102888002933e-13,7.7582384960805939e-13
in,inner,25,7.1947698765337076e-02,3.6068554089705094e-13,4.5551167707223729e-15,7.9182501580492229e+01,3.5571517988054753e-13,6.7661244072024440e-15,5.2572958827344905e+01,2.3558932582545822e-13,-2.7311486405778851e-13
in,inner,26,7.3991984114206863e-02,4.3534755458941812e-13,5.7923355597235080e-15,7.5159242778779728e+01,4.3524095762813739e-13,9.9289412329139636e-15,4.3835586032610863e+01,-3.6737279884846430e-13,2.3359092438113294e-13
in,inner,27,7.6113260416586101e-02,1.4744005318618976e-13,2.0377692103209691e-15,7.2353656360803726e+01,1.4637708511480854e-13,4.7340061396896358e-15,3.0920341206909608e+01,4.9169002203086620e-14,-1.3899992268306960e-13
in,inner,28,7.8311164202700734e-02,5.4211671045267410e-13,7.6152809790785229e-15,7.1188011570686939e+01,5.3985249571468744e-13,2.7517091376138317e-14,1.9618806665839152e+01,-2.9271030044242252e-13,4.5630166312093934e-13
in,inner,29,8.0585318873051814e-02,4.6443463645544771e-13,6.4737904375890168e-15,7.1740758514329258e+01,4.6469495767504907e-13,2.1288240939168018e-14,2.1828715627699495e+01,1.9539925233402755e-13,-4.2132963784524691e-13
in,inner,30,8.2935334762944013e-02,3.8125310841252587e-13,5.2773498799659422e-15,7.2243288219310998e+01,3.8481502380412940e-13,1.2009359730416846e-14,3.2042925888004227e+01,6.4837024638109142e-14,-3.7569947153315297e-13
in,inner,31,8.5360809209252458e-02,6.6924479671413157e-13,9.3616984216308273e-15,7.1487540676144505e+01,6.7359535670740768e-13,1.6789058924371825e-14,4.0121090749737228e+01,5.3645976549887564e-13,-4.0012437807490642e-13
in,inner,32,8.7861326619417229e-02,1.1418873892522093e-12,1.6478340769814037e-14,6.9296260175902148e+01,1.1441117121649681e-12,2.6110122656444874e-14,4.3818703083823394e+01,-7.2475359047530219e-13,8.8240525997207442e-13
in,inner,33,9.0436458542652726e-02,1.1002382769610126e-12,1.6658081974770909e-14,6.6048316884702061e+01,1.1043983479187466e-12,2.5390779097174838e-14,4.3496040184195451e+01,9.6034291630076041e-13,-5.3690385470872570e-13
in,inner,34,9.3085763743360680e-02,1.7253311538244489e-12,2.7629265822547444e-14,6.2445783572593371e+01,1.7214144294856326e-12,4.2974062003879390e-14,4.0057056494455551e+01,1.7165713295241858e-12,-1.7363888105137448e-13
in,inner,35,9.5808788276733697e-02,1.1513547000959263e-12,1.9430625516987640e-14,5.9254638976461663e+01,1.1514084824742315e-12,3.4121952917865392e-14,3.3743920966240566e+01,1.1154965839921260e-12,2.8510527272374020e-13
in,inner,36,9.8605065566536143e-02,6.0046153384788433e-13,1.0533845563485541e-14,5.7003069793364034e+01,5.9831924334255447e-13,2.3298202020850671e-14,2.5680919188832256e+01,-5.3024251656097476e-13,-2.8177460364986473e-13
in,inner,37,1.0147411648504966e-01,7.5673839793040203e-13,1.3542741702876204e-14,5.5877784169042087e+01,7.6197801866448124e-13,4.2087075712915754e-14,1.8104798343845118e+01,-5.0873194545886236e-13,-5.6021853822585399e-13
in,inner,38,1.0441544943516928e-01,6.7550746038934251e-13,1.2057855138185132e-14,5.6022190733584765e+01,6.7839739815815093e-13,4.3740797236904882e-14,1.5509488647037625e+01,4.0700776082758239e-13,-5.3912430075797602e-13
in,inner,39,1.0742856043463597e-01,1.2807583049184185e-12,2.2549690979542307e-14,5.6797155494519068e+01,1.2847599083619632e-12,6.6333020235017673e-14,1.9368331244530445e+01,1.2436718321851004e-12,3.0597746558669314e-13
in,inner,40,1.1051293320239161e-01,1.7273922328624782e-12,3.0185372200048754e-14,5.7226136600683965e+01,1.7239211371845599e-12,6.8997737217779322e-14,2.4985183669767366e+01,-1.7172929744901921e-12,1.8651746813702630e-13
in,inner,41,1.1366803924704080e-01,1.2419444448826793e-12,2.1821213306697124e-14,5.6914545833320616e+01,1.2449451518533300e-12,4.2249340210234759e-14,2.9466617600616310e+01,-4.5519144009631418e-13,1.1555201240298629e-12
in,inner,42,1.1689333795740528e-01,7.5052942141702104e-13,1.3454761338565811e-14,5.5781697090810113e+01,7.4691527777405884e-13,2.3260455912902536e-14,3.2110947462545056e+01,4.7473136532971694e-13,-5.8131277569373196e-13
in,inner,43,1.2018827669515496e-01,1.0773122101478655e-12,1.9978583800177487e-14,5.3923352171653669e+01,1.0765440586879839e-12,3.2676069159573043e-14,3.2945947489298632e+01,-9.5723429183180997e-13,4.9427129056311969e-13
in,inner,44,1.2355229088949951e-01,4.0420016515564575e-12,7.8413575354491811e-14,5.1547217854604781e+01,4.0409119650936667e-12,1.2459083812345533e-13,3.2433460003612652e+01,-1.7513768213461844e-12,3.6428637884000636e-12
in,inner,45,1.2698480413392471e-01,2.5615374204877662e-12,5.2354973640918133e-14,4.8926343427394862e+01,2.5615459819584875e-12,8.2672576917997593e-14,3.0984228113504539e+01,1.2573275753879898e-14,2.5615065624151612e-12
in,inner,46,1.3048522828495673e-01,1.8603111974228017e-12,4.0131320820015437e-14,4.6355593571567027e+01,1.8659062277501319e-12,6.5310108199821933e-14,2.8569945436948750e+01,-1.8381962618718717e-12,-2.8599345114344032e-13
in,inner,47,1.3405296356293755e-01,1.6265169145903101e-12,3.6880598773280564e-14,4.4102237184085446e+01,1.6259691966052636e-12,6.4195843035819944e-14,2.5328263010706262e+01,-8.1701312382165270e-13,1.4064305275951483e-12
in,inner,48,1.3768739865479407e-01,1.3694952342353763e-12,3.2334805193162411e-14,4.2353594711774321e+01,1.3656980831106055e-12,6.3309541555239809e-14,2.1571757582843745e+01,9.4546592777078331e-13,9.9076302717548970e-13
in,inner,49,1.4138791081878338e-01,2.1963362399012049e-12,5.3318230869975102e-14,4.1192969160160558e+01,2.1965407407203796e-12,1.2390511713953598e-13,1.7727603116235638e+01,2.1497248425816906e-12,4.5008441418303846e-13
in,inner,50,1.4515386599119645e-01,2.0277704783167546e-12,4.9878516821013039e-14,4.0654185560355046e+01,2.0315242422616376e-12,1.4056069498160908e-13,1.4453003683052659e+01,-1.6661672042062037e-12,-1.1557421686347880e-12
in,inner,51,1.4898461889500175e-01,7.9703579983974709e-13,1.9542934750617152e-14,4.0783833646815872e+01,8.0200544102216123e-13,6.3320813826055281e-14,1.2665747525376112e+01,5.5982996016723519e-13,-5.6732396558345499e-13
in,inner,52,1.5287951315040996e-01,1.9341987829684434e-12,4.6722563462530626e-14,4.1397531291697703e+01,1.9322143414567781e-12,1.5236909284246828e-13,1.2681143566657973e+01,1.4114265312059615e-12,1.3224976669334865e-12
in,inner,53,1.5683788138734131e-01,2.8143124279407625e-12,6.6821015623744606e-14,4.2117175287900089e+01,2.8167944260508343e-12,1.9996659245009840e-13,1.4086325078294088e+01,1.6238121958167540e-12,2.2986057501839241e-12
in,inner,54,1.6085904535977619e-01,2.7163641403191676e-12,6.3614977954285416e-14,4.2700072021893703e+01,2.7177223777745157e-12,1.6862724932046672e-13,1.6116745002521125e+01,-2.7151614290232828e-12,-8.0824236192711396e-14
in,inner,55,1.6494231606196896e-01,3.0052425486865435e-12,6.9843315670689363e-14,4.3028348809444218e+01,3.0077304219142286e-12,1.6633122098793243e-13,1.8082777268450663e+01,-2.4062973835725643e-12,-1.8003376567321538e-12
in,inner,56,1.6908699384650550e-01,3.5320215907061555e-12,8.2044318257675737e-14,4.3050166857541214e+01,3.5312061740636760e-12,1.7947135291921905e-13,1.9675597896969606e+01,3.3413272149118711e-12,1.1448619829934614e-12
in,inner,57,1.7329236854418428e-01,1.6929479980418115e-12,3.9598732388178519e-14,4.2752580598948924e+01,1.6963924154824366e-12,8.1555093556389833e-14,2.0800569792854152e+01,-1.4588330543574557e-13,-1.6866508190105378e-12
in,inner,58,1.7755771958570027e-01,3.9306251687262061e-12,9.3258110544547917e-14,4.2147810477552071e+01,3.9312150438184549e-12,1.8322555355881319e-13,2.1455604676651078e+01,-3.8556935422207061e-12,7.6383344094210770e-13
in,inner,59,1.8188231612511047e-01,6.7420698915372851e-13,1.6338545312392380e-14,4.1264811295186689e+01,6.7408470706176436e-13,3.1083536393371700e-14,2.1686229601774244e+01,2.6290081223123707e-13,-6.2083671537038754e-13
in,inner,60,1.8626541716506090e-01,5.0612934093823333e-12,1.2607997165208993e-13,4.0143516397264648e+01,5.0591718693059132e-12,2.3451412577040715e-13,2.1572994175450727e+01,5.0559001429917316e-12,2.3359092438113294e-13
in,inner,61,1.9070627168375287e-01,2.9414636618874650e-12,7.5750887214426673e-14,3.8830748655934769e+01,2.9425049443142982e-12,1.3860780625327982e-13,2.1228998740066785e+01,-2.9406477253246521e-12,6.9277916736609768e-14
in,inner,62,1.9520411876362603e-01,6.2246267544501946e-12,1.6653494451178818e-13,3.7377301038519178e+01,6.2220658363570678e-12,2.9959143391843766e-13,2.0768503808593525e+01,-6.1948224328034485e-12,-6.0840221749458578e-13
in,inner,63,1.9975818772173815e-01,2.2904964699361634e-12,6.3916306591159908e-14,3.5835870251191203e+01,2.2891317875112309e-12,1.1314207090504812e-13,2.0232365990828754e+01,-1.4006573678670975e-12,-1.8123280653981055e-12
in,inner,64,2.0436769824181777e-01,5.9586476277239826e-12,1.7392646572741944e-13,3.4259579775871934e+01,5.9575042079396253e-12,3.0401175252946534e-13,1.9596295729923185e+01,5.1620929752971279e-12,-2.9762858844151197e-12
in,inner,65,2.0903186050796707e-01,1.6264815660331029e-12,4.9738260228832584e-14,3.2700813388930193e+01,1.6281820982563580e-12,8.6404772521605561e-14,1.8843659334317792e+01,-1.4899192990469601e-12,6.5236704926974198e-13
in,inner,66,2.1374987533999301e-01,5.9152037952318905e-12,1.8952894348282543e-13,3.1210028856452261e+01,5.9162690957682737e-12,3.2899451996290379e-13,1.7982880372704599e+01,-2.9025670755800093e-12,5.1540993695198267e-12
in,inner,67,2.1852093433034231e-01,1.7310326250494875e-12,5.8021767973705990e-14,2.9834193019315578e+01,1.7287755968282126e-12,1.0147475143667060e-13,1.7036509795317158e+01,2.9221070008134120e-13,-1.7061907442439406e-12
in,inner,68,2.2334421998261866e-01,4.2157110637348359e-12,1.4732727481380955e-13,2.8614600175443421e+01,4.2155951563386814e-12,2.6293437823109154e-13,1.6032879324108841e+01,4.1513459336783853e-12,-7.3385741927722847e-13
in,inner,69,2.2821890585165583e-01,3.4559536259221970e-12,1.2528709244131240e-13,2.7584275112306976e+01,3.4531777580792507e-12,2.3017036398321059e-13,1.5002703642294874e+01,2.0485835250383388e-12,2.7833291227352674e-12
in,inner,70,2.3314415668512500e-01,2.3244515135432528e-12,8.6843634785354439e-14,2.6765939948142925e+01,2.3219958877206957e-12,1.6610984680204637e-13,1.3978676956386732e+01,-5.8708593542178278e-13,2.2490898032856421e-12
in,inner,71,2.3811912856665129e-01,4.8451380227615921e-12,1.8512553143107408e-13,2.6172176173147317e+01,4.8450657272964283e-12,3.7278339625317439e-13,1.2996999802013502e+01,-4.7903903066526254e-12,7.2630790270977741e-13
in,inner,72,2.4314296906041394e-01,3.1342085218842730e-12,1.2143920338624532e-13,2.5808869248884296e+01,3.1336270965312486e-12,2.5898025563538756e-13,1.2099868728769081e+01,2.8683722064215544e-12,-1.2632117574185031e-12
in,inner,73,2.4821481735720707e-01,3.7961319468026826e-12,1.4782503014368389e-13,2.5679899697046540e+01,3.7966554974736498e-12,3.3493572998833105e-13,1.1335474712136334e+01,-2.3416824035393802e-12,-2.9878322038712213e-12
in,inner,74,2.5333380442193515e-01,2.8170287271244711e-12,1.0924905414847832e-13,2.5785383215271601e+01,2.8160449488548002e-12,2.6203741358899563e-13,1.0746728531185065e+01,1.3278267374516872e-12,-2.4844570845061753e-12
in,inner,75,2.5849905314251709e-01,3.1707322179827662e-12,1.2144851063700675e-13,2.6107625374342039e+01,3.1726554308259430e-12,3.0666907081517723e-13,1.0345534430298102e+01,-3.1434854719236682e-12,-4.1477932199995848e-13
in,inner,76,2.6370967848017540e-01,1.0032942912769017e-11,3.7715636333858984e-13,2.6601547495997043e+01,1.0033689990620601e-11,9.9339124680267308e-13,1.0100441314451899e+01,7.1740946516740678e-12,-7.0137229357669639e-12
in,inner,77,2.6896478762108300e-01,3.0642049007673390e-13,1.1261810252733498e-14,2.7208813077130177e+01,3.0481637668121161e-13,3.0602506939789472e-14,9.9605034738147040e+00,-3.0622726576723380e-13,1.0880185641326534e-14
in,inner,78,2.7426348012934187e-01,6.9860448754830722e-12,2.5059713703096206e-13,2.7877592530595926e+01,6.9855687948777553e-12,7.0677981657093045e-13,9.8836563114797205e+00,-5.3697324364776478e-12,-4.4688697187211801e-12
in,inner,79,2.7960484810126851e-01,1.9123225600736082e-12,6.6935814795211702e-14,2.8569497001333396e+01,1.9138524665523136e-12,1.9440457333022307e-13,9.8446884955806588e+00,-1.8433587989363787e-12,-5.0892623448817176e-13
in,inner,80,2.8498797632095818e-01,5.7655709863299807e-12,1.9706029861216553e-13,2.9257902413297384e+01,5.7658652244915214e-12,5.8647741860938179e-13,9.8313507758971816e+00,5.7003013420597881e-12,8.6508578078792198e-13
in,inner,81,2.9041194241710311e-01,7.3048946957004718e-12,2.4410961680831210e-13,2.9924649389936430e+01,7.3044542875829472e-12,7.4242135058032925e-13,9.8386910369337670e+00,-6.2840288528320798e-12,3.7245762030124752e-12
in,inner,82,2.9587581702103516e-01,8.5612387366652831e-12,2.8016877629225121e-13,3.0557433451238108e+01,8.5621446302782802e-12,8.6798449405334948e-13,9.8643981418313444e+00,-8.2454043592861126e-12,2.3039348207021249e-12
in,inner,83,3.0137866392596940e-01,9.0675371292301531e-12,2.9111097458065080e-13,3.1148042914878285e+01,9.0671599338560609e-12,9.1537145775711863e-13,9.9054431477170972e+00,-8.9640517231259764e-12,-1.3660184094987926e-12
in,inner,84,3.0691954024741697e-01,1.7990437024884631e-11,5.6767941667867858e-13,3.1691191359625588e+01,1.7989455467848081e-11,1.8068277280221851e-12,9.9563755796131979e+00,-1.7124079931818414e-11,5.5155879863377777e-12
in,inner,85,3.1249749658474485e-01,8.0018380115398023e-12,2.4862994351769987e-13,3.2183726136631464e+01,8.0014327677873685e-12,7.9938054568201228e-13,1.0009541526884092e+01,7.7369222140077909e-12,-2.0419221868905879e-12
in,inner,86,3.1811157718385014e-01,6.3471248935433817e-12,1.9455341204412757e-13,3.2624073907805638e+01,6.3471896502787065e-12,6.3114544582890500e-13,1.0056619583054623e+01,1.1004530620084552e-12,-6.2509997178494814e-12
in,inner,87,3.2376082010092350e-01,3.7663189916715529e-12,1.1408994492845143e-13,3.3011839860502192e+01,3.7667104949576093e-12,3.7330131478093558e-13,1.0090268493075166e+01,-3.0473401579911297e-12,2.2133406218927121e-12
in,inner,88,3.2944425736727340e-01,2.1974892895369873e-12,6.5896652257261222e-14,3.3347510294725843e+01,2.1985105378508849e-12,2.1756507956687793e-13,1.0105070823992591e+01,-2.1911361614002089e-12,-1.6697754290362354e-13
in,inner,89,3.3516091515518293e-01,1.3575769963307805e-11,4.0365360974775101e-13,3.3632227324292984e+01,1.3574528603356206e-11,1.3443176983700713e-12,1.0097708763199913e+01,-1.3564704914870163e-11,5.4800608495497727e-13
in,inner,90,3.4090981394476910e-01,1.0734454355196018e-11,3.1695335441722807e-13,3.3867615551610463e+01,1.0731904796632931e-11,1.0660810592458443e-12,1.0066687428275653e+01,-1.0361045355011811e-11,-2.8066438062523957e-12
in,inner,91,3.4668996869182017e-01,1.4053940822076715e-11,4.1267578081574300e-13,3.4055647254840252e+01,1.4055244231248163e-11,1.4038526450415747e-12,1.0011908501146088e+01,-1.2982059871546880e-11,-5.3832494018024590e-12
in,inner,92,3.5250038899657621e-01,7.2081750184749530e-12,2.1077436927516946e-13,3.4198536773057832e+01,7.2072265109705953e-12,7.2549196651112621e-13,9.9342609479605652e+00,-2.2666313270747196e-12,6.8425265453697648e-12
in,inner,93,3.5834007927343037e-01,7.1968624375022807e-12,2.0982927538646057e-13,3.4298657440660762e+01,7.1976454374898476e-12,7.3181841205509325e-13,9.8352888078852949e+00,-7.1809225232755125e-12,4.7872816821836750e-13
in,inner,94,3.6420803892151649e-01,1.3434967297257814e-11,3.9102337432115135e-13,3.4358476192329988e+01,1.3436709994120583e-11,1.3828125643678099e-12,9.7169423682981488e+00,1.3428369527446193e-11,4.2099657093785936e-13
in,inner,95,3.7010326249615710e-01,1.2747028874815625e-11,3.7076331261652727e-13,3.4380502172283727e+01,1.2747066230736885e-11,1.3303970899448775e-12,9.5813996641145955e+00,9.4289021035365295e-12,8.5780271774638095e-12
in,inner,96,3.7602473988114132e-01,1.4289612639091537e-11,4.1579160622189051e-13,3.4367246537116891e+01,1.4289957289616587e-11,1.5152206186825382e-12,9.4309416816420395e+00,1.3539391829908709e-11,-4.5692338801472943e-12
in,inner,97,3.8197145646180325e-01,1.7023070123521606e-11,4.9599298563231231e-13,3.4321191260033437e+01,1.7024336354752680e-11,1.8369207159802023e-12,9.2678667112033164e+00,1.3856471525741654e-11,-9.8885344357313443e-12
in,inner,98,3.8794239329887054e-01,1.7079566165737154e-11,4.9874969398872824e-13,3.4244765203050243e+01,1.7079221155298727e-11,1.8779864479735785e-12,9.0944325896110065e+00,2.0268231537556858e-12,-1.6958878745754191e-11
in,inner,99,3.9393652730305467e-01,8.8031268529817261e-12,2.5785128222110806e-13,3.4140326071495060e+01,8.8037103945627828e-12,9.8775828667765408e-13,8.9128185643212863e+00,-2.6236790517941699e-12,8.4030560287828848e-12
in,inner,100,3.9995283141035182e-01,1.1966450171720570e-11,3.5184940909882308e-13,3.4010147131892957e+01,1.1965534678233509e-11,1.3713921368526186e-12,8.7251008349039605e+00,-1.1628031870714040e-11,-2.8257396422759484e-12
in,inner,101,4.0599027475802513e-01,1.7329115311771584e-11,5.1184152263519265e-13,3.3856407785271948e+01,1.7329803420064584e-11,2.0308591410516724e-12,8.5332375199052031e+00,-1.5631940186722204e-11,7.4793504722947546e-12
in,inner,102,4.1204782286123798e-01,1.2369651867019153e-11,3.6725700237529778e-13,3.3681187253112412e+01,1.2370548194604411e-11,1.4834463586514247e-12,8.3390600020416379e+00,-9.6180841069326561e-12,7.7782225105238467e-12
in,inner,103,4.1812443779030717e-01,7.2656192320573877e-12,2.1697184669403913e-13,3.3486460767893703e+01,7.2673228510895110e-12,8.9232358778543995e-13,8.1442684588507657e+00,-7.2040151621877158e-12,-9.4413366014123312e-13
in,inner,104,4.2421907834854733e-01,7.8562530232601745e-12,2.3610716894891717e-13,3.3274097767695949e+01,7.8545714719645418e-12,9.8794297493974954e-13,7.9504300057840478e+00,-6.2456706473312806e-12,4.7657433555059470e-12
in,inner,105,4.3033070025067360e-01,9.7236468762752208e-12,2.9424703672352887e-13,3.3045861683261215e+01,9.7238458301073338e-12,1.2532379134588259e-12,7.7589783437610649e+00,-2.3074875343809254e-12,9.4458885158132944e-12
in,inner,106,4.3645825630173618e-01,1.7303212677905234e-11,5.2748211731876651e-13,3.2803410977909238e+01,1.7305447209807178e-11,2.2856898263984922e-12,7.5712141734799445e+00,-1.7299051080499339e-11,3.7947422981687851e-13
in,inner,107,4.4260069657655027e-01,2.1156068238150833e-11,6.4998993751650262e-13,3.2548301161375598e+01,2.1155538549402209e-11,2.8633814963944105e-12,7.3883059508631339e+00,-5.4347637501450663e-12,-2.0446089266101808e-11
in,inner,108,4.4875696859959624e-01,2.3411278494024481e-11,7.2521180611402333e-13,3.2281987547157478e+01,2.3410951846856302e-11,3.2464301325993091e-12,7.2112908304334669e+00,1.2229328660851024e-11,-1.9963253272692327e-11
in,inner,109,4.5492601752535544e-01,6.9339457852206965e-12,2.1664634524476020e-13,3.2005828565383567e+01,6.9341952703256320e-12,9.8482041505290361e-13,7.0410758797614221e+00,6.0902394238837587e-12,-3.3149039069257924e-12
in,inner,110,4.6110678631905311e-01,4.4655401979062646e-12,1.4077512064169215e-13,3.1721089476258946e+01,4.4646909300723290e-12,6.4908482687935481e-13,6.8784398358801564e+00,2.8759217229890055e-12,3.4161562467716067e-12
in,inner,111,4.6729821593777454e-01,1.1829133685435180e-11,3.7637703633436632e-13,3.1428946358264003e+01,1.1831711205152788e-11,1.7596145478123739e-12,6.7240357951475591e+00,1.1753265027891757e-11,1.3375967000683886e-12
in,inner,112,4.7349924551192868e-01,5.2798445978367855e-12,1.6960364428019734e-13,3.1130490268912528e+01,5.2820597508215067e-12,8.0294046525745168e-13,6.5783952601366131e+00,2.8688162956314045e-12,4.4324544035134750e-12
in,inner,113,4.7970881252702052e-01,1.6000890804799742e-11,5.1905894749136084e-13,3.0826731495782678e+01,1.6001856874619610e-11,2.4840144474852786e-12,6.4419338989027537e+00,2.7720048478840909e-12,-1.5758949700739322e-11
in,inner,114,4.8592585300570940e-01,2.1216943454354079e-11,6.9521343674984694e-13,3.0518603831284118e+01,2.1219420061774255e-11,3.3601832334632477e-12,6.3149592112880066e+00,8.1552542496865499e-12,-1.9586998689646862e-11
in,inner,115,4.9214930169011450e-01,1.4606762323348126e-11,4.8355604333135195e-13,3.0206968819411461e+01,1.4607942703666672e-11,2.3570017378305176e-12,6.1976800734616475e+00,-1.4185097541030700e-11,3.4843239404835913e-12
in,inner,116,4.9837809222434215e-01,5.3847629646553268e-12,1.8013686912338891e-13,2.9892619933162649e+01,5.3818583751222193e-12,8.8368897005478518e-13,6.0902178905645563e+00,3.9142022956184519e-12,-3.6979308504214714e-12
in,inner,117,5.0461115733720008e-01,1.7531537933746011e-11,5.9275656003757614e-13,2.9576286650686157e+01,1.7531665974127918e-11,2.9255432923674732e-12,5.9926188820608957e+00,-1.4725998198628076e-12,-1.7469581337081763e-11
in,inner,118,5.1084742902506941e-01,6.1889150514597393e-12,2.1152436984144327e-13,2.9258638407001961e+01,6.1901725076947034e-12,1.0483170265904722e-12,5.9048668968274907e+00,-6.0316196481835505e-12,1.3864465131518955e-12
in,inner,119,5.1708583873490055e-01,1.6701890067597833e-11,5.7711553647466179e-13,2.8940288403292932e+01,1.6703026155679333e-11,2.8665392001850558e-12,5.8268961242884911e+00,-7.5948136668557709e-12,1.4875212173137697e-11
in,inner,120,5.2332531754730527e-01,9.5709711705158974e-12,3.3439448554038865e-13,2.8621797261545755e+01,9.5705135435588559e-12,1.6619505332971059e-12,5.7586031303664207e+00,-6.2438942904918804e-13,-9.5505825470354466e-12
in,inner,121,5.2956479635971021e-01,6.3817802470431735e-12,2.2547531036508868e-13,2.8303676516554397e+01,6.3808728785931471e-12,1.1194793146814110e-12,5.6998577775499673e+00,4.1753267510102887e-12,4.8263615326504805e-12
in,inner,122,5.3580320606954146e-01,3.2398012933629828e-11,1.1576345032870612e-12,2.7986391941184237e+01,3.2398209958759805e-11,5.7336761076389217e-12,5.6505127514259099e+00,9.2308383159434015e-12,3.1055158444814879e-11
in,inner,123,5.4203947775741068e-01,3.1645329294886056e-11,1.1436541349530659e-12,2.7670366702416320e+01,3.1643478507817938e-11,5.6401349655808376e-12,5.6104115771916110e+00,2.7160496074429830e-12,3.1528557542515045e-11
in,inner,124,5.4827254287026872e-01,1.5172134474818017e-11,5.5461848059277920e-13,2.7355984349100588e+01,1.5172403248532343e-11,2.7193634521038594e-12,5.5793951473437948e+00,-1.5169199230058439e-11,-2.9842794901924208e-13
in,inner,125,5.5450133340449637e-01,1.3088047625156125e-11,4.8396114697170576e-13,2.7043591633444294e+01,1.3087112005662960e-11,2.3549377941520330e-12,5.5573068801060934e+00,-1.2255085835022328e-11,4.5945469651087478e-12
in,inner,126,5.6072478208890153e-01,1.4486592150539492e-11,5.4188907237813917e-13,2.6733501170199844e+01,1.4485191120393057e-11,2.6127705223279379e-12,5.5439966872739275e+00,-1.2692069617514790e-11,-6.9837469141020847e-12
in,inner,127,5.6694182256759029e-01,1.9891252638703598e-11,7.5271540158195245e-13,2.6425993937282183e+01,1.9888928424708994e-11,3.5904974312963912e-12,5.5393239530957867e+00,-7.6756379030484823e-12,1.8350654329424287e-11
in,inner,128,5.7315138958268230e-01,4.8409443487153862e-11,1.8532539885742975e-12,2.6121321624347399e+01,4.8409409844560632e-11,8.7331796739072213e-12,5.5431597255690352e+00,-3.1361579999611422e-11,-3.6877167985949200e-11
in,inner,129,5.7935241915683633e-01,7.7669338570581659e-12,3.0081415352393545e-13,2.5819708833747285e+01,7.7664628523747932e-12,1.3980054015761886e-12,5.5553883008023099e+00,-6.7705840933740546e-12,-3.8058445284150366e-12
in,inner,130,5.8554384877555787e-01,1.2972158221543216e-11,5.0828641932368762e-13,2.5521355142251537e+01,1.2974921002582449e-11,2.3269609490813474e-12,5.5759083570804107e+00,-7.2346573176673701e-12,-1.0767386982024618e-11
in,inner,131,5.9172461756925543e-01,2.8149799802933278e-11,1.1158848858543461e-12,2.5226437027490672e+01,2.8150103154992656e-11,5.0226481069680446e-12,5.6046337620068023e+00,-2.6461499658125831e-11,-9.6020968953780539e-12
in,inner,132,5.9789366649501463e-01,2.3623465130793991e-11,9.4739768323880640e-13,2.4935109668026634e+01,2.3625417719367466e-11,4.1877944180117128e-12,5.6414941520898196e+00,-1.4408030324375432e-11,-1.8721024730439240e-11
in,inner,133,6.0404993851806066e-01,1.9217676234443677e-11,7.7970055834215254e-13,2.4647508622163215e+01,1.9216893320275899e-11,3.3794270245031276e-12,5.6864353575148829e+00,-9.4648733295343845e-12,-1.6725287821373058e-11
in,inner,134,6.1019237879287469e-01,1.2900943628604325e-11,5.2951384294475121e-13,2.4363751392898696e+01,1.2901980151413207e-11,2.2479589867253844e-12,5.7394197258943773e+00,-1.2870149390664665e-11,8.9084295495922561e-13
in,inner,135,6.1631993484393732e-01,1.7617086060567419e-11,7.3148691103871980e-13,2.4083938884909035e+01,1.7618326545154329e-11,3.0374192135091472e-12,5.8004263839497412e+00,-1.6735501873199610e-11,5.5031534884619759e-12
in,inner,136,6.2243155674606376e-01,2.4551253330874114e-11,1.0312118480257687e-12,2.3808156760298019e+01,2.4552520551735436e-11,4.1831030890072325e-12,5.8694514644539719e+00,-5.1758597408024798e-12,-2.3999469078717084e-11
in,inner,137,6.2852619730430370e-01,3.2131919618693945e-11,1.3651966702607628e-12,2.3536476698669730e+01,3.2132366678339309e-11,5.4035687765449285e-12,5.9465083183201237e+00,4.3565151486291143e-13,-3.2128966154232330e-11
in,inner,138,6.3460281223337289e-01,3.2056281997741845e-11,1.3776415167725789e-12,2.3268957568033059e+01,3.2052472394664098e-11,5.3140667578148970e-12,6.0316277260776880e+00,6.3979932463098521e-12,3.1411317991114629e-11
in,inner,139,6.4066036033658591e-01,2.5963004186721518e-11,1.1285492095856501e-12,2.3005646511642947e+01,2.5964638102703535e-11,4.2392227858615375e-12,6.1248581200543679e+00,-2.2840396241008420e-11,1.2344791855412041e-11
in,inner,140,6.4669780368425922e-01,1.5590472990602158e-11,6.8539855313712343e-13,2.2746579955915180e+01,1.5590076946438169e-11,2.5039208705711863e-12,6.2262658255976797e+00,-1.4115375535084240e-11,-6.6195937620250334e-12
in,inner,141,6.5271410779155625e-01,4.2865497476967969e-11,1.9058290990865992e-12,2.2491784545378170e+01,4.2865135428821925e-11,6.7653997703618530e-12,6.3359353303270129e+00,-3.8534953006319483e-11,1.8775203614040947e-11
in,inner,142,6.5870824179574039e-01,3.7160747981508619e-11,1.6708009300007873e-12,2.2241278008799714e+01,3.7161109058519840e-11,5.7578686350676940e-12,6.4539695873216019e+00,-3.5578429091742692e-11,-1.0728307131557813e-11
in,inner,143,6.6467917863280779e-01,2.9382755015350540e-11,1.3358791341668930e-12,2.1995069960932348e+01,2.9382279916635346e-11,4.4650593356467769e-12,6.5804903603546929e+00,-1.3900547379819272e-12,-2.9349855878990638e-11
in,inner,144,6.7062589521346960e-01,2.0337042695214427e-11,9.3490050283761873e-13,2.1753162645102073e+01,2.0336138444406246e-11,3.0281764106528860e-12,6.7156386176397493e+00,-7.8985151752419824e-12,-1.8740564655672642e-11
in,inner,145,6.7654737259845388e-01,9.8060642893982078e-12,4.5576634347237367e-13,2.1515551619472767e+01,9.8041412275185062e-12,1.4292636576789000e-12,6.8595749810362250e+00,6.1194625755600640e-12,-7.6623152267529804e-12
in,inner,146,6.8244259617309455e-01,1.1436819708908589e-11,5.3738831164641063e-13,2.1282226392065176e+01,1.1436298845677803e-11,1.6308493509695299e-12,7.0124802385204941e+00,1.1341733108238827e-11,-1.4717116414431075e-12
in,inner,147,6.8831055582118061e-01,7.4481022468150693e-12,3.5377579198569335e-13,2.1053171007009631e+01,7.4483182326237878e-12,1.0381573868400779e-12,7.1745559267220793e+00,5.3911874964285289e-12,5.1390003363849246e-12
in,inner,148,6.9415024609803477e-01,6.4166197135820908e-12,3.0807122119284960e-13,2.0828364586399807e+01,6.4172145756845276e-12,8.7356285653051197e-13,7.3460249914602294e+00,-5.6887827781793021e-12,-2.9682922786378185e-12
in,inner,149,6.9996066640279087e-01,2.1487243266458156e-11,1.0426761814410442e-12,2.0607781829984294e+01,2.1488378913725159e-11,2.8547894986742390e-12,7.5271325341866140e+00,1.2487011424866523e-11,1.7486456727056066e-11
in,inner,150,7.0574082114984182e-01,3.5724062981870521e-11,1.7519186720928260e-12,2.0391393476727366e+01,3.5722888591687456e-11,4.6284283261086904e-12,7.7181466525422362e+00,3.4536151716224595e-11,9.1358032250354881e-12
in,inner,151,7.1148971993942811e-01,1.7636253101942277e-11,8.7398321933495060e-13,2.0179166729725566e+01,1.7637107448378244e-11,2.2270876461057502e-12,7.9193593836408764e+00,1.7623902337504660e-11,-6.5991656583719305e-13
in,inner,152,7.1720637772733753e-01,1.3662390907282325e-11,6.8410925825943938e-13,1.9971065648260890e+01,1.3662777633039486e-11,1.6803136354953369e-12,8.1310877591086488e+00,-1.2074785615823203e-11,6.3922200865818013e-12
in,inner,153,7.2288981499368754e-01,1.3714951640845593e-11,6.9382890184380897e-13,1.9767051508518779e+01,1.3714818947249006e-11,1.6417707148969919e-12,8.3536749820205571e+00,9.4817487195086869e-12,-9.9094066285942972e-12
in,inner,154,7.2853905791076068e-01,2.8487750162954758e-11,1.4559017286753061e-12,1.9567083136081688e+01,2.8487058930573050e-11,3.3172735189987696e-12,8.5874917360360161e+00,2.7590374429564690e-11,7.0938810381449002e-12
in,inner,155,7.3415313850986597e-01,1.9382966064116538e-11,1.0006116762788696e-12,1.9371117211223229e+01,1.9384690370915003e-11,2.1945915578239920e-12,8.8329376378972064e+00,5.5959681333206390e-12,1.8557599901214417e-11
in,inner,156,7.3973109484719402e-01,7.8733027391418517e-12,4.1051453036266505e-13,1.9179108549912378e+01,7.8739077304359828e-12,8.6617427379384150e-13,9.0904428458124062e+00,6.9948491443483363e-12,3.6139979897598096e-12
in,inner,157,7.4527197116864163e-01,1.4004940844600303e-11,7.3745106646708144e-13,1.8991010361804747e+01,1.4004101126815671e-11,1.4960895520668078e-12,9.3604698378311504e+00,5.0270898555027088e-13,1.3995915537634573e-11
in,inner,158,7.5077481807357571e-01,8.2386379466441131e-12,4.3806756720615744e-13,1.8806774487294916e+01,8.2368978556830100e-12,8.5413851028611933e-13,9.6435153742497963e+00,5.9929838869265950e-12,-5.6532556413912971e-12
in,inner,159,7.5623869267750787e-01,4.4747267283704056e-12,2.4023635014282907e-13,1.8626351614607948e+01,4.4735050361513801e-12,4.5004570757079351e-13,9.9401126616626705e+00,-6.4792615717124136e-13,4.4275694222051243e-12
in,inner,160,7.6166265877365269e-01,1.8542102790594288e-11,1.0050088269234323e-12,1.8449691479184331e+01,1.8542640314162211e-11,1.8088909440275788e-12,1.0250833736209753e+01,1.5949463971764999e-11,9.4564356345472333e-12
in,inner,161,7.6704578699334247e-01,2.0501747762352979e-11,1.1217396726983663e-12,1.8276743045947221e+01,2.0501313401791805e-11,1.9384216351280154e-12,1.0576292087473464e+01,2.0496937480629640e-11,-4.4408920985006262e-13
in,inner,162,7.7238715496526900e-01,2.8415731638556086e-11,1.5692835987411220e-12,1.8107454676357520e+01,2.8415904614198289e-11,2.6028694494117816e-12,1.0917145545129033e+01,1.5349499449257564e-11,-2.3913315772006172e-11
in,inner,163,7.7768584747352798e-01,1.8804416931327468e-11,1.0480801194503164e-12,1.7941774280758011e+01,1.8804933784674063e-11,1.6679765740984276e-12,1.1274099454807079e+01,-5.1336712658667238e-13,-1.8797408074533450e-11
in,inner,164,7.8294095661443530e-01,5.6700010859582474e-11,3.1890398623161961e-12,1.7779649458003739e+01,5.6700256138921017e-11,4.8678479919912762e-12,1.1647910171436314e+01,-5.6350923927084295e-11,-6.2820859625389858e-12
in,inner,165,7.8815158195209378e-01,2.7040190637983234e-11,1.5345410731959785e-12,1.7621027622067363e+01,2.7039344959213021e-11,2.2459067630169942e-12,1.2039388902721079e+01,-2.5588864360770458e-11,-8.7396756498492323e-12
in,inner,166,7.9331683067267589e-01,1.1434850856831906e-11,6.5469741530458217e-13,1.7465856118451480e+01,1.1435801679590194e-11,9.1858211830913709e-13,1.2449405939493392e+01,-8.0100370780655794e-12,8.1605833202047506e-12
in,inner,167,7.9843581773740391e-01,1.2516433380857054e-11,7.2290480910841967e-13,1.7314082328894656e+01,1.2516490293218285e-11,9.7186055084174975e-13,1.2878895313095564e+01,9.6158636608834058e-12,-8.0122575241148297e-12
in,inner,168,8.0350766603419699e-01,1.8577952401057505e-11,1.0822746778369285e-12,1.7165653767477998e+01,1.8577827105270577e-11,1.3938046619955849e-12,1.3328859926951102e+01,4.6469494918710552e-12,-1.7987389355766936e-11
in,inner,169,8.0853150652795969e-01,1.8656559696838872e-11,1.0961217228391673e-12,1.7020518167010479e+01,1.8656135511239338e-11,1.3518569254789013e-12,1.3800377214201362e+01,1.7820411812863313e-11,5.5226934136953787e-12
in,inner,170,8.1350647840948598e-01,1.7321992706107034e-11,1.0262680867620692e-12,1.6878623558059619e+01,1.7322134998383485e-11,1.2117952568220116e-12,1.4294605380624757e+01,1.7098322757647111e-11,2.7746693831431912e-12
in,inner,171,8.1843172924295504e-01,1.1382487988302825e-11,6.7996078340647451e-13,1.6739918339523520e+01,1.1382249770096810e-11,7.6840686592934790e-13,1.4812790300006721e+01,1.1247891507082386e-11,1.7452705947107461e-12
in,inner,172,8.2330641511199221e-01,1.5920946900112596e-11,9.5884184640361442e-13,1.6604351343058550e+01,1.5920560651568209e-11,1.0367463842822054e-12,1.5356273137707500e+01,-1.5800694086465228e-11,1.9531043449205754e-12
in,inner,173,8.2812970076426862e-01,3.3192739076790028e-11,2.0151163934405817e-12,1.6471871890296722e+01,3.3191324906926225e-11,2.0840314840147775e-12,1.5926498789252875e+01,-3.1980640358142409e-11,-8.8880014459391532e-12
in,inner,174,8.3290075975461786e-01,1.5177103773441807e-11,9.2869321866154276e-13,1.6342429844933559e+01,1.5177609672143267e-11,9.1846211785043454e-13,1.6525025232031226e+01,-1.3510081942058605e-11,-6.9153571757851751e-12
in,inner,175,8.3761877458664358e-01,9.6859733463043263e-12,5.9731055041998159e-13,1.6215975658715411e+01,9.6841877972044507e-12,5.6455934107368640e-13,1.7153533902719481e+01,-9.4999563771125395e-12,-1.8891554987021664e-12
in,inner,176,8.4228293685279298e-01,8.9623223297321059e-12,5.5692679054530076e-13,1.6092460412897132e+01,8.9643011269185981e-12,5.0322111958915392e-13,1.7813841227962261e+01,-8.7378992930098320e-12,-1.9930723738070810e-12
in,inner,177,8.4689244737287284e-01,2.6941826218976297e-12,1.6868334025110243e-13,1.5971835854608184e+01,2.6945303379253894e-12,1.4558802835929874e-13,1.8507911455985379e+01,-1.6759926779741363e-12,2.1094237467877974e-12
in,inner,178,8.5144651633098500e-01,2.0297832734800578e-12,1.2802928629320019e-13,1.5854054429637650e+01,2.0299495208274619e-12,1.0551840821724269e-13,1.9237870956583947e+01,1.3455903058456897e-12,1.5196732761069143e-12
in,inner,179,8.5594436341085800e-01,1.2057321832543463e-11,7.6607590923043268e-13,1.5739069310580119e+01,1.2058623181231000e-11,6.0274960534756908e-13,2.0006024183587023e+01,1.1139533739878971e-11,-4.6140868903421506e-12
in,inner,180,8.6038521792954992e-01,7.0575358066402023e-12,4.5162926898363137e-13,1.5626834422230488e+01,7.0587163525563621e-12,3.3911890088341076e-13,2.0814871521959645e+01,3.2711611197555612e-12,-6.2536642531085818e-12
in,inner,181,8.6476831896950046e-01,2.1250772880944584e-11,1.3694886848302149e-12,1.5517304462854462e+01,2.1250680694099866e-11,9.8077970654601658e-13,2.1667129277111343e+01,-2.0787815913081431e-11,4.4115822106505220e-12
in,inner,182,8.6909291550891066e-01,1.6426896585608376e-11,1.0659593105207440e-12,1.5410434923246257e+01,1.6430624030575106e-11,7.2812215411593457e-13,2.2565752103127128e+01,1.3787193609005044e-11,8.9306340100847592e-12
in,inner,183,8.7335826655042659e-01,2.3375859180454044e-11,1.5272168476653427e-12,1.5306182102553894e+01,2.3373074075116258e-11,9.9400848894440947e-13,2.3513958215726475e+01,2.3315571695547987e-11,1.6777690348135366e-12
in,inner,184,8.7756364124810537e-01,2.8748223015300207e-11,1.8907703056635132e-12,1.5204503121923011e+01,2.8746417333018757e-11,1.1725929043975900e-12,2.4515257789136115e+01,2.6347812820404215e-11,1.1500134178277222e-11
in,inner,185,8.8170831903264202e-01,9.1688943427404729e-12,6.0699624570006637e-13,1.5105355935382635e+01,9.1710730479540671e-12,3.5861647507375991e-13,2.5573485005304814e+01,8.8506979523117479e-12,2.3945290195115376e-12
in,inner,186,8.8579158973483485e-01,9.1944018086643590e-12,6.1260483675382735e-13,1.5008699339341145e+01,9.1971006270749345e-12,3.4455316823219482e-13,2.6692834299747307e+01,8.9963592131425685e-12,1.8980372828991676e-12
in,inner,187,8.8981275370726975e-01,2.9261386822566880e-11,1.9619431155256520e-12,1.4914492979439441e+01,2.9261918710835843e-11,1.0496456761503352e-12,2.7877901443996244e+01,2.8355984227346198e-11,7.2226669090014184e-12
in,inner,188,8.9377112194420105e-01,1.0083526211798866e-11,6.8027606374520566e-13,1.4822697356547893e+01,1.0085407805121330e-11,3.4617633000981640e-13,2.9133730214412239e+01,-1.0075495993078221e-11,4.0234482412415673e-13
in,inner,189,8.9766601619960917e-01,3.1569806810803915e-11,2.1427557225231753e-12,1.4733273830032889e+01,3.1567297698893563e-11,1.0361529911303641e-12,3.0465865532517590e+01,-3.1498359476245241e-11,2.1227464230832993e-12
in,inner,190,9.0149676910341459e-01,3.0965356139559507e-11,2.1142268065694136e-12,1.4646184620941646e+01,3.0964460649855874e-11,9.7126908488963391e-13,3.1880414121668856e+01,-3.0961011532326665e-11,5.1869619710487314e-13
in,inner,191,9.0526272427582755e-01,1.0099942144334926e-11,6.9361099410178984e-13,1.4561392812716466e+01,1.0096566202665062e-11,3.0243624937680991e-13,3.3384113919775530e+01,-9.0327745283502736e-12,4.5186077102243871e-12
in,inner,192,9.0896323643981691e-01,1.8672191019094508e-11,1.2896172755423923e-12,1.4478862351809985e+01,1.8667740723147341e-11,5.3360164534829662e-13,3.4984413721142836e+01,-1.8386181466212292e-11,-3.2556179974108090e-12
in,inner,193,9.1259767153167348e-01,1.3803213739301022e-11,9.5865250500131391e-13,1.4398558046100455e+01,1.3803982592469656e-11,3.7623729430647094e-13,3.6689564807537053e+01,-1.3772982754289842e-11,-9.1304741545172874e-13
in,inner,194,9.1616540680965408e-01,2.4877690866219973e-11,1.7372148621832236e-12,1.4320445563627771e+01,2.4879535185053382e-11,6.4607524926247275e-13,3.8508726674570212e+01,2.4790836050669895e-11,2.0770052344687429e-12
in,inner,195,9.1966583096068610e-01,5.2521825709630160e-11,3.6871674899430845e-12,1.4244491429501320e+01,5.2521198238185401e-11,1.2983556358501493e-12,4.0452089387508288e+01,-5.2447823861712095e-11,-2.7871038810189930e-12
in,inner,196,9.2309834420511150e-01,2.0163447067797223e-11,1.4229007517708135e-12,1.4170663022493748e+01,2.0160220617907746e-11,4.7401220787553125e-13,4.2531015621440552e+01,-2.0063950501025829e-11,2.0006218903745321e-12
in,inner,197,9.2646235839945601e-01,2.6742422981374338e-11,1.8967698748614712e-12,1.4098928571041043e+01,2.6737957345742994e-11,5.9738670692881404e-13,4.4758206092672815e+01,-2.6742164038751071e-11,-1.1768364061026659e-13
in,inner,198,9.2975729713720567e-01,7.9878835147204295e-12,5.6937323409881010e-13,1.4029257148631956e+01,7.9894067978411440e-12,1.6945416452364441e-13,4.7147892884782777e+01,6.8496319727273658e-12,-4.1096015479524795e-12
in,inner,199,9.3298259584757026e-01,5.0195954038486383e-11,3.5952818388053373e-12,1.3961618668306073e+01,5.0196877061831013e-11,1.0096711368838966e-12,4.9716066180470818e+01,5.0010662278054951e-11,4.3089976031751576e-12
in,inner,200,9.3613770189221945e-01,2.3015808047140812e-11,1.6562920804930154e-12,1.3895983877608035e+01,2.3018538656757406e-11,4.3860925262122672e-13,5.2480741159000829e+01,2.2931878618237533e-11,-1.9637624859569769e-12
in,inner,201,9.3922207465997498e-01,1.3775038893939392e-11,9.9585858049607793e-13,1.3832324351794488e+01,1.3771508313223979e-11,2.4830407172535941e-13,5.5462273403459008e+01,-1.3194778603065060e-11,-3.9559466813443578e-12
in,inner,202,9.4223518565944164e-01,2.7606181290904239e-11,2.0047170243447856e-12,1.3770612488277214e+01,2.7603313088693931e-11,4.7037418382189914e-13,5.8683733159865668e+01,2.7383428857774561e-11,3.4998670628283435e-12
in,inner,203,9.4517651860956120e-01,1.3458103106134638e-11,9.8156796122932422e-13,1.3710821499592949e+01,1.3457398163673511e-11,2.1645658125664982e-13,6.2171351342361099e+01,-1.2265743976058729e-11,-5.5382365360401309e-12
in,inner,204,9.4804556952807473e-01,2.9309933026053482e-11,2.1467877507991783e-12,1.3652925406874697e+01,2.9312274453202733e-11,4.4442802975533136e-13,6.5955053441025910e+01,2.8995472689530288e-11,4.2819081613743037e-12
in,inner,205,9.5084184681787720e-01,6.8073425057850195e-12,5.0065404541496089e-13,1.3596899032630084e+01,6.8105014033542397e-12,9.7196927566947993e-14,7.0069101707595166e+01,-6.7332805997466494e-12,1.0014211682118912e-12
in,inner,206,9.5356487135125012e-01,4.1615987501278984e-12,3.0729420430785464e-13,1.3542717993986994e+01,4.1652133389333926e-12,5.5869254363268782e-14,7.4552871456824207e+01,3.9852565691944619e-12,1.1985967773853190e-12
in,inner,207,9.5621417655195817e-01,2.1411833095501412e-11,1.5871952391788816e-12,1.3490358694988647e+01,2.1408357922640689e-11,2.6945090495241327e-13,7.9451794479671690e+01,2.1408652628451819e-11,-3.6903813338540203e-13
in,inner,208,9.5878930847519384e-01,1.6075312605886411e-11,1.1960977555589389e-12,1.3439798320141806e+01,1.6070674334518002e-11,1.8947130714673658e-13,8.4818511976971919e+01,1.6048495865561563e-11,9.2814644858663087e-13
in,inner,209,9.6128982588535861e-01,1.5296355337680272e-11,1.1422849975349052e-12,1.3391014826151434e+01,1.5294009084672835e-11,1.6859536417761461e-13,9.0714291933677671e+01,-1.5265122499386052e-11,-9.7699626167013776e-13
in,inner,210,9.6371530033166697e-01,5.0190609621517229e-11,3.7612903747201620e-12,1.3343986935667361e+01,5.0193413855409362e-11,5.1633586849833720e-13,9.7210782588835400e+01,-5.0182968891476776e-11,-8.7574392182432348e-13
in,inner,211,9.6606531622155911e-01,2.1105528335911909e-12,1.5870376543189344e-13,1.3298694128948810e+01,2.1108082897878816e-12,2.0219981619370721e-14,1.0439219627013556e+02,-2.0214940832374850e-12,6.0662586065518553e-13
in,inner,212,9.6833947089191019e-01,1.4092428627715707e-11,1.0631689642972159e-12,1.3255116638051216e+01,1.4090593148289271e-11,1.2540795531818202e-13,1.1235804867832314e+02,-1.4077627952246985e-11,-6.4570571112199104e-13
in,inner,213,9.7053737467802492e-01,5.9269046098865736e-11,4.4855816257826018e-12,1.3213235438230386e+01,5.9269112546489134e-11,4.8891169269472984e-13,1.2122662115077704e+02,-5.9195315316173946e-11,-2.9554136915521667e-12
in,inner,214,9.7265865098040405e-01,2.5125145335471379e-11,1.9073167721367282e-12,1.3173032242213333e+01,2.5123547477727456e-11,1.9157898196698540e-13,1.3113937249158664e+02,-2.5105251211243740e-11,9.9964481137249095e-13
in,inner,215,9.7470293632927385e-01,8.3080192880886157e-12,6.3253461757981830e-13,1.3134489492253351e+01,8.2989239620053801e-12,5.8333603058221233e-14,1.4226661009988433e+02,-8.2662765521490655e-12,-8.3177909004916728e-13
in,inner,216,9.7666988044686376e-01,3.7447661665899810e-12,2.8591260416745323e-13,1.3097590354557251e+01,3.7451062304138654e-12,2.4190872287408420e-14,1.5481484858911966e+02,-3.6477487697084143e-12,8.4687812318406941e-13
in,inner,217,9.7855914630742480e-01,2.4729593225005488e-11,1.8932008758745781e-12,1.3062318711204625e+01,2.4719803034552761e-11,1.4623947842427166e-13,1.6903645514130858e+02,2.4729551739710587e-11,-4.5297099404706387e-14
in,inner,218,9.8037041019497817e-01,2.6940556590467323e-11,2.0677919553342595e-12,1.3028659155467295e+01,2.6935976934845740e-11,1.4540932520641746e-13,1.8524243129942641e+02,2.6926905150048697e-11,-8.5753626422047091e-13
in,inner,219,9.8210336175878077e-01,4.0614158960055415e-12,3.1249841024561282e-13,1.2996596983688367e+01,4.0666958680159510e-12,1.9952432440090085e-14,2.0381955334151678e+02,4.0589753780295723e-12,-1.4077627952246985e-13
in,inner,220,9.8375770406650365e-01,2.6944615375571533e-12,2.0780788034167217e-13,1.2966118191124377e+01,2.7087455702859470e-12,1.2025312322521176e-14,2.2525365642378949e+02,2.6849633627534786e-12,-2.2604140781368187e-13
in,inner,221,9.8533315365510887e-01,1.0560547641889841e-11,8.1629254524854401e-13,1.2937209464131971e+01,1.0560505950504438e-11,4.2214716883562275e-14,2.5016171444742125e+02,1.0558665053395089e-11,-1.9939605522267811e-13
in,inner,222,9.8682944057941979e-01,7.4057479976210557e-12,5.7365060841377708e-13,1.2909858176737524e+01,7.4054220389879438e-12,2.6510735195596824e-14,2.7933672847435452e+02,7.4038553066202439e-12,1.6742163211347361e-13
in,inner,223,9.8824630845837491e-01,2.4212745654174131e-11,1.8792802865778029e-12,1.2884052382769308e+01,2.4230488404735090e-11,7.7213483688503085e-14,3.1381162003370343e+02,-2.4211743721025414e-11,-2.2026824808563106e-13
in,inner,224,9.8958351451895732e-01,2.3319342655513611e-11,1.8133545970967879e-12,1.2859780813332531e+01,2.3311210840383829e-11,6.5674278508318982e-14,3.5495191374551592e+02,-2.3286261807697883e-11,-1.2416734307407751e-12
in,inner,225,9.9084082963779230e-01,1.5504669793220621e-11,1.2078079063522831e-12,1.2837032868948910e+01,1.5518290210242099e-11,3.8355306099546786e-14,4.0459304822039906e+02,1.5432100042289676e-11,1.4983569940341113e-12
in,inner,226,9.9201803838040703e-01,1.4111731088043325e-11,1.1011199152170407e-12,1.2815798618320127e+01,1.4122956980738871e-11,3.0355716598424434e-14,4.6524867680020117e+02,1.4086509736443986e-11,-8.4332540950526891e-13
in,inner,227,9.9311493903814374e-01,1.2807745307923811e-11,1.0009125082247039e-12,1.2796068789909143e+01,1.2830032998141161e-11,2.3740186455508311e-14,5.4043522455841014e+02,1.2796874671039404e-11,5.2757798130187439e-13
in,inner,228,9.9413134366272160e-01,2.5734840277064508e-11,2.0140219947902443e-12,1.2777834772228857e+01,2.5725179877325823e-11,4.0499770195345937e-14,6.3519323080707386e+02,2.5501378786429996e-11,-3.4585667663122877e-12
in,inner,229,9.9506707809844053e-01,1.7250886554428452e-11,1.3518350266502203e-12,1.2761088605001818e+01,1.7244692013438132e-11,2.2781670996936453e-14,7.5695465954877045e+02,-1.7148060749150318e-11,1.8807178037150152e-12
in,inner,230,9.9592198201202231e-01,2.4758451388072053e-12,1.9424756976942843e-13,1.2745822981188541e+01,2.3880586230049093e-12,2.6040778521568963e-15,9.1704578687113235e+02,2.2026824808563106e-13,-2.4660273822973977e-12
in,inner,231,9.9669590892008231e-01,4.1905841255947413e-12,3.2913712255136122e-13,1.2732031237044094e+01,4.1870669664043863e-12,3.6941898212415245e-15,1.1334195504326353e+03,4.1495695768389851e-12,5.8486548937253247e-13
in,inner,232,9.9738872621422914e-01,1.5302822509677528e-11,1.2030797627431273e-12,1.2719707357378988e+01,1.5349035669420438e-11,1.0689360431690693e-14,1.4359171222176426e+03,1.5301537814593758e-11,-1.9828583219805296e-13
in,inner,233,9.9800031518378574e-01,8.4371716468472037e-12,6.6388180890885629e-13,1.2708845962678780e+01,8.4805740688526736e-12,4.5178250343145379e-15,1.8771364549179316e+03,-8.3764106761918811e-12,1.0107470416187425e-12
in,inner,234,9.9853057103613119e-01,4.2972418999863772e-12,3.3838036282821892e-13,1.2699442320084930e+01,4.2715558574780012e-12,1.6705717413631687e-15,2.5569424836508110e+03,4.1291414731858822e-12,-1.1901590823981678e-12
in,inner,235,9.9897940291465448e-01,1.4114227996011039e-11,1.1121015272608467e-12,1.2691492323344779e+01,1.4034316233027053e-11,3.8091431933409967e-15,3.6843761236283599e+03,1.2215117806135822e-11,7.0712324884425470e-12
in,inner,236,9.9934673391432394e-01,4.5377743063876357e-12,3.5772778751664895e-13,1.2684992513131075e+01,4.5225637189919168e-12,7.8518359627477449e-16,5.7598805431605688e+03,3.6495251265478146e-12,2.6967317268145052e-12
in,inner,237,9.9963250109486412e-01,1.4616124221758597e-11,1.1526966370528295e-12,1.2679940022318922e+01,1.4612803064283754e-11,1.4264747814062803e-15,1.0243996777761346e+04,-1.3917755836700962e-11,-4.4639847374128294e-12
in,inner,238,9.9983665549153922e-01,1.2115815035321087e-11,9.5578235244020859e-13,1.2676332644548410e+01,1.3240783271066372e-11,5.7429395205132312e-16,2.3055759552702166e+04,-4.5892178945905471e-12,-1.1213030504109156e-11
in,inner,240,1.0000000000000000e+00,7.0574858611748849e-11,5.5687181589924273e-12,1.2673447748075343e+01,,,,5.3049120651849080e-11,4.6546766441224463e-11
