s,l,m,a,omega,lambda_gsn,N,r_match,mapping,rel_abs_B_inc,rel_abs_B_ref,rel_complex_B_inc,rel_complex_B_ref,flux_balance_error,score,B_inc_spectral,B_ref_spectral,B_inc_gsn,B_ref_gsn,T_spectral,R_spectral,cond_outer_down,cond_outer_up,cond_inner,status
0,0,0,0.0,0.1,0.0,64,6.0,linear,4.693889955037489e-12,1.1245930460328552e-11,5.808485197660852e-12,1.2147530455060306e-11,1.0477174683387602e-12,1.1245930460328552e-11,8.5621992642377143e-01+3.4049762474137055e+00j,-8.7426391535451520e-01-2.7500251660944355e+00j,8.5621992641614053e-01+3.4049762474326175e+00j,-8.7426391537697690e-01-2.7500251661213468e+00j,0.3244915916400666,0.6755084083588857,56647075.13074873,56647075.13074873,12861087.125857055,ok
0,0,0,0.0,0.1,0.0,80,6.0,linear,1.7821856498646784e-13,7.733568217481086e-12,5.405099070074595e-12,7.88364165709153e-12,6.0467186813184526e-12,7.733568217481086e-12,8.5621992643468736e-01+3.4049762474285989e+00j,-8.7426391537442560e-01-2.7500251660987409e+00j,8.5621992641614053e-01+3.4049762474326175e+00j,-8.7426391537697690e-01-2.7500251661213468e+00j,0.3244915916369047,0.6755084083570486,154240190.3406828,154240190.3406828,34919778.04509943,ok
0,0,0,0.0,0.1,0.0,96,6.0,linear,9.19008252393314e-12,6.83651000806261e-12,1.0908534558929095e-11,1.4992214934573478e-11,4.3860470810841434e-12,9.19008252393314e-12,8.5621992644401945e-01+3.4049762474588783e+00j,-8.7426391541964665e-01-2.7500251661284825e+00j,8.5621992641614053e-01+3.4049762474326175e+00j,-8.7426391537697690e-01-2.7500251661213468e+00j,0.3244915916310562,0.6755084083645578,349794939.6743888,349794939.6743888,79088578.4557255,ok
0,0,0,0.0,0.1,0.0,112,6.0,linear,7.36982463271933e-12,1.606840705156845e-11,7.970373160663512e-12,1.6446644966400105e-11,2.2111201758434618e-12,1.606840705156845e-11,8.5621992639949440e-01+3.4049762474101231e+00j,-8.7426391535328418e-01-2.7500251660802246e+00j,8.5621992641614053e-01+3.4049762474326175e+00j,-8.7426391537697690e-01-2.7500251661213468e+00j,0.32449159164180325,0.6755084083559856,699171322.3354368,699171322.3354368,157973376.89528298,ok
0,0,0,0.0,0.1,0.0,128,6.0,linear,3.06180506533565e-11,4.749391509124125e-11,3.492645228597529e-11,5.579158237175929e-11,1.829203455372408e-12,4.749391509124125e-11,8.5621992633270583e-01+3.4049762473427521e+00j,-8.7426391525494773e-01-2.7500251660163313e+00j,8.5621992641614053e-01+3.4049762474326175e+00j,-8.7426391537697690e-01-2.7500251661213468e+00j,0.32449159165689095,0.6755084083449382,1274044025.9363887,1274044025.9363887,287750041.4518127,ok
0,0,0,0.0,0.1,0.0,160,6.0,linear,5.535438271875293e-11,8.003255094507152e-11,6.358959316161993e-11,9.051695432034531e-11,7.341238728031385e-12,8.003255094507152e-11,8.5621992626217780e-01+3.4049762472709348e+00j,-8.7426391519072011e-01-2.7500251659382240e+00j,8.5621992641614053e-01+3.4049762474326175e+00j,-8.7426391537697690e-01-2.7500251661213468e+00j,0.3244915916729444,0.675508408334397,3473586747.7002177,3473586747.7002177,784232900.1807957,ok
0,0,0,0.0,0.1,0.0,192,6.0,linear,6.555571962669374e-11,7.985264683685223e-11,6.625134088858611e-11,9.024533379320998e-11,1.8471446594503504e-11,7.985264683685223e-11,8.5621992650487277e-01+3.4049762476476353e+00j,-8.7426391556241401e-01-2.7500251663041850e+00j,8.5621992641614053e-01+3.4049762474326175e+00j,-8.7426391537697690e-01-2.7500251661213468e+00j,0.32449159159447577,0.6755084083870528,7884313608.728607,7884313608.728607,1779768928.519324,ok
0,0,0,0.0,0.1,0.0,224,6.0,linear,1.87258382318631e-10,2.5617160013305836e-10,2.0879603924268777e-10,2.7175890832687744e-10,2.3666735238236924e-11,2.5617160013305836e-10,8.5621992689095294e-01+3.4049762479911490e+00j,-8.7426391585040386e-01-2.7500251667465174e+00j,8.5621992641614053e-01+3.4049762474326175e+00j,-8.7426391537697690e-01-2.7500251661213468e+00j,0.3244915915154928,0.6755084084608405,15768523457.033916,15768523457.033916,3559268273.613917,ok
0,0,0,0.0,0.1,0.0,64,8.0,linear,4.266114804729302e-12,1.021590634030147e-11,4.2680753818170845e-12,1.1488753272976562e-11,5.115907697472721e-13,1.021590634030147e-11,8.5621992641293820e-01+3.4049762474179786e+00j,-8.7426391535359127e-01-2.7500251660978479e+00j,8.5621992641614053e-01+3.4049762474326175e+00j,-8.7426391537697690e-01-2.7500251661213468e+00j,0.32449159163978897,0.6755084083596994,62984269.492252514,62984269.492252514,6368366.969351298,ok
0,0,0,0.0,0.1,0.0,80,8.0,linear,3.4248827025206435e-11,4.7778776087232606e-11,3.9807086735709294e-11,5.591242809269796e-11,8.705480780690777e-12,4.7778776087232606e-11,8.5621992631773380e-01+3.4049762473333729e+00j,-8.7426391525534175e-01-2.7500251660153436e+00j,8.5621992641614053e-01+3.4049762474326175e+00j,-8.7426391537697690e-01-2.7500251661213468e+00j,0.3244915916592473,0.6755084083494582,171536331.61648777,171536331.61648777,17184425.96399129,ok
0,0,0,0.0,0.1,0.0,96,8.0,linear,9.316821347294701e-12,1.612919586486752e-11,1.0647861839448662e-11,1.766880117435314e-11,1.6004975122996257e-12,1.612919586486752e-11,8.5621992639061018e-01+3.4049762474053082e+00j,-8.7426391534303871e-01-2.7500251660832973e+00j,8.5621992641614053e-01+3.4049762474326175e+00j,-8.7426391537697690e-01-2.7500251661213468e+00j,0.32449159164306685,0.6755084083585338,389082785.1275958,389082785.1275958,38803154.8732445,ok
0,0,0,0.0,0.1,0.0,112,8.0,linear,1.299933043247286e-11,2.302434014601101e-12,1.631611589289251e-11,8.531569175183035e-12,1.813005301443127e-11,1.813005301443127e-11,8.5621992646084633e-01+3.4049762474684369e+00j,-8.7426391540158133e-01-2.7500251661204964e+00j,8.5621992641614053e-01+3.4049762474326175e+00j,-8.7426391537697690e-01-2.7500251661213468e+00j,0.324491591628584,0.675508408353286,777790414.6227016,777790414.6227016,77379302.06719752,ok
0,0,0,0.0,0.1,0.0,128,8.0,linear,1.1422557805701172e-11,2.4853236999798825e-11,1.2117974017907561e-11,2.567671630557158e-11,5.974110095507967e-12,2.4853236999798825e-11,8.5621992639258326e-01+3.4049762473971885e+00j,-8.7426391533750947e-01-2.7500251660586392e+00j,8.5621992641614053e-01+3.4049762474326175e+00j,-8.7426391537697690e-01-2.7500251661213468e+00j,0.32449159164443336,0.6755084083495926,1417430073.0244784,1417430073.0244784,140810958.23764282,ok
0,0,0,0.0,0.1,0.0,160,8.0,linear,1.6937796287066644e-10,2.0698529370042495e-10,1.8164541048509184e-10,2.2107349274337012e-10,6.38733510527345e-11,2.0698529370042495e-10,8.5621992604767627e-01+3.4049762469120761e+00j,-8.7426391498245881e-01-2.7500251656200247e+00j,8.5621992641614053e-01+3.4049762474326175e+00j,-8.7426391537697690e-01-2.7500251661213468e+00j,0.3244915917469438,0.6755084083169296,3864995827.06888,3864995827.06888,383379774.31196743,ok
0,0,0,0.0,0.1,0.0,192,8.0,linear,2.2330975921581907e-10,2.8107623830663413e-10,2.3164992223881468e-10,2.9288052397400853e-10,7.16386949761727e-11,2.8107623830663413e-10,8.5621992601519481e-01+3.4049762467249955e+00j,-8.7426391490488475e-01-2.7500251654203414e+00j,8.5621992641614053e-01+3.4049762474326175e+00j,-8.7426391537697690e-01-2.7500251661213468e+00j,0.32449159178194464,0.6755084082896942,8773461323.28622,8773461323.28622,869649185.6303766,ok
0,0,0,0.0,0.1,0.0,224,8.0,linear,5.438335083557258e-11,7.814655877550153e-11,5.6257735471406566e-11,7.844440455174582e-11,1.5685230891904212e-12,7.814655877550153e-11,8.5621992651173873e-01+3.4049762476054615e+00j,-8.7426391546407778e-01-2.7500251663302815e+00j,8.5621992641614053e-01+3.4049762474326175e+00j,-8.7426391537697690e-01-2.7500251661213468e+00j,0.32449159160172647,0.6755084083998419,17547866886.491745,17547866886.491745,1738734442.4921007,ok
0,0,0,0.0,0.1,0.0,64,10.0,linear,9.936728506271763e-12,1.6826651312643217e-11,1.031514514714418e-11,1.871795592715817e-11,1.8984813721090177e-12,1.6826651312643217e-11,8.5621992639820665e-01+3.4049762474011533e+00j,-8.7426391533971826e-01-2.7500251660822412e+00j,8.5621992641614053e-01+3.4049762474326175e+00j,-8.7426391537697690e-01-2.7500251661213468e+00j,0.32449159164346913,0.6755084083584293,66827994.53566278,66827994.53566278,3844912.8603734905,ok
0,0,0,0.0,0.1,0.0,80,10.0,linear,1.0036652329081777e-11,1.790576817049917e-11,1.0121789608850022e-11,2.0657310628193108e-11,6.403766406037903e-13,1.790576817049917e-11,8.5621992640308575e-01+3.4049762473995648e+00j,-8.7426391533299463e-01-2.7500251660811115e+00j,8.5621992641614053e-01+3.4049762474326175e+00j,-8.7426391537697690e-01-2.7500251661213468e+00j,0.32449159164353397,0.6755084083571065,182023679.53726137,182023679.53726137,10257808.164198082,ok
0,0,0,0.0,0.1,0.0,96,10.0,linear,3.407275871969816e-12,5.774167784762604e-13,8.425366953124642e-12,7.520273195739926e-12,2.8367308502197375e-12,3.407275871969816e-12,8.5621992644529543e-01+3.4049762474376220e+00j,-8.7426391535585224e-01-2.7500251661263144e+00j,8.5621992641614053e-01+3.4049762474326175e+00j,-8.7426391537697690e-01-2.7500251661213468e+00j,0.3244915916348091,0.6755084083623542,412901345.1842629,412901345.1842629,23032383.106213868,ok
0,0,0,0.0,0.1,0.0,112,10.0,linear,7.106607575418521e-12,7.501801248295253e-12,7.513330658266612e-12,7.6136737914962e-12,6.799005802804459e-13,7.501801248295253e-12,8.5621992643052780e-01+3.4049762474547278e+00j,-8.7426391537995929e-01-2.7500251661431139e+00j,8.5621992641614053e-01+3.4049762474326175e+00j,-8.7426391537697690e-01-2.7500251661213468e+00j,0.32449159163240826,0.6755084083682715,825448039.5169997,825448039.5169997,45788767.58946337,ok
0,0,0,0.0,0.1,0.0,128,10.0,linear,7.99348842149064e-11,1.012877057804847e-10,8.026955631898136e-11,1.0678492391212648e-10,2.7786439815713493e-11,1.012877057804847e-10,8.5621992632276256e-01+3.4049762471667120e+00j,-8.7426391519541735e-01-2.7500251658723713e+00j,8.5621992641614053e-01+3.4049762474326175e+00j,-8.7426391537697690e-01-2.7500251661213468e+00j,0.32449159168889674,0.6755084083388897,1504340687.3577447,1504340687.3577447,83173025.60003135,ok
0,0,0,0.0,0.1,0.0,160,10.0,linear,1.6970986174541767e-11,2.8251100819622212e-11,1.721545722911416e-11,2.8814627582356704e-11,5.322409180053e-13,2.8251100819622212e-11,8.5621992639176581e-01+3.4049762473773071e+00j,-8.7426391533668457e-01-2.7500251660486126e+00j,8.5621992641614053e-01+3.4049762474326175e+00j,-8.7426391537697690e-01-2.7500251661213468e+00j,0.32449159164803426,0.6755084083524979,4102214265.875861,4102214265.875861,226026910.24687642,ok
0,0,0,0.0,0.1,0.0,192,10.0,linear,6.264818935462566e-11,8.468681950356234e-11,6.323498325453146e-11,8.803313566455185e-11,1.5641266060129055e-11,8.468681950356234e-11,8.5621992639176536e-01+3.4049762472119429e+00j,-8.7426391523682412e-01-2.7500251659094745e+00j,8.5621992641614053e-01+3.4049762474326175e+00j,-8.7426391537697690e-01-2.7500251661213468e+00j,0.324491591677678,0.6755084083379633,9312300534.32864,9312300534.32864,512272344.9253866,ok
0,0,0,0.0,0.1,0.0,224,10.0,linear,6.166337051361455e-11,1.033448300016713e-10,6.479493810741131e-11,1.0589176611957167e-10,1.1535772337367689e-11,1.033448300016713e-10,8.5621992643110334e-01+3.4049762472056164e+00j,-8.7426391522314295e-01-2.7500251658573278e+00j,8.5621992641614053e-01+3.4049762474326175e+00j,-8.7426391537697690e-01-2.7500251661213468e+00j,0.3244915916770389,0.6755084083114253,18626106791.588783,18626106791.588783,1023754741.0911939,ok
0,0,0,0.0,0.1,0.0,64,12.0,linear,3.852253098103524e-12,9.017366396065565e-12,4.14348007689088e-12,9.943501357426355e-12,2.7977620220553945e-13,9.017366396065565e-12,8.5621992640764544e-01+3.4049762474208078e+00j,-8.7426391535756964e-01-2.7500251661002122e+00j,8.5621992641614053e-01+3.4049762474326175e+00j,-8.7426391537697690e-01-2.7500251661213468e+00j,0.3244915916395204,0.6755084083607593,69417554.87906054,69417554.87906054,2627187.990605265,ok
0,0,0,0.0,0.1,0.0,80,12.0,linear,3.0202291658955848e-12,7.623378874893399e-12,3.026127128763237e-12,9.198968343800585e-12,4.991562718714704e-13,7.623378874893399e-12,8.5621992641290601e-01+3.4049762474224972e+00j,-8.7426391535615389e-01-2.7500251661048836e+00j,8.5621992641614053e-01+3.4049762474326175e+00j,-8.7426391537697690e-01-2.7500251661213468e+00j,0.32449159163898045,0.6755084083615187,189087887.58222485,189087887.58222485,6886436.529513095,ok
0,0,0,0.0,0.1,0.0,96,12.0,linear,1.619006252640376e-11,1.5176889088425333e-11,1.6233612994315647e-11,1.5178484532069563e-11,7.118083900081729e-12,1.619006252640376e-11,8.5621992643404810e-01+3.4049762474867271e+00j,-8.7426391539084636e-01-2.7500251661628927e+00j,8.5621992641614053e-01+3.4049762474326175e+00j,-8.7426391537697690e-01-2.7500251661213468e+00j,0.32449159162651325,0.6755084083663686,428942782.4696688,428942782.4696688,15323031.391813561,ok
0,0,0,0.0,0.1,0.0,112,12.0,linear,1.2914837883565152e-11,1.823556671961288e-11,1.3537709640958495e-11,1.8761637585083455e-11,5.950795411990839e-12,1.823556671961288e-11,8.5621992639126054e-01+3.4049762473921188e+00j,-8.7426391534890213e-01-2.7500251660750554e+00j,8.5621992641614053e-01+3.4049762474326175e+00j,-8.7426391537697690e-01-2.7500251661213468e+00j,0.32449159164540187,0.6755084083605489,857541444.9615308,857541444.9615308,30309352.327601325,ok
0,0,0,0.0,0.1,0.0,128,12.0,linear,3.6134857559282534e-11,5.2281149560340674e-11,3.7111055261152025e-11,5.4245559195972505e-11,6.394662577235977e-12,5.2281149560340674e-11,8.5621992641399336e-01+3.4049762473023391e+00j,-8.7426391529148861e-01-2.7500251659902188e+00j,8.5621992641614053e-01+3.4049762474326175e+00j,-8.7426391537697690e-01-2.7500251661213468e+00j,0.32449159166047126,0.6755084083459234,1562862757.598215,1562862757.598215,54890719.64072486,ok
0,0,0,0.0,0.1,0.0,160,12.0,linear,5.094483295824318e-11,6.29441229959176e-11,5.2108148731211433e-11,6.422266708876155e-11,2.1608936862094197e-11,6.29441229959176e-11,8.5621992633523880e-01+3.4049762472685265e+00j,-8.7426391535701120e-01-2.7500251659371013e+00j,8.5621992641614053e-01+3.4049762474326175e+00j,-8.7426391537697690e-01-2.7500251661213468e+00j,0.32449159167008274,0.6755084083515263,4261929289.6259446,4261929289.6259446,148703975.695958,ok
0,0,0,0.0,0.1,0.0,192,12.0,linear,4.747469361799922e-11,6.426408667102179e-11,4.877282601241594e-11,6.427489049457172e-11,1.2885692513009417e-11,6.426408667102179e-11,8.5621992641355182e-01+3.4049762472613967e+00j,-8.7426391531755265e-01-2.7500251659456492e+00j,8.5621992641614053e-01+3.4049762474326175e+00j,-8.7426391537697690e-01-2.7500251661213468e+00j,0.32449159166783065,0.6755084083450551,9675065775.977297,9675065775.977297,336542933.5885518,ok
0,0,0,0.0,0.1,0.0,224,12.0,linear,2.7862429889129966e-11,3.185241479433516e-11,3.297889478965644e-11,3.1975787367186366e-11,7.934097823181219e-12,3.185241479433516e-11,8.5621992637992184e-01+3.4049762475425953e+00j,-8.7426391539710469e-01-2.7500251662113957e+00j,8.5621992641614053e-01+3.4049762474326175e+00j,-8.7426391537697690e-01-2.7500251661213468e+00j,0.3244915916189381,0.6755084083731279,19351971096.68153,19351971096.68153,672067613.6117547,ok
0,0,0,0.0,0.1,0.0,64,15.0,linear,6.293935978514293e-13,5.5371683607611534e-12,1.969680195495286e-12,6.472884475390997e-12,1.4643841694805815e-12,5.5371683607611534e-12,8.5621992640924649e-01+3.4049762474320731e+00j,-8.7426391536291725e-01-2.7500251661090500e+00j,8.5621992641614053e-01+3.4049762474326175e+00j,-8.7426391537697690e-01-2.7500251661213468e+00j,0.32449159163742886,0.6755084083611068,72035046.50784665,72035046.50784665,1741063.8585205355,ok
0,0,0,0.0,0.1,0.0,80,15.0,linear,1.9161215181855944e-11,2.8036262380722196e-11,1.9178926841865572e-11,2.8171304949970616e-11,5.2027271379984086e-12,2.8036262380722196e-11,8.5621992640254652e-01+3.4049762473666672e+00j,-8.7426391534489145e-01-2.7500251660466541e+00j,8.5621992641614053e-01+3.4049762474326175e+00j,-8.7426391537697690e-01-2.7500251661213468e+00j,0.3244915916494557,0.6755084083557471,196226873.46090958,196226873.46090958,4394790.114865745,ok
0,0,0,0.0,0.1,0.0,96,15.0,linear,7.076250971020542e-12,1.3463567927770692e-11,7.077377383267017e-12,1.3770861196485727e-11,7.209788321915767e-13,1.3463567927770692e-11,8.5621992641052624e-01+3.4049762474084115e+00j,-8.7426391535725057e-01-2.7500251660868509e+00j,8.5621992641614053e-01+3.4049762474326175e+00j,-8.7426391537697690e-01-2.7500251661213468e+00j,0.32449159164161273,0.6755084083591083,445151117.3225379,445151117.3225379,9576632.47091423,ok
0,0,0,0.0,0.1,0.0,112,15.0,linear,1.776367300688399e-11,1.6356807649346837e-11,1.994069444320477e-11,1.9913882369495664e-11,8.671063866927398e-12,1.776367300688399e-11,8.5621992640050149e-01+3.4049762475008598e+00j,-8.7426391536004078e-01-2.7500251661762589e+00j,8.5621992641614053e-01+3.4049762474326175e+00j,-8.7426391537697690e-01-2.7500251661213468e+00j,0.324491591625492,0.6755084083658369,889965419.3973249,889965419.3973249,18715023.92874974,ok
0,0,0,0.0,0.1,0.0,128,15.0,linear,2.7472347522615937e-11,2.7961315160274987e-11,3.017362925969492e-11,3.1718557398417476e-11,1.2410406036167387e-11,2.7961315160274987e-11,8.5621992639717370e-01+3.4049762475368448e+00j,-8.7426391536024217e-01-2.7500251662113326e+00j,8.5621992641614053e-01+3.4049762474326175e+00j,-8.7426391537697690e-01-2.7500251661213468e+00j,0.3244915916191913,0.6755084083683983,1621983260.893689,1621983260.893689,33644581.967818126,ok
0,0,0,0.0,0.1,0.0,160,15.0,linear,4.9358194435042146e-11,6.257184922535949e-11,5.155065777168195e-11,6.59056790287435e-11,1.8938850487870695e-11,6.257184922535949e-11,8.5621992642452616e-01+3.4049762472518186e+00j,-8.7426391537918680e-01-2.7500251659311790e+00j,8.5621992641614053e-01+3.4049762474326175e+00j,-8.7426391537697690e-01-2.7500251661213468e+00j,0.324491591669053,0.6755084083498858,4423258338.48126,4423258338.48126,90438220.68162476,ok
0,0,0,0.0,0.1,0.0,192,15.0,linear,5.161761120321338e-12,1.0603415788116828e-12,7.952174718393691e-12,1.0956283984379354e-11,4.133138276074533e-12,5.161761120321338e-12,8.5621992639996258e-01+3.4049762474553726e+00j,-8.7426391534791525e-01-2.7500251661337964e+00j,8.5621992641614053e-01+3.4049762474326175e+00j,-8.7426391537697690e-01-2.7500251661213468e+00j,0.3244915916336704,0.6755084083621965,10041465659.036875,10041465659.036875,203934506.63337716,ok
0,0,0,0.0,0.1,0.0,224,15.0,linear,1.4957103741609514e-10,1.7466795990614927e-10,1.6545966903723998e-10,2.0061630338996142e-10,6.792078011130798e-11,1.7466795990614927e-10,8.5621992652897350e-01+3.4049762468627551e+00j,-8.7426391549564741e-01-2.7500251655547321e+00j,8.5621992641614053e-01+3.4049762474326175e+00j,-8.7426391537697690e-01-2.7500251661213468e+00j,0.3244915917340894,0.6755084083338314,20085090178.359768,20085090178.359768,406480922.1011202,ok
0,0,0,0.0,0.1,0.0,64,20.0,linear,9.830480390878837e-12,1.6677988037587762e-11,1.049462005826752e-11,1.6679531168083994e-11,1.886268918838141e-12,1.6677988037587762e-11,8.5621992642023437e-01+3.4049762473959992e+00j,-8.7426391536178416e-01-2.7500251660756763e+00j,8.5621992641614053e-01+3.4049762474326175e+00j,-8.7426391537697690e-01-2.7500251661213468e+00j,0.3244915916434002,0.675508408358486,74685894.25799656,74685894.25799656,1159822.8114363023,ok
0,0,0,0.0,0.1,0.0,80,20.0,linear,3.2323459391264626e-12,9.125247302705186e-12,3.334985518084698e-12,1.1018971484989398e-11,1.1056711102241934e-12,9.125247302705186e-12,8.5621992641057698e-01+3.4049762474223146e+00j,-8.7426391535201387e-01-2.7500251661016519e+00j,8.5621992641614053e-01+3.4049762474326175e+00j,-8.7426391537697690e-01-2.7500251661213468e+00j,0.3244915916391181,0.6755084083597762,203454608.970015,203454608.970015,2715323.2839038386,ok
0,0,0,0.0,0.1,0.0,96,20.0,linear,3.132169144613132e-12,8.500738430888378e-12,3.1395322539245844e-12,1.0070203145827297e-11,4.626299343613027e-13,8.500738430888378e-12,8.5621992641419120e-01+3.4049762474217684e+00j,-8.7426391535469850e-01-2.7500251661026893e+00j,8.5621992641614053e-01+3.4049762474326175e+00j,-8.7426391537697690e-01-2.7500251661213468e+00j,0.32449159163905306,0.6755084083604843,461558269.0619809,461558269.0619809,5626256.066229118,ok
0,0,0,0.0,0.1,0.0,112,20.0,linear,1.098516973066696e-11,1.7782343795142574e-11,1.1836653503906139e-11,1.7879430493770233e-11,2.7040591987770313e-12,1.7782343795142574e-11,8.5621992642174494e-01+3.4049762473914389e+00j,-8.7426391536654657e-01-2.7500251660708184e+00j,8.5621992641614053e-01+3.4049762474326175e+00j,-8.7426391537697690e-01-2.7500251661213468e+00j,0.32449159164414954,0.6755084083585546,922783139.2511102,922783139.2511102,10642578.32833242,ok
0,0,0,0.0,0.1,0.0,128,20.0,linear,1.6845891667251763e-11,2.4516820934300663e-11,1.9068617040076615e-11,2.673999375402474e-11,5.326850072151501e-12,2.4516820934300663e-11,8.5621992643213951e-01+3.4049762473676077e+00j,-8.7426391538489812e-01-2.7500251660445922e+00j,8.5621992641614053e-01+3.4049762474326175e+00j,-8.7426391537697690e-01-2.7500251661213468e+00j,0.32449159164795305,0.6755084083573739,1681815372.3594081,1681815372.3594081,18731332.653869156,ok
0,0,0,0.0,0.1,0.0,160,20.0,linear,3.754606020623358e-12,6.19584208460934e-13,6.908328971305074e-12,1.68204160396926e-11,3.588462860193431e-12,3.754606020623358e-12,8.5621992643910050e-01+3.4049762474404370e+00j,-8.7426391533020997e-01-2.7500251661343382e+00j,8.5621992641614053e-01+3.4049762474326175e+00j,-8.7426391537697690e-01-2.7500251661213468e+00j,0.3244915916345837,0.6755084083618279,4586509033.554009,4586509033.554009,49173445.949989386,ok
0,0,0,0.0,0.1,0.0,192,20.0,linear,1.4000212976644556e-11,2.0535846193995784e-11,1.5272417923065895e-11,2.6229759365010528e-11,5.013989223812132e-12,2.0535846193995784e-11,8.5621992642493239e-01+3.4049762473797220e+00j,-8.7426391540389847e-01-2.7500251660506065e+00j,8.5621992641614053e-01+3.4049762474326175e+00j,-8.7426391537697690e-01-2.7500251661213468e+00j,0.32449159164610625,0.6755084083589078,10412190954.668135,10412190954.668135,109617253.78173718,ok
0,0,0,0.0,0.1,0.0,224,20.0,linear,2.6832455599076875e-11,2.2387365720074647e-11,4.91657606495076e-11,5.7498700577900236e-11,1.866151677631933e-11,2.6832455599076875e-11,8.5621992629883625e-01+3.4049762475592562e+00j,-8.7426391525090419e-01-2.7500251662292148e+00j,8.5621992641614053e-01+3.4049762474326175e+00j,-8.7426391537697690e-01-2.7500251661213468e+00j,0.32449159161960656,0.6755084083617319,20826815827.121323,20826815827.121323,217156077.55377197,ok
0,0,0,0.0,0.1,0.0,64,25.0,linear,4.83891230825625e-10,5.828648412094262e-10,1.8938313903249617e-09,2.2962314044017362e-09,1.7556445186528435e-10,5.828648412094262e-10,8.5621993306486299e-01+3.4049762475125438e+00j,-8.7426392199442626e-01-2.7500251657824788e+00j,8.5621992641614053e-01+3.4049762474326175e+00j,-8.7426391537697690e-01-2.7500251661213468e+00j,0.32449159132298305,0.6755084085014524,76294323.21715021,76294323.21715021,939439.905048752,ok
0,0,0,0.0,0.1,0.0,80,25.0,linear,6.06132849731478e-12,1.1759480510908317e-11,6.119400243659637e-12,1.2457800950456809e-11,9.9342756243459e-13,1.1759480510908317e-11,8.5621992641381550e-01+3.4049762474112586e+00j,-8.7426391535538706e-01-2.7500251660926032e+00j,8.5621992641614053e-01+3.4049762474326175e+00j,-8.7426391537697690e-01-2.7500251661213468e+00j,0.32449159164095404,0.6755084083600394,207839038.69379482,207839038.69379482,2070722.470622706,ok
0,0,0,0.0,0.1,0.0,96,25.0,linear,4.880456586233401e-12,1.0407044836801341e-11,4.883555655550382e-12,1.0980339309883281e-11,4.585221091701897e-13,1.0407044836801341e-11,8.5621992641256151e-01+3.4049762474158491e+00j,-8.7426391535824877e-01-2.7500251660957886e+00j,8.5621992641614053e-01+3.4049762474326175e+00j,-8.7426391537697690e-01-2.7500251661213468e+00j,0.3244915916401877,0.6755084083602708,471509391.0933409,471509391.0933409,4071200.4071318917,ok
0,0,0,0.0,0.1,0.0,112,25.0,linear,1.9404194502891437e-12,7.52011484014991e-12,3.933799202949998e-12,9.857511993612282e-12,1.5210055437364645e-12,7.52011484014991e-12,8.5621992640282751e-01+3.4049762474289405e+00j,-8.7426391535287584e-01-2.7500251661062380e+00j,8.5621992641614053e-01+3.4049762474326175e+00j,-8.7426391537697690e-01-2.7500251661213468e+00j,0.3244915916382796,0.6755084083601994,942685036.546823,942685036.546823,7391863.314207208,ok
0,0,0,0.0,0.1,0.0,128,25.0,linear,5.136843407544664e-12,1.0208057658078045e-11,5.839938853828433e-12,1.1794629618809017e-11,1.2403411631112249e-12,1.0208057658078045e-11,8.5621992642120170e-01+3.4049762474127481e+00j,-8.7426391535180425e-01-2.7500251660984398e+00j,8.5621992641614053e-01+3.4049762474326175e+00j,-8.7426391537697690e-01-2.7500251661213468e+00j,0.32449159164035407,0.6755084083608863,1718097251.789606,1718097251.789606,12622340.007107468,ok
0,0,0,0.0,0.1,0.0,160,25.0,linear,5.623813936428909e-12,1.1164365723496884e-11,7.568735202935862e-12,1.3233648565099765e-11,9.2237328885858e-13,1.1164365723496884e-11,8.5621992639407729e-01+3.4049762474178062e+00j,-8.7426391534767622e-01-2.7500251660968567e+00j,8.5621992641614053e-01+3.4049762474326175e+00j,-8.7426391537697690e-01-2.7500251661213468e+00j,0.3244915916406701,0.6755084083602522,4685492247.65226,4685492247.65226,31913251.22082894,ok
0,0,0,0.0,0.1,0.0,192,25.0,linear,4.0543774890534e-12,1.0389346827866167e-11,4.220825114657639e-12,1.1199635643698419e-11,1.1696199564426024e-12,1.0389346827866167e-11,8.5621992640867184e-01+3.4049762474198180e+00j,-8.7426391535639181e-01-2.7500251660964325e+00j,8.5621992641614053e-01+3.4049762474326175e+00j,-8.7426391537697690e-01-2.7500251661213468e+00j,0.3244915916396516,0.6755084083591788,10636957753.749748,10636957753.749748,69741795.61357799,ok
0,0,0,0.0,0.1,0.0,224,25.0,linear,8.448748947364164e-12,1.8273578964891034e-12,1.4370283007657358e-11,1.4678918748672167e-11,9.670819700602351e-12,9.670819700602351e-12,8.5621992638379452e-01+3.4049762474713385e+00j,-8.7426391533852110e-01-2.7500251661391055e+00j,8.5621992641614053e-01+3.4049762474326175e+00j,-8.7426391537697690e-01-2.7500251661213468e+00j,0.3244915916315373,0.6755084083587919,21276470696.439926,21276470696.439926,136645438.63149968,ok
0,0,0,0.0,0.1,0.0,64,30.0,linear,1.1841141646572664e-07,1.4383335191153391e-07,1.2413519236425723e-07,1.5082528526061026e-07,4.249678764445264e-08,1.4383335191153391e-07,8.5622015467062573e-01+3.4049766187182091e+00j,-8.7426416594837475e-01-2.7500255219840182e+00j,8.5621992641614053e-01+3.4049762474326175e+00j,-8.7426391537697690e-01-2.7500251661213468e+00j,0.324491514790016,0.6755084427131963,77374468.29286335,77374468.29286335,834417.0379384242,ok
0,0,0,0.0,0.1,0.0,80,30.0,linear,1.8220413417221916e-11,1.4620094337751796e-11,1.293303678690217e-10,1.6177979803561368e-10,1.193123377873917e-11,1.8220413417221916e-11,8.5621992599576657e-01+3.4049762476042886e+00j,-8.7426391494668054e-01-2.7500251663024118e+00j,8.5621992641614053e-01+3.4049762474326175e+00j,-8.7426391537697690e-01-2.7500251661213468e+00j,0.3244915916251956,0.6755084083628732,210782908.1803192,210782908.1803192,1772083.9643576927,ok
0,0,0,0.0,0.1,0.0,96,30.0,linear,3.893487485744112e-12,9.640797997773275e-12,3.982705036368957e-12,1.0700294777809583e-11,4.800604358479177e-13,9.640797997773275e-12,8.5621992641566314e-01+3.4049762474186425e+00j,-8.7426391535578152e-01-2.7500251660988932e+00j,8.5621992641614053e-01+3.4049762474326175e+00j,-8.7426391537697690e-01-2.7500251661213468e+00j,0.32449159163954716,0.6755084083599728,478190211.1210116,478190211.1210116,3349037.342336573,ok
0,0,0,0.0,0.1,0.0,112,30.0,linear,8.448116518105873e-12,1.468534612721713e-11,9.416592141223898e-12,1.5939836429191906e-11,1.8138823776325808e-12,1.468534612721713e-11,8.5621992639474365e-01+3.4049762474074137e+00j,-8.7426391534709269e-01-2.7500251660863806e+00j,8.5621992641614053e-01+3.4049762474326175e+00j,-8.7426391537697690e-01-2.7500251661213468e+00j,0.324491591642503,0.6755084083593109,956045392.6021172,956045392.6021172,5858466.916407888,ok
0,0,0,0.0,0.1,0.0,128,30.0,linear,4.990752248879391e-12,1.0789783516990695e-11,6.271859337125852e-12,1.2326676836140613e-11,1.6231460620019789e-13,1.0789783516990695e-11,8.5621992639893352e-01+3.4049762474188765e+00j,-8.7426391535115244e-01-2.7500251660968855e+00j,8.5621992641614053e-01+3.4049762474326175e+00j,-8.7426391537697690e-01-2.7500251661213468e+00j,0.32449159164025926,0.6755084083599031,1742452194.8117206,1742452194.8117206,9688477.651943445,ok
0,0,0,0.0,0.1,0.0,160,30.0,linear,3.965078477782679e-12,7.850067284993487e-12,4.5993252042460906e-12,7.864911114292502e-12,2.0825563495918686e-12,7.850067284993487e-12,8.5621992642068157e-01+3.4049762474171210e+00j,-8.7426391536878478e-01-2.7500251661001816e+00j,8.5621992641614053e-01+3.4049762474326175e+00j,-8.7426391537697690e-01-2.7500251661213468e+00j,0.3244915916395936,0.6755084083624889,4751930812.242871,4751930812.242871,23384265.346463736,ok
0,0,0,0.0,0.1,0.0,192,30.0,linear,8.875512210859083e-12,5.326485106567657e-12,1.3397289768525459e-11,8.00621526502213e-12,5.79680747847533e-12,8.875512210859083e-12,8.5621992645791045e-01+3.4049762474542464e+00j,-8.7426391539807136e-01-2.7500251661307691e+00j,8.5621992641614053e-01+3.4049762474326175e+00j,-8.7426391537697690e-01-2.7500251661213468e+00j,0.3244915916312603,0.6755084083629429,10787817870.603077,10787817870.603077,49695741.93697132,ok
0,0,0,0.0,0.1,0.0,224,30.0,linear,1.1833257366035495e-11,1.7294032644261663e-11,1.2515965365404169e-11,1.9116292640657058e-11,5.0597304124266884e-12,1.7294032644261663e-11,8.5621992639212563e-01+3.4049762473958167e+00j,-8.7426391533945769e-01-2.7500251660809085e+00j,8.5621992641614053e-01+3.4049762474326175e+00j,-8.7426391537697690e-01-2.7500251661213468e+00j,0.32449159164469993,0.6755084083603599,21578299813.20157,21578299813.20157,95764303.7811725,ok
0,0,0,0.0,0.1,0.0,64,40.0,linear,2.5785459473007156e-06,3.222011392968021e-06,4.696626748839586e-05,5.706701296436667e-05,8.040910504103493e-07,3.222011392968021e-06,8.5606245524497715e-01+3.4050251764298745e+00j,-8.7411004520742086e-01-2.7500838343961069e+00j,8.5621992641614053e-01+3.4049762474326175e+00j,-8.7426391537697690e-01-2.7500251661213468e+00j,0.32448991821053574,0.6755092776984138,78733479.64050783,78733479.64050783,736069.350361969,ok
0,0,0,0.0,0.1,0.0,80,40.0,linear,1.8193845190566954e-07,2.2044966342494826e-07,1.8447422499780127e-07,2.2414837899301955e-07,6.605048286090209e-08,2.2044966342494826e-07,8.5621987442656755e-01+3.4049756018373967e+00j,-8.7426383416401798e-01-2.7500245244263239e+00j,8.5621992641614053e-01+3.4049762474326175e+00j,-8.7426391537697690e-01-2.7500251661213468e+00j,0.3244917097120482,0.6755083563384346,214486152.567336,214486152.567336,1508062.26759536,ok
0,0,0,0.0,0.1,0.0,96,40.0,linear,1.4020248335547222e-10,1.8798717363930091e-10,6.126317126623377e-10,7.364442120266494e-10,2.167310775291753e-11,1.8798717363930091e-10,8.5621992856682094e-01+3.4049762473993770e+00j,-8.7426391749947441e-01-2.7500251660157993e+00j,8.5621992641614053e-01+3.4049762474326175e+00j,-8.7426391537697690e-01-2.7500251661213468e+00j,0.3244915915460313,0.6755084084322956,486593510.8911435,486593510.8911435,2733254.4003832745,ok
0,0,0,0.0,0.1,0.0,112,40.0,linear,3.5760079980819155e-12,8.338224540144526e-12,5.155230880400953e-12,9.165486521766498e-12,6.448175327022909e-13,8.338224540144526e-12,8.5621992640043498e-01+3.4049762474236207e+00j,-8.7426391535922288e-01-2.7500251661017430e+00j,8.5621992641614053e-01+3.4049762474326175e+00j,-8.7426391537697690e-01-2.7500251661213468e+00j,0.3244915916393411,0.6755084083613038,972849156.3337259,972849156.3337259,4565636.556272206,ok
0,0,0,0.0,0.1,0.0,128,40.0,linear,1.0953674753604056e-13,4.986991126472073e-12,4.977594180337823e-13,6.682695568975123e-12,1.7604806501481107e-12,4.986991126472073e-12,8.5621992641770006e-01+3.4049762474318288e+00j,-8.7426391536038384e-01-2.7500251661115214e+00j,8.5621992641614053e-01+3.4049762474326175e+00j,-8.7426391537697690e-01-2.7500251661213468e+00j,0.3244915916370914,0.6755084083611481,1773082656.0108557,1773082656.0108557,7202255.923929166,ok
0,0,0,0.0,0.1,0.0,160,40.0,linear,9.085352238760113e-12,5.682292034029574e-12,1.0387900072747772e-11,1.3681002980140415e-11,5.735856234423409e-12,9.085352238760113e-12,8.5621992644106781e-01+3.4049762474592411e+00j,-8.7426391534772030e-01-2.7500251661478536e+00j,8.5621992641614053e-01+3.4049762474326175e+00j,-8.7426391537697690e-01-2.7500251661213468e+00j,0.3244915916311241,0.6755084083631401,4835481686.097626,4835481686.097626,15948532.2701056,ok
0,0,0,0.0,0.1,0.0,192,40.0,linear,2.615221468885883e-11,3.6314005899027395e-11,2.6711473257683503e-11,3.6575150378030913e-11,8.001599383078428e-12,3.6314005899027395e-11,8.5621992641226374e-01+3.4049762473389142e+00j,-8.7426391533323022e-01-2.7500251660252970e+00j,8.5621992641614053e-01+3.4049762474326175e+00j,-8.7426391537697690e-01-2.7500251661213468e+00j,0.32449159165399266,0.6755084083540089,10977524441.925014,10977524441.925014,31726142.11994128,ok
0,0,0,0.0,0.1,0.0,224,40.0,linear,2.0218889873422194e-11,2.7828810936855993e-11,2.0270345928928103e-11,2.786542713939031e-11,7.598588425139496e-12,2.7828810936855993e-11,8.5621992639391009e-01+3.4049762473650098e+00j,-8.7426391535657022e-01-2.7500251660435695e+00j,8.5621992641614053e-01+3.4049762474326175e+00j,-8.7426391537697690e-01-2.7500251661213468e+00j,0.3244915916501421,0.6755084083574565,21957773728.92904,21957773728.92904,58379280.29623512,ok
0,0,0,0.5,0.1,0.001666574066726486,64,6.0,linear,3.963174886734773e-13,4.765253085853252e-12,1.4187805161787907e-12,0.276371659443015,2.462252624013672e-12,4.765253085853252e-12,7.4133751242653156e-01+3.3488971999898918e+00j,-1.4763266633771848e+00-2.4193186104427502e+00j,7.4133751242167556e-01+3.3488971999895742e+00j,-7.5772832728210648e-01-2.7310237527242172e+00j,0.3172246454191182,0.6827753545784195,57170846.13729485,57170846.13729485,10556287.55292345,ok
0,0,0,0.5,0.1,0.001666574066726486,80,6.0,linear,1.3030183619764376e-12,6.660574055420559e-12,3.168447824097987e-12,0.27637165944024733,1.6513457268274578e-12,6.660574055420559e-12,7.4133751243038171e-01+3.3488971999830697e+00j,-1.4763266633682657e+00-2.4193186104418998e+00j,7.4133751242167556e-01+3.3488971999895742e+00j,-7.5772832728210648e-01-2.7310237527242172e+00j,0.31722464542019635,0.6827753545781523,155666469.2921189,155666469.2921189,28636930.70935538,ok
0,0,0,0.5,0.1,0.001666574066726486,96,6.0,linear,2.4769130939450154e-11,3.302756613163903e-11,2.944323718927477e-11,0.2763716594143592,9.274803147718558e-12,3.302756613163903e-11,7.4133751235000389e-01+3.3488971999184263e+00j,-1.4763266632750012e+00-2.4193186104112678e+00j,7.4133751242167556e-01+3.3488971999895742e+00j,-7.5772832728210648e-01-2.7310237527242172e+00j,0.31722464543508444,0.6827753545741903,353029871.8501264,353029871.8501264,64831912.0748458,ok
0,0,0,0.5,0.1,0.001666574066726486,112,6.0,linear,5.1953714041165054e-12,3.6634097444182897e-13,6.179370507731111e-12,0.2763716594408681,5.0528470296740124e-12,5.1953714041165054e-12,7.4133751243673085e-01+3.3488972000044930e+00j,-1.4763266633777841e+00-2.4193186104594222e+00j,7.4133751242167556e-01+3.3488971999895742e+00j,-7.5772832728210648e-01-2.7310237527242172e+00j,0.3172246454160735,0.6827753545788737,705637910.9460881,705637910.9460881,129467918.11714618,ok
0,0,0,0.5,0.1,0.001666574066726486,128,6.0,linear,2.066703130088701e-11,3.2723901115185535e-11,2.1895946402569523e-11,0.2763716594251804,1.4854784069484595e-12,3.2723901115185535e-11,7.4133751238213275e-01+3.3488971999257249e+00j,-1.4763266633017806e+00-2.4193186103959348e+00j,7.4133751242167556e-01+3.3488971999895742e+00j,-7.5772832728210648e-01-2.7310237527242172e+00j,0.31722464543248186,0.6827753545690036,1285828479.642886,1285828479.642886,235796037.67205518,ok
0,0,0,0.5,0.1,0.001666574066726486,160,6.0,linear,1.617948992309455e-11,7.121555726424777e-12,3.977940616327933e-11,0.27637165943879666,1.779687508474126e-11,1.779687508474126e-11,7.4133751255537028e-01+3.3488972000168173e+00j,-1.4763266633804166e+00-2.4193186104802442e+00j,7.4133751242167556e-01+3.3488971999895742e+00j,-7.5772832728210648e-01-2.7310237527242172e+00j,0.3172246454091046,0.6827753545730986,3505720827.532378,3505720827.532378,642547769.8449452,ok
0,0,0,0.5,0.1,0.001666574066726486,192,6.0,linear,3.163638987419084e-11,5.236576289925545e-11,3.27368892003077e-11,0.27637165946300735,1.3072654070356293e-11,5.236576289925545e-11,7.4133751241694146e-01+3.3488972001017610e+00j,-1.4763266634910803e+00-2.4193186105629350e+00j,7.4133751242167556e-01+3.3488971999895742e+00j,-7.5772832728210648e-01-2.7310237527242172e+00j,0.31722464539929796,0.6827753546137748,7957258077.662496,7957258077.662496,1458122431.8850565,ok
0,0,0,0.5,0.1,0.001666574066726486,224,6.0,linear,9.715281083826108e-12,1.7279918307279443e-11,8.695384782274457e-11,0.27637165938269226,9.003686685105095e-12,1.7279918307279443e-11,7.4133751271825410e-01+3.3488971999580515e+00j,-1.4763266632549357e+00-2.4193186105905440e+00j,7.4133751242167556e-01+3.3488971999895742e+00j,-7.5772832728210648e-01-2.7310237527242172e+00j,0.31722464541320583,0.6827753545957979,15914417462.889055,15914417462.889055,2915908156.728857,ok
0,0,0,0.5,0.1,0.001666574066726486,64,8.0,linear,3.647778152854149e-12,9.577826519987698e-12,3.653711632434646e-12,0.2763716594369501,9.460210392830959e-13,9.577826519987698e-12,7.4133751241967516e-01+3.3488971999772028e+00j,-1.4763266633568890e+00-2.4193186104391557e+00j,7.4133751242167556e-01+3.3488971999895742e+00j,-7.5772832728210648e-01-2.7310237527242172e+00j,0.31722464542168405,0.6827753545773699,63275043.61416257,63275043.61416257,5331925.914376475,ok
0,0,0,0.5,0.1,0.001666574066726486,80,8.0,linear,2.5644758242912658e-12,2.2019630940252448e-12,2.680517621902318e-12,0.27637165944296155,3.2985836284638026e-12,3.2985836284638026e-12,7.4133751242618895e-01+3.3488971999975843e+00j,-1.4763266633799732e+00-2.4193186104495590e+00j,7.4133751242167556e-01+3.3488971999895742e+00j,-7.5772832728210648e-01-2.7310237527242172e+00j,0.31722464541774265,0.6827753545789588,172328252.25876352,172328252.25876352,14357155.198465442,ok
0,0,0,0.5,0.1,0.001666574066726486,96,8.0,linear,3.422365298303177e-12,7.412998931070543e-12,6.549708418346156e-12,0.2763716594374089,1.5594192603884949e-12,7.412998931070543e-12,7.4133751240043655e-01+3.3488971999822534e+00j,-1.4763266633604752e+00-2.4193186104441553e+00j,7.4133751242167556e-01+3.3488971999895742e+00j,-7.5772832728210648e-01-2.7310237527242172e+00j,0.317224645421541,0.6827753545800184,390879110.1287907,390879110.1287907,32386981.90526483,ok
0,0,0,0.5,0.1,0.001666574066726486,112,8.0,linear,4.07142743566646e-11,4.654003260423954e-11,4.465748178709235e-11,0.27637165946081677,1.3038126134290451e-11,4.654003260423954e-11,7.4133751251330293e-01+3.3488972001123205e+00j,-1.4763266634790950e+00-2.4193186105509059e+00j,7.4133751242167556e-01+3.3488971999895742e+00j,-7.5772832728210648e-01-2.7310237527242172e+00j,0.31722464539353856,0.6827753545934233,781381495.6459091,781381495.6459091,64551195.59916651,ok
0,0,0,0.5,0.1,0.001666574066726486,128,8.0,linear,2.010848388300482e-12,1.358971459082114e-12,4.960729173661036e-12,0.2763716594438104,1.0396128402589966e-12,2.010848388300482e-12,7.4133751240797929e-01+3.3488971999996702e+00j,-1.4763266633830068e+00-2.4193186104505067e+00j,7.4133751242167556e-01+3.3488971999895742e+00j,-7.5772832728210648e-01-2.7310237527242172e+00j,0.31722464541809386,0.6827753545808665,1423974526.1254861,1423974526.1254861,117432652.18844023,ok
0,0,0,0.5,0.1,0.001666574066726486,160,8.0,linear,1.1759805453441184e-10,1.4717662468758245e-10,1.186690269097044e-10,0.2763716593861287,3.905675782789331e-11,1.4717662468758245e-10,7.4133751228122335e-01+3.3488971996075434e+00j,-1.4763266630760512e+00-2.4193186101536734e+00j,7.4133751242167556e-01+3.3488971999895742e+00j,-7.5772832728210648e-01-2.7310237527242172e+00j,0.31722464549397966,0.6827753545450771,3882843706.1130567,3882843706.1130567,319635484.08293235,ok
0,0,0,0.5,0.1,0.001666574066726486,192,8.0,linear,1.097334634810002e-10,1.4461960229155328e-10,1.1017865611800855e-10,0.27637165940571295,2.681899147205513e-11,1.4461960229155328e-10,7.4133751230718636e-01+3.3488971996294246e+00j,-1.4763266631268028e+00-2.4193186101311936e+00j,7.4133751242167556e-01+3.3488971999895742e+00j,-7.5772832728210648e-01-2.7310237527242172e+00j,0.31722464548899,0.682775354537829,8813978287.59507,8813978287.59507,724958921.144252,ok
0,0,0,0.5,0.1,0.001666574066726486,224,8.0,linear,1.3349852969498063e-10,1.946630642574459e-10,1.3763489633821027e-10,0.27637165937211156,6.012079722950148e-12,1.946630642574459e-10,7.4133751243486012e-01+3.3488971995176748e+00j,-1.4763266629877345e+00-2.4193186100499013e+00j,7.4133751242167556e-01+3.3488971999895742e+00j,-7.5772832728210648e-01-2.7310237527242172e+00j,0.3172246455040677,0.6827753545019444,17628903786.475822,17628903786.475822,1449349881.133457,ok
0,0,0,0.5,0.1,0.001666574066726486,64,10.0,linear,2.4716435343929046e-12,1.2763958844324802e-12,2.524185656798015e-12,0.2763716594410317,1.8485213360008856e-12,2.4716435343929046e-12,7.4133751242522317e-01+3.3488971999974719e+00j,-1.4763266633763130e+00-2.4193186104548654e+00j,7.4133751242167556e-01+3.3488971999895742e+00j,-7.5772832728210648e-01-2.7310237527242172e+00j,0.31722464541780154,0.6827753545803499,67012861.09767721,67012861.09767721,3264504.2547254576,ok
0,0,0,0.5,0.1,0.001666574066726486,80,10.0,linear,1.291067984908629e-11,9.816621919923262e-12,1.3043887094711171e-11,0.27637165944493913,7.578826455301169e-12,1.291067984908629e-11,7.4133751243747137e-01+3.3488972000314332e+00j,-1.4763266633984904e+00-2.4193186104781637e+00j,7.4133751242167556e-01+3.3488971999895742e+00j,-7.5772832728210648e-01-2.7310237527242172e+00j,0.3172246454111785,0.6827753545812427,182527190.7977478,182527190.7977478,8672858.65067101,ok
0,0,0,0.5,0.1,0.001666574066726486,96,10.0,linear,9.036064636396816e-12,6.806138967848471e-12,9.513422104879772e-12,0.2763716594399856,3.9399594697897555e-12,9.036064636396816e-12,7.4133751243833956e-01+3.3488972000176291e+00j,-1.4763266633829619e+00-2.4193186104776441e+00j,7.4133751242167556e-01+3.3488971999895742e+00j,-7.5772832728210648e-01-2.7310237527242172e+00j,0.31722464541363676,0.6827753545824232,414043516.9888208,414043516.9888208,19435089.222469263,ok
0,0,0,0.5,0.1,0.001666574066726486,112,10.0,linear,9.902240395699516e-12,7.337004332009684e-12,1.0550729164197564e-11,0.27637165944426906,4.947819931544473e-12,9.902240395699516e-12,7.4133751241682055e-01+3.3488972000254358e+00j,-1.4763266633940297e+00-2.4193186104726525e+00j,7.4133751242167556e-01+3.3488971999895742e+00j,-7.5772832728210648e-01-2.7310237527242172e+00j,0.3172246454130872,0.6827753545819649,827731452.9575889,827731452.9575889,38597611.50088756,ok
0,0,0,0.5,0.1,0.001666574066726486,128,10.0,linear,3.3534078678989e-11,4.6357018806913595e-11,3.36414572481478e-11,0.2763716594253165,8.602896173215413e-12,4.6357018806913595e-11,7.4133751240581469e-01+3.3488971998752803e+00j,-1.4763266632865881e+00-2.4193186103599409e+00j,7.4133751242167556e-01+3.3488971999895742e+00j,-7.5772832728210648e-01-2.7310237527242172e+00j,0.3172246454406454,0.6827753545679576,1508502131.0514624,1508502131.0514624,70070326.59364991,ok
0,0,0,0.5,0.1,0.001666574066726486,160,10.0,linear,6.8574189709578736e-12,1.3674483824000366e-11,8.926948336324101e-12,0.2763716594304435,1.20570220474292e-13,1.3674483824000366e-11,7.4133751243573243e-01+3.3488971999623725e+00j,-1.4763266633363301e+00-2.4193186104381001e+00j,7.4133751242167556e-01+3.3488971999895742e+00j,-7.5772832728210648e-01-2.7310237527242172e+00j,0.31722464542372036,0.682775354576159,4113562802.8345795,4113562802.8345795,190313620.35400286,ok
0,0,0,0.5,0.1,0.001666574066726486,192,10.0,linear,9.675791755487194e-12,3.0623473073101394e-12,1.2269513630638365e-11,0.2763716594449425,1.0332179556371557e-11,1.0332179556371557e-11,7.4133751240358270e-01+3.3488972000275705e+00j,-1.4763266633908072e+00-2.4193186104604267e+00j,7.4133751242167556e-01+3.3488971999895742e+00j,-7.5772832728210648e-01-2.7310237527242172e+00j,0.31722464541323087,0.6827753545764369,9338064954.531963,9338064954.531963,431229604.2964772,ok
0,0,0,0.5,0.1,0.001666574066726486,224,10.0,linear,9.986048403023377e-11,1.0069644762322178e-10,1.011803437383234e-10,0.2763716594375007,5.737732511335025e-11,1.0069644762322178e-10,7.4133751244115564e-01+3.3488972003360726e+00j,-1.4763266634838117e+00-2.4193186107278386e+00j,7.4133751242167556e-01+3.3488971999895742e+00j,-7.5772832728210648e-01-2.7310237527242172e+00j,0.31722464535601325,0.6827753545866094,18677637576.689426,18677637576.689426,861696056.4557867,ok
0,0,0,0.5,0.1,0.001666574066726486,64,12.0,linear,2.769690858445941e-12,7.485389662547072e-12,2.7788721032073882e-12,0.2763716594364624,1.5543122344752192e-13,7.485389662547072e-12,7.4133751241886270e-01+3.3488971999804673e+00j,-1.4763266633580807e+00-2.4193186104453761e+00j,7.4133751242167556e-01+3.3488971999895742e+00j,-7.5772832728210648e-01-2.7310237527242172e+00j,0.31722464542112694,0.6827753545790284,69545427.43548349,69545427.43548349,2258896.3817242617,ok
0,0,0,0.5,0.1,0.001666574066726486,80,12.0,linear,1.062716088543581e-11,1.8161925726070315e-11,1.1098118295358628e-11,0.27637165943768055,1.290745288429207e-12,1.8161925726070315e-11,7.4133751240308499e-01+3.3488971999563564e+00j,-1.4763266633488981e+00-2.4193186104155311e+00j,7.4133751242167556e-01+3.3488971999895742e+00j,-7.5772832728210648e-01-2.7310237527242172e+00j,0.31722464542611206,0.6827753545751787,189436179.72610846,189436179.72610846,5879522.945570562,ok
0,0,0,0.5,0.1,0.001666574066726486,96,12.0,linear,2.1921756156403074e-11,3.148902805292033e-11,2.2088970019784255e-11,0.2763716594388167,5.681455306216776e-12,3.148902805292033e-11,7.4133751239634005e-01+3.3488971999181714e+00j,-1.4763266633364971e+00-2.4193186103788502e+00j,7.4133751242167556e-01+3.3488971999895742e+00j,-7.5772832728210648e-01-2.7310237527242172e+00j,0.3172246454332779,0.6827753545724036,429732869.47595656,429732869.47595656,13037485.737757966,ok
0,0,0,0.5,0.1,0.001666574066726486,112,12.0,linear,1.167369282302082e-11,8.422551924367679e-12,1.1832562438150984e-11,0.2763716594319064,7.008726932156151e-12,1.167369282302082e-11,7.4133751243680013e-01+3.3488972000272361e+00j,-1.4763266633650671e+00-2.4193186104939306e+00j,7.4133751242167556e-01+3.3488971999895742e+00j,-7.5772832728210648e-01-2.7310237527242172e+00j,0.31722464541196327,0.682775354581028,859121001.9250032,859121001.9250032,25741715.928561065,ok
0,0,0,0.5,0.1,0.001666574066726486,128,12.0,linear,2.2808388682517406e-11,2.2419346862323067e-11,2.4158637323053203e-11,0.2763716594393237,1.016464690195562e-11,2.2808388682517406e-11,7.4133751241191570e-01+3.3488972000718609e+00j,-1.4763266633991248e+00-2.4193186105196198e+00j,7.4133751242167556e-01+3.3488971999895742e+00j,-7.5772832728210648e-01-2.7310237527242172e+00j,0.3172246454048989,0.6827753545849364,1565741602.6511395,1565741602.6511395,46571193.14145946,ok
0,0,0,0.5,0.1,0.001666574066726486,160,12.0,linear,5.6177518494936646e-11,6.023801991248553e-11,5.6354972131066974e-11,0.27637165940442954,2.525935016706171e-11,6.023801991248553e-11,7.4133751247828650e-01+3.3488972001743944e+00j,-1.4763266633569538e+00-2.4193186106709197e+00j,7.4133751242167556e-01+3.3488971999895742e+00j,-7.5772832728210648e-01-2.7310237527242172e+00j,0.3172246453837279,0.6827753545910128,4269780476.127358,4269780476.127358,126042251.7396237,ok
0,0,0,0.5,0.1,0.001666574066726486,192,12.0,linear,3.845665003454783e-11,4.252344383655697e-11,3.9504707561696144e-11,0.27637165942070596,1.40076839016956e-11,4.252344383655697e-11,7.4133751241991408e-01+3.3488972001250628e+00j,-1.4763266633765404e+00-2.4193186106001514e+00j,7.4133751242167556e-01+3.3488971999895742e+00j,-7.5772832728210648e-01-2.7310237527242172e+00j,0.31722464539497086,0.6827753545910215,9692884041.605022,9692884041.605022,285140775.1656803,ok
0,0,0,0.5,0.1,0.001666574066726486,224,12.0,linear,9.117632757228012e-11,1.1153327744930018e-10,1.1445022999491475e-10,0.27637165944113384,2.521072239858313e-11,1.1153327744930018e-10,7.4133751225759525e-01+3.3488972003461996e+00j,-1.4763266635050272e+00-2.4193186107508731e+00j,7.4133751242167556e-01+3.3488971999895742e+00j,-7.5772832728210648e-01-2.7310237527242172e+00j,0.3172246453615229,0.6827753546132664,19387624704.82898,19387624704.82898,569311998.2346668,ok
0,0,0,0.5,0.1,0.001666574066726486,64,15.0,linear,5.1453947459564395e-12,1.08901043903685e-11,5.158144821227367e-12,0.27637165943638276,2.575717417130363e-13,1.08901043903685e-11,7.4133751241907575e-01+3.3488971999720740e+00j,-1.4763266633540089e+00-2.4193186104365565e+00j,7.4133751242167556e-01+3.3488971999895742e+00j,-7.5772832728210648e-01-2.7310237527242172e+00j,0.3172246454226342,0.6827753545776233,72116589.18074265,72116589.18074265,1525115.2643972836,ok
0,0,0,0.5,0.1,0.001666574066726486,80,15.0,linear,5.694231673263486e-12,1.1523131566050704e-11,5.702651219392154e-12,0.2763716594375228,4.907185768843192e-13,1.1523131566050704e-11,7.4133751241849544e-01+3.3488971999702746e+00j,-1.4763266633560730e+00-2.4193186104331956e+00j,7.4133751242167556e-01+3.3488971999895742e+00j,-7.5772832728210648e-01-2.7310237527242172e+00j,0.3172246454229824,0.6827753545775083,196448980.42101955,196448980.42101955,3804531.38807764,ok
0,0,0,0.5,0.1,0.001666574066726486,96,15.0,linear,6.457605705677345e-12,1.1891509509127154e-11,6.621238968469075e-12,0.27637165943891867,1.5141221609837885e-12,1.1891509509127154e-11,7.4133751241198820e-01+3.3488971999690333e+00j,-1.4763266633590633e+00-2.4193186104301474e+00j,7.4133751242167556e-01+3.3488971999895742e+00j,-7.5772832728210648e-01-2.7310237527242172e+00j,0.3172246454234667,0.6827753545780475,445654966.4491712,445654966.4491712,8237355.407529537,ok
0,0,0,0.5,0.1,0.001666574066726486,112,15.0,linear,2.3895834153725683e-11,3.294812435488881e-11,2.398327620715554e-11,0.2763716594493227,7.636780097186602e-12,3.294812435488881e-11,7.4133751241081536e-01+3.3488971999080324e+00j,-1.4763266633604990e+00-2.4193186103593591e+00j,7.4133751242167556e-01+3.3488971999895742e+00j,-7.5772832728210648e-01-2.7310237527242172e+00j,0.3172246454345304,0.6827753545731065,890972736.983628,890972736.983628,16040655.45813879,ok
0,0,0,0.5,0.1,0.001666574066726486,128,15.0,linear,1.4653000804682168e-11,2.2354007176120225e-11,1.4824988914114804e-11,0.2763716594437537,3.61799479264846e-12,2.2354007176120225e-11,7.4133751241835522e-01+3.3488971999388335e+00j,-1.4763266633589596e+00-2.4193186103954729e+00j,7.4133751242167556e-01+3.3488971999895742e+00j,-7.5772832728210648e-01-2.7310237527242172e+00j,0.31722464542866624,0.6827753545749518,1623819042.9574194,1623819042.9574194,28777920.29680914,ok
0,0,0,0.5,0.1,0.001666574066726486,160,15.0,linear,5.786817964067277e-11,7.063752824170032e-11,6.252791598961943e-11,0.27637165947883713,2.411448818406825e-11,7.063752824170032e-11,7.4133751245809743e-01+3.3488971997782206e+00j,-1.4763266633896759e+00-2.4193186102164179e+00j,7.4133751242167556e-01+3.3488971999895742e+00j,-7.5772832728210648e-01-2.7310237527242172e+00j,0.3172246454560841,0.6827753545680304,4428265591.203596,4428265591.203596,77203082.96961378,ok
0,0,0,0.5,0.1,0.001666574066726486,192,15.0,linear,7.128574709778149e-11,8.299440673889088e-11,8.361753484048544e-11,0.276371659488731,3.4076297339424855e-11,8.299440673889088e-11,7.4133751251519620e-01+3.3488971997184445e+00j,-1.4763266633997725e+00-2.4193186101692294e+00j,7.4133751242167556e-01+3.3488971999895742e+00j,-7.5772832728210648e-01-2.7310237527242172e+00j,0.31722464546459683,0.6827753545694796,10052832046.95214,10052832046.95214,173948743.1576842,ok
0,0,0,0.5,0.1,0.001666574066726486,224,15.0,linear,1.1861040554517233e-12,8.272286315090641e-12,2.3263864887007207e-12,0.27637165943497455,4.086064819830426e-12,8.272286315090641e-12,7.4133751242749857e-01+3.3488971999841186e+00j,-1.4763266633535503e+00-2.4193186104455284e+00j,7.4133751242167556e-01+3.3488971999895742e+00j,-7.5772832728210648e-01-2.7310237527242172e+00j,0.31722464542012224,0.6827753545757916,20107839629.975582,20107839629.975582,346585594.1179827,ok
0,0,0,0.5,0.1,0.001666574066726486,64,20.0,linear,2.5167002106615652e-11,3.466826602187871e-11,2.976033859983754e-11,0.2763716594539146,7.830625037286154e-12,3.466826602187871e-11,7.4133751245621238e-01+3.3488971998935173e+00j,-1.4763266633697572e+00-2.4193186103479984e+00j,7.4133751242167556e-01+3.3488971999895742e+00j,-7.5772832728210648e-01-2.7310237527242172e+00j,0.31722464543533685,0.6827753545724937,74731609.4918488,74731609.4918488,1043752.6074071762,ok
0,0,0,0.5,0.1,0.001666574066726486,80,20.0,linear,1.1984040101802371e-12,6.303321094887039e-12,2.7244065134423418e-12,0.27637165943487896,1.3733458814613186e-12,6.303321094887039e-12,7.4133751241259338e-01+3.3488971999873751e+00j,-1.4763266633555590e+00-2.4193186104508397e+00j,7.4133751242167556e-01+3.3488971999895742e+00j,-7.5772832728210648e-01-2.7310237527242172e+00j,0.31722464542012996,0.6827753545784967,203579130.85536528,203579130.85536528,2404600.5867534266,ok
0,0,0,0.5,0.1,0.001666574066726486,96,20.0,linear,8.066957676997607e-12,1.43411993271013e-11,8.178875330102133e-12,0.2763716594369689,1.3880008253863707e-12,1.43411993271013e-11,7.4133751241117807e-01+3.3488971999635591e+00j,-1.4763266633515109e+00-2.4193186104266227e+00j,7.4133751242167556e-01+3.3488971999895742e+00j,-7.5772832728210648e-01-2.7310237527242172e+00j,0.31722464542448775,0.6827753545769002,461840750.55870205,461840750.55870205,4926585.691949849,ok
0,0,0,0.5,0.1,0.001666574066726486,112,20.0,linear,5.869926816069729e-12,1.172150097308379e-11,6.862895445287442e-12,0.276371659440342,5.713207684721056e-13,1.172150097308379e-11,7.4133751242923196e-01+3.3488971999672805e+00j,-1.4763266633627337e+00-2.4193186104284723e+00j,7.4133751242167556e-01+3.3488971999895742e+00j,-7.5772832728210648e-01-2.7310237527242172e+00j,0.31722464542309387,0.6827753545774774,923347894.015092,923347894.015092,9251273.357348295,ok
0,0,0,0.5,0.1,0.001666574066726486,128,20.0,linear,8.225950776014605e-12,1.414032288174868e-11,1.0465636245836546e-11,0.2763716594450099,1.979971742116504e-12,1.414032288174868e-11,7.4133751243724555e-01+3.3488971999572299e+00j,-1.4763266633713816e+00-2.4193186104151638e+00j,7.4133751242167556e-01+3.3488971999895742e+00j,-7.5772832728210648e-01-2.7310237527242172e+00j,0.3172246454245886,0.6827753545773914,1682844713.0633101,1682844713.0633101,16207675.087202461,ok
0,0,0,0.5,0.1,0.001666574066726486,160,20.0,linear,1.4573245308758334e-11,2.140430972270195e-11,2.5436095492772192e-11,0.2763716594563261,4.7555293036793955e-12,2.140430972270195e-11,7.4133751248068780e-01+3.3488971999253150e+00j,-1.4763266633907524e+00-2.4193186103792255e+00j,7.4133751242167556e-01+3.3488971999895742e+00j,-7.5772832728210648e-01-2.7310237527242172e+00j,0.31722464542861567,0.6827753545761399,4589315500.173122,4589315500.173122,42345076.08172634,ok
0,0,0,0.5,0.1,0.001666574066726486,192,20.0,linear,1.758039003006842e-11,2.2713140415393397e-11,2.8607019138969962e-11,0.2763716594664497,8.982370403032292e-12,2.2713140415393397e-11,7.4133751248421897e-01+3.3488971999139694e+00j,-1.4763266634139913e+00-2.4193186103606990e+00j,7.4133751242167556e-01+3.3488971999895742e+00j,-7.5772832728210648e-01-2.7310237527242172e+00j,0.31722464543052353,0.6827753545784588,10418572403.90833,10418572403.90833,94203288.65119678,ok
0,0,0,0.5,0.1,0.001666574066726486,224,20.0,linear,1.3295215275861929e-11,9.098198751481951e-12,2.2455370007156746e-11,0.27637165941276787,9.32875998671534e-12,1.3295215275861929e-11,7.4133751237092871e-01+3.3488972000475141e+00j,-1.4763266633190857e+00-2.4193186105242330e+00j,7.4133751242167556e-01+3.3488971999895742e+00j,-7.5772832728210648e-01-2.7310237527242172e+00j,0.31722464541093454,0.6827753545797367,20839565256.166958,20839565256.166958,186446471.74447083,ok
0,0,0,0.5,0.1,0.001666574066726486,64,25.0,linear,9.066788628576566e-10,1.2266769272390722e-09,5.653632863601024e-09,0.2763716662630239,1.334308219469449e-10,1.2266769272390722e-09,7.4133753178220674e-01+3.3488971988889467e+00j,-1.4763266814391187e+00-2.4193186035095664e+00j,7.4133751242167556e-01+3.3488971999895742e+00j,-7.5772832728210648e-01-2.7310237527242172e+00j,0.3172246448441279,0.6827753550224412,76323525.94513959,76323525.94513959,859894.8729574356,ok
0,0,0,0.5,0.1,0.001666574066726486,80,25.0,linear,2.094229134039038e-12,7.171226423130534e-12,2.1097769682509463e-12,0.2763716594366436,7.667200208061331e-13,7.171226423130534e-12,7.4133751242098167e-01+3.3488971999823711e+00j,-1.4763266633588812e+00-2.4193186104459312e+00j,7.4133751242167556e-01+3.3488971999895742e+00j,-7.5772832728210648e-01-2.7310237527242172e+00j,0.31722464542069834,0.682775354578535,207918583.41392443,207918583.41392443,1867482.0219533786,ok
0,0,0,0.5,0.1,0.001666574066726486,96,25.0,linear,3.4999197496966474e-12,8.53254823063721e-12,3.5494433124359264e-12,0.2763716594372203,1.858513343222512e-13,8.53254823063721e-12,7.4133751241710144e-01+3.3488971999782917e+00j,-1.4763266633587395e+00-2.4193186104414974e+00j,7.4133751242167556e-01+3.3488971999895742e+00j,-7.5772832728210648e-01-2.7310237527242172e+00j,0.3172246454215902,0.6827753545785957,471689841.3365852,471689841.3365852,3624883.334453159,ok
0,0,0,0.5,0.1,0.001666574066726486,112,25.0,linear,5.9178319029070975e-12,1.136236773381062e-11,6.014431419485093e-12,0.2763716594376446,1.1572964808692632e-12,1.136236773381062e-11,7.4133751242088530e-01+3.3488971999689601e+00j,-1.4763266633565535e+00-2.4193186104334359e+00j,7.4133751242167556e-01+3.3488971999895742e+00j,-7.5772832728210648e-01-2.7310237527242172e+00j,0.31722464542312423,0.682775354578033,943045805.5447398,943045805.5447398,6516044.132348827,ok
0,0,0,0.5,0.1,0.001666574066726486,128,25.0,linear,7.270567976628264e-12,1.3492566855939219e-11,7.29595177909435e-12,0.276371659440097,9.539036227579345e-13,1.3492566855939219e-11,7.4133751241424695e-01+3.3488971999656774e+00j,-1.4763266633601184e+00-2.4193186104241877e+00j,7.4133751242167556e-01+3.3488971999895742e+00j,-7.5772832728210648e-01-2.7310237527242172e+00j,0.3172246454239825,0.6827753545769714,1718754953.3926482,1718754953.3926482,11046276.647951499,ok
0,0,0,0.5,0.1,0.001666574066726486,160,25.0,linear,4.5515011423807315e-12,8.064202134569362e-12,5.347680989300916e-12,0.2763716594412735,2.928324249751313e-12,8.064202134569362e-12,7.4133751242770385e-01+3.3488971999722508e+00j,-1.4763266633691741e+00-2.4193186104366853e+00j,7.4133751242167556e-01+3.3488971999895742e+00j,-7.5772832728210648e-01-2.7310237527242172e+00j,0.31722464542225737,0.6827753545806711,4687285281.33936,4687285281.33936,27691020.643404674,ok
0,0,0,0.5,0.1,0.001666574066726486,192,25.0,linear,9.056262456793112e-12,1.620549569746438e-11,1.4799927227912515e-11,0.27637165944150516,8.206768598029157e-13,1.620549569746438e-11,7.4133751245416302e-01+3.3488971999505681e+00j,-1.4763266633604688e+00-2.4193186104149667e+00j,7.4133751242167556e-01+3.3488971999895742e+00j,-7.5772832728210648e-01-2.7310237527242172e+00j,0.3172246454251154,0.6827753545757053,10641029882.862213,10641029882.862213,60273357.67902603,ok
0,0,0,0.5,0.1,0.001666574066726486,224,25.0,linear,2.3812712354402463e-12,9.476134778151621e-12,7.271750653019093e-12,0.2763716594228381,3.339772902677396e-12,9.476134778151621e-12,7.4133751239690060e-01+3.3488971999866934e+00j,-1.4763266633225329e+00-2.4193186104604587e+00j,7.4133751242167556e-01+3.3488971999895742e+00j,-7.5772832728210648e-01-2.7310237527242172e+00j,0.31722464542088047,0.6827753545757798,21284635544.738075,21284635544.738075,117869131.23352514,ok
0,0,0,0.5,0.1,0.001666574066726486,64,30.0,linear,2.933762187982417e-07,3.574649270195691e-07,3.201770169517401e-07,0.27637185538917775,9.861105632058553e-08,3.574649270195691e-07,7.4133815935184699e-01+3.3488980874123571e+00j,-1.4763275491016139e+00-2.4193192568262893e+00j,7.4133751242167556e-01+3.3488971999895742e+00j,-7.5772832728210648e-01-2.7310237527242172e+00j,0.3172244592871176,0.6827754421018261,77394723.3121208,77394723.3121208,770784.2369942829,ok
0,0,0,0.5,0.1,0.001666574066726486,80,30.0,linear,1.254766286942517e-10,1.2732354492509185e-10,4.3856766364252466e-10,0.27637165894695337,7.224931763971654e-11,1.2732354492509185e-10,7.4133751110737345e-01+3.3488972007213187e+00j,-1.4763266623158475e+00-2.4193186115289658e+00j,7.4133751242167556e-01+3.3488971999895742e+00j,-7.5772832728210648e-01-2.7310237527242172e+00j,0.31722464533976114,0.6827753545879895,210838080.66274366,210838080.66274366,1616818.2024204938,ok
0,0,0,0.5,0.1,0.001666574066726486,96,30.0,linear,1.79540497073999e-12,6.507174648244104e-12,1.819457723968004e-12,0.2763716594387643,4.57522908448027e-13,6.507174648244104e-12,7.4133751241935597e-01+3.3488971999837807e+00j,-1.4763266633648178e+00-2.4193186104445132e+00j,7.4133751242167556e-01+3.3488971999895742e+00j,-7.5772832728210648e-01-2.7310237527242172e+00j,0.31722464542050877,0.6827753545790337,478315372.39039546,478315372.39039546,3019870.373537785,ok
0,0,0,0.5,0.1,0.001666574066726486,112,30.0,linear,2.9850048027987646e-12,8.79845098240273e-12,2.985673569071647e-12,0.27637165943602815,1.2068124277675452e-12,8.79845098240273e-12,7.4133751241924273e-01+3.3488971999796266e+00j,-1.4763266633555248e+00-2.4193186104425766e+00j,7.4133751242167556e-01+3.3488971999895742e+00j,-7.5772832728210648e-01-2.7310237527242172e+00j,0.31722464542126355,0.6827753545775296,956295622.6858531,956295622.6858531,5227660.157477167,ok
0,0,0,0.5,0.1,0.001666574066726486,128,30.0,linear,6.142208971796721e-12,1.1352182890637514e-11,6.6809546079288355e-12,0.2763716594344925,1.6200374375330284e-12,1.1352182890637514e-11,7.4133751240831991e-01+3.3488971999709531e+00j,-1.4763266633488652e+00-2.4193186104381610e+00j,7.4133751242167556e-01+3.3488971999895742e+00j,-7.5772832728210648e-01-2.7310237527242172e+00j,0.31722464542326656,0.6827753545783534,1742908239.9566574,1742908239.9566574,8570583.60047216,ok
0,0,0,0.5,0.1,0.001666574066726486,160,30.0,linear,4.716579482158153e-12,4.534605560456172e-13,4.7176879971108075e-12,0.27637165944196584,3.976374784997461e-12,4.716579482158153e-12,7.4133751242550228e-01+3.3488972000052968e+00j,-1.4763266633805647e+00-2.4193186104580144e+00j,7.4133751242167556e-01+3.3488971999895742e+00j,-7.5772832728210648e-01-2.7310237527242172e+00j,0.31722464541637724,0.6827753545796463,4753173366.036219,4753173366.036219,20442003.762269527,ok
0,0,0,0.5,0.1,0.001666574066726486,192,30.0,linear,1.5432947407677603e-11,2.19677665850171e-11,1.5634586589183502e-11,0.27637165943575787,5.7052140789437544e-12,2.19677665850171e-11,7.4133751240185219e-01+3.3488971999397465e+00j,-1.4763266633398675e+00-2.4193186104084057e+00j,7.4133751242167556e-01+3.3488971999895742e+00j,-7.5772832728210648e-01-2.7310237527242172e+00j,0.31722464542916107,0.6827753545765443,10790641405.85799,10790641405.85799,43166309.11897553,ok
0,0,0,0.5,0.1,0.001666574066726486,224,30.0,linear,1.1532955446285091e-11,1.959579495494849e-11,1.1860142338862381e-11,0.2763716594391669,1.1446399383885364e-12,1.959579495494849e-11,7.4133751240385970e-01+3.3488971999530031e+00j,-1.4763266633508962e+00-2.4193186104095514e+00j,7.4133751242167556e-01+3.3488971999895742e+00j,-7.5772832728210648e-01-2.7310237527242172e+00j,0.31722464542668677,0.6827753545744578,21583917576.81265,21583917576.81265,82909767.90065052,ok
0,0,0,0.5,0.1,0.001666574066726486,64,40.0,linear,1.7212944094879138e-05,1.8569248741508634e-05,9.909728778780562e-05,0.2762570640145548,9.068381227272937e-06,1.8569248741508634e-05,7.4102344473286486e-01+3.3490271768523470e+00j,-1.4760678678390742e+00-2.4195381642996678e+00j,7.4133751242167556e-01+3.3488971999895742e+00j,-7.5772832728210648e-01-2.7310237527242172e+00j,0.31721372496115613,0.6827772066576165,78744856.20626824,78744856.20626824,685566.9804412154,ok
0,0,0,0.5,0.1,0.001666574066726486,80,40.0,linear,4.827784219613423e-07,5.825175750674822e-07,4.828641358936757e-07,0.2763716115430544,1.7010455666266466e-07,5.825175750674822e-07,7.4133718498734658e-01+3.3488955764697663e+00j,-1.4763258830181860e+00-2.4193171525725004e+00j,7.4133751242167556e-01+3.3488971999895742e+00j,-7.5772832728210648e-01-2.7310237527242172e+00j,0.3172249517180189,0.6827752183865377,214517141.15153605,214517141.15153605,1391085.07268249,ok
0,0,0,0.5,0.1,0.001666574066726486,96,40.0,linear,1.0206864958702115e-10,2.467022854155821e-10,1.9875453364290325e-09,0.27637166183997824,1.3758483241588237e-10,2.467022854155821e-10,7.4133751914464530e-01+3.3488971988598943e+00j,-1.4763266695187398e+00-2.4193186075299495e+00j,7.4133751242167556e-01+3.3488971999895742e+00j,-7.5772832728210648e-01-2.7310237527242172e+00j,0.3172246453546123,0.6827753547829725,486663810.08502537,486663810.08502537,2498379.5334319244,ok
0,0,0,0.5,0.1,0.001666574066726486,112,40.0,linear,6.160205747662651e-12,2.799578353444037e-12,7.502032747829325e-12,0.27637165943867953,3.660183267584216e-12,6.160205747662651e-12,7.4133751241190371e-01+3.3488972000133783e+00j,-1.4763266633752088e+00-2.4193186104690723e+00j,7.4133751242167556e-01+3.3488971999895742e+00j,-7.5772832728210648e-01-2.7310237527242172e+00j,0.3172246454154613,0.6827753545808786,972989703.2755036,972989703.2755036,4137001.6648454447,ok
0,0,0,0.5,0.1,0.001666574066726486,128,40.0,linear,9.08163920549615e-12,1.5539093574153387e-11,9.937987608155277e-12,0.2763716594355207,1.7812418207086012e-12,1.5539093574153387e-11,7.4133751242845869e-01+3.3488971999561690e+00j,-1.4763266633466090e+00-2.4193186104256363e+00j,7.4133751242167556e-01+3.3488971999895742e+00j,-7.5772832728210648e-01-2.7310237527242172e+00j,0.3172246454251315,0.6827753545766497,1773338851.8193655,1773338851.8193655,6472594.167607822,ok
0,0,0,0.5,0.1,0.001666574066726486,160,40.0,linear,5.079622356460808e-12,1.143851902276645e-11,5.208385860595169e-12,0.27637165943570574,6.232792060245629e-13,1.143851902276645e-11,7.4133751242176626e-01+3.3488971999717099e+00j,-1.4763266633517309e+00-2.4193186104361262e+00j,7.4133751242167556e-01+3.3488971999895742e+00j,-7.5772832728210648e-01-2.7310237527242172e+00j,0.31722464542259243,0.6827753545767843,4836178148.119805,4836178148.119805,14132105.798388874,ok
0,0,0,0.5,0.1,0.001666574066726486,192,40.0,linear,1.8504181366783633e-11,2.4919960896162738e-11,2.0177243460466127e-11,0.276371659451609,7.816414182570952e-12,2.4919960896162738e-11,7.4133751238101664e-01+3.3488971999335697e+00j,-1.4763266633752261e+00-2.4193186103770272e+00j,7.4133751242167556e-01+3.3488971999895742e+00j,-7.5772832728210648e-01-2.7310237527242172e+00j,0.3172246454311097,0.6827753545767067,10979112514.156675,10979112514.156675,27829278.240877934,ok
0,0,0,0.5,0.1,0.001666574066726486,224,40.0,linear,2.505915092462774e-11,2.1828469268388022e-11,2.5122344461540246e-11,0.27637165942152275,1.5472734204990957e-11,2.505915092462774e-11,7.4133751243429202e-01+3.3488972000748145e+00j,-1.4763266633549688e+00-2.4193186105446034e+00j,7.4133751242167556e-01+3.3488971999895742e+00j,-7.5772832728210648e-01-2.7310237527242172e+00j,0.3172246454034709,0.6827753545810563,21960943809.622967,21960943809.622967,50879737.68890397,ok
0,1,1,0.5,0.1,1.901999971426667,64,6.0,linear,8.87519493088946e-07,8.874689884537239e-07,0.18540204809298702,0.0914391957758262,5.624467558362767e-11,8.87519493088946e-07,-1.0900843591626489e+02-4.9247144385181443e+01j,-1.0440277385404107e+02+5.8390488017955164e+01j,-1.1622622311662644e+02-2.8277390059104157e+01j,-1.0930000657981573e+02+4.8609898573806348e+01j,-8.861745380233545e-05,1.0000886173975576,85097905.00124544,85097905.00124544,34105661.080003045,ok
0,1,1,0.5,0.1,1.901999971426667,80,6.0,linear,2.9782992130738473e-08,2.9766758311828033e-08,0.18542335533874074,0.09146052934152744,2.7155833137726404e-11,2.9782992130738473e-08,-1.0900748623062748e+02-4.9249512956667004e+01j,-1.0440162506063162e+02+5.8392766797716725e+01j,-1.1622622311662644e+02-2.8277390059104157e+01j,-1.0930000657981573e+02+4.8609898573806348e+01j,-8.861729122439365e-05,1.0000886172640686,231533446.42305684,231533446.42305684,92219363.31501088,ok
0,1,1,0.5,0.1,1.901999971426667,96,6.0,linear,7.330420775879127e-08,7.329014245225221e-08,0.18543524638245742,0.09147245779946982,1.5105139361537567e-11,7.330420775879127e-08,-1.0900690300508433e+02-4.9250816474910764e+01j,-1.0440093244822243e+02+5.8394015781783736e+01j,-1.1622622311662644e+02-2.8277390059104157e+01j,-1.0930000657981573e+02+4.8609898573806348e+01j,-8.86172835109299e-05,1.0000886172684058,524819109.2582086,524819109.2582086,208361522.52848068,ok
0,1,1,0.5,0.1,1.901999971426667,112,6.0,linear,3.909622615324044e-08,3.909729534404249e-08,0.18544223375811433,0.09147947265623621,9.031331238418261e-12,3.909729534404249e-08,-1.0900654461171153e+02-4.9251577046187236e+01j,-1.0440051035706797e+02+5.8394742879548012e+01j,-1.1622622311662644e+02-2.8277390059104157e+01j,-1.0930000657981573e+02+4.8609898573806348e+01j,-8.861730343217404e-05,1.0000886172944008,1048625128.787073,1048625128.787073,415551689.36729455,ok
0,1,1,0.5,0.1,1.901999971426667,128,6.0,linear,7.148964172100659e-08,7.1486345069861e-08,0.1854467042071576,0.0914839596774806,6.040057343170702e-12,7.148964172100659e-08,-1.0900631980165950e+02-4.9252065195690399e+01j,-1.0440024459499675e+02+5.8395210080562777e+01j,-1.1622622311662644e+02-2.8277390059104157e+01j,-1.0930000657981573e+02+4.8609898573806348e+01j,-8.861730917340882e-05,1.0000886173031334,1910297544.1174896,1910297544.1174896,756152980.860814,ok
0,1,1,0.5,0.1,1.901999971426667,160,6.0,linear,4.922711358570907e-08,4.922422581425812e-08,0.18545197614065273,0.09148924659879536,2.9123370381967106e-12,4.922711358570907e-08,-1.0900606155188996e+02-4.9252643226112610e+01j,-1.0439993792282706e+02+5.8395763807606549e+01j,-1.1622622311662644e+02-2.8277390059104157e+01j,-1.0930000657981573e+02+4.8609898573806348e+01j,-8.8617305227718e-05,1.0000886173023154,5206265931.868625,5206265931.868625,2058207947.1797397,ok
0,1,1,0.5,0.1,1.901999971426667,192,6.0,linear,2.1988606087705824e-08,2.198741387263623e-08,0.18545486075952972,0.09149214016659085,1.4764856004489957e-12,2.1988606087705824e-08,-1.0900592195565692e+02-4.9252960092520681e+01j,-1.0439977168955960e+02+5.8396067672552540e+01j,-1.1622622311662644e+02-2.8277390059104157e+01j,-1.0930000657981573e+02+4.8609898573806348e+01j,-8.861730040011168e-05,1.0000886172989236,11814070795.682991,11814070795.682991,4667575127.8546915,ok
0,1,1,0.5,0.1,1.901999971426667,224,6.0,linear,9.4272798490405e-12,8.894528144073444e-12,0.18545659727546318,0.09149387980326298,1.028066520802895e-12,9.4272798490405e-12,-1.0900583855566235e+02-4.9253151062213306e+01j,-1.0439967235022435e+02+5.8396250659814221e+01j,-1.1622622311662644e+02-2.8277390059104157e+01j,-1.0930000657981573e+02+4.8609898573806348e+01j,-8.861729650129907e-05,1.0000886172954733,23623593926.06078,23623593926.06078,9330117632.136059,ok
0,1,1,0.5,0.1,1.901999971426667,64,8.0,linear,4.861278465436366e-07,4.861024139887656e-07,0.18541729400312126,0.09145447263118806,3.5253355790132446e-11,4.861278465436366e-07,-1.0900772743367023e+02-4.9248829195062640e+01j,-1.0440192386058796e+02+5.8392106146582982e+01j,-1.1622622311662644e+02-2.8277390059104157e+01j,-1.0930000657981573e+02+4.8609898573806348e+01j,-8.861738266170377e-05,1.0000886173474084,80534594.53252923,80534594.53252923,22177153.15227177,ok
0,1,1,0.5,0.1,1.901999971426667,80,8.0,linear,4.903436045088254e-09,4.911597026761143e-09,0.185432886078966,0.09147009296885136,1.715649844413747e-11,4.911597026761143e-09,-1.0900701087069807e+02-4.9250555014414971e+01j,-1.0440106231112107e+02+5.8393764439782196e+01j,-1.1622622311662644e+02-2.8277390059104157e+01j,-1.0930000657981573e+02+4.8609898573806348e+01j,-8.86172973720284e-05,1.0000886172802155,219240350.2090803,219240350.2090803,59254107.576969475,ok
0,1,1,0.5,0.1,1.901999971426667,96,8.0,linear,1.2752227942788564e-10,1.3204556718894507e-10,0.18544182572480053,0.09147906180226904,9.033662706769974e-12,1.3204556718894507e-10,-1.0900656922150451e+02-4.9251533899145571e+01j,-1.0440053854608323e+02+5.8394702030340930e+01j,-1.1622622311662644e+02-2.8277390059104157e+01j,-1.0930000657981573e+02+4.8609898573806348e+01j,-8.861729652557126e-05,1.0000886172874919,497144745.90975636,497144745.90975636,133018095.19349553,ok
0,1,1,0.5,0.1,1.901999971426667,112,8.0,linear,1.006202738559276e-07,1.0061413421762428e-07,0.18544696307203792,0.09148421955979215,5.517142298572253e-12,1.006202738559276e-07,-1.0900630368782879e+02-4.9252092396653147e+01j,-1.0440022628437714e+02+5.8395235679085651e+01j,-1.1622622311662644e+02-2.8277390059104157e+01j,-1.0930000657981573e+02+4.8609898573806348e+01j,-8.861731433636588e-05,1.0000886173088193,993604297.4070543,993604297.4070543,264279754.7202194,ok
0,1,1,0.5,0.1,1.901999971426667,128,8.0,linear,4.719636675778493e-08,4.719394103546613e-08,0.18545029134612193,0.09148755720222551,3.4769964685210653e-12,4.719636675778493e-08,-1.0900614512205004e+02-4.9252458857971405e+01j,-1.0440003689705426e+02+5.8395587358652293e+01j,-1.1622622311662644e+02-2.8277390059104157e+01j,-1.0930000657981573e+02+4.8609898573806348e+01j,-8.861730486779935e-05,1.0000886173013908,1810443952.200778,1810443952.200778,479737821.9875486,ok
0,1,1,0.5,0.1,1.901999971426667,160,8.0,linear,1.452253796745492e-08,1.4520333648728607e-08,0.1854543107431034,0.09149159001589997,1.7988943668001411e-12,1.452253796745492e-08,-1.0900595331020142e+02-4.9252901305668530e+01j,-1.0439980775887916e+02+5.8396012134113242e+01j,-1.1622622311662644e+02-2.8277390059104157e+01j,-1.0930000657981573e+02+4.8609898573806348e+01j,-8.861729392907387e-05,1.0000886172921302,4935581264.494488,4935581264.494488,1302280480.305054,ok
0,1,1,0.5,0.1,1.901999971426667,192,8.0,linear,8.624351752304119e-09,8.623192705142047e-09,0.1854564889082005,0.09149377583850282,7.535083668130937e-13,8.624351752304119e-09,-1.0900584489478004e+02-4.9253139535289279e+01j,-1.0439967935010550e+02+5.8396240256409669e+01j,-1.1622622311662644e+02-2.8277390059104157e+01j,-1.0930000657981573e+02+4.8609898573806348e+01j,-8.861729497443646e-05,1.000088617294221,11202039722.828905,11202039722.828905,2949175226.73294,ok
0,1,1,0.5,0.1,1.901999971426667,224,8.0,linear,5.627709582204006e-09,5.6273058051177114e-09,0.18545779083621602,0.0914950827078651,2.2581936320875684e-13,5.627709582204006e-09,-1.0900578015276926e+02-4.9253281949945887e+01j,-1.0439960263299476e+02+5.8396376675468403e+01j,-1.1622622311662644e+02-2.8277390059104157e+01j,-1.0930000657981573e+02+4.8609898573806348e+01j,-8.861729550554509e-05,1.0000886172957313,22402940851.932735,22402940851.932735,5890445286.555096,ok
0,1,1,0.5,0.1,1.901999971426667,64,10.0,linear,7.469870218058052e-08,7.467978491536692e-08,0.18542613521545875,0.09146331609197855,2.4563129308319276e-11,7.469870218058052e-08,-1.0900735383252918e+02-4.9249819050837679e+01j,-1.0440146697278389e+02+5.8393060451411223e+01j,-1.1622622311662644e+02-2.8277390059104157e+01j,-1.0930000657981573e+02+4.8609898573806348e+01j,-8.861728326377731e-05,1.0000886172587007,78699563.51015371,78699563.51015371,16449389.812657677,ok
0,1,1,0.5,0.1,1.901999971426667,80,10.0,linear,1.457860035600421e-07,1.4577909689635772e-07,0.18543860664856754,0.09147583858308025,1.198774413069259e-11,1.457860035600421e-07,-1.0900671190552374e+02-4.9251175784972254e+01j,-1.0440071136659499e+02+5.8394357362898717e+01j,-1.1622622311662644e+02-2.8277390059104157e+01j,-1.0930000657981573e+02+4.8609898573806348e+01j,-8.861732234129856e-05,1.0000886173103536,214303427.3369635,214303427.3369635,43088727.72680676,ok
0,1,1,0.5,0.1,1.901999971426667,96,10.0,linear,2.7485424128755474e-08,2.7479644641715884e-08,0.18544571439070445,0.09148296142243328,6.6525673858564005e-12,2.7485424128755474e-08,-1.0900638000590700e+02-4.9251960702587972e+01j,-1.0440031354604110e+02+5.8395111059291821e+01j,-1.1622622311662644e+02-2.8277390059104157e+01j,-1.0930000657981573e+02+4.8609898573806348e+01j,-8.861729163160215e-05,1.000088617284979,486041648.0331612,486041648.0331612,95651688.1293099,ok
0,1,1,0.5,0.1,1.901999971426667,112,10.0,linear,7.293855661027e-08,7.293391523984449e-08,0.18544984178544127,0.09148710691371678,3.607669718519446e-12,7.293855661027e-08,-1.0900616443568566e+02-4.9252408634501251e+01j,-1.0440006046337700e+02+5.8395538919198913e+01j,-1.1622622311662644e+02-2.8277390059104157e+01j,-1.0930000657981573e+02+4.8609898573806348e+01j,-8.861730943020671e-05,1.0000886173058225,971545349.4498367,971545349.4498367,188759779.9312392,ok
0,1,1,0.5,0.1,1.901999971426667,128,10.0,linear,7.674539407526617e-09,7.675693504622747e-09,0.18545251487087636,0.09148978720834727,3.632427691968587e-12,7.675693504622747e-09,-1.0900603962324777e+02-4.9252703829826785e+01j,-1.0439991076918835e+02+5.8395822533976379e+01j,-1.1622622311662644e+02-2.8277390059104157e+01j,-1.0930000657981573e+02+4.8609898573806348e+01j,-8.861729786316379e-05,1.0000886172942307,1770431405.4198942,1770431405.4198942,341172948.7607818,ok
0,1,1,0.5,0.1,1.901999971426667,160,10.0,linear,5.591318110262296e-09,5.591681123709259e-09,0.1854557533545398,0.09149303490825388,1.6807666369800245e-12,5.591681123709259e-09,-1.0900587966504604e+02-4.9253058452823709e+01j,-1.0439972114092032e+02+5.8396162060311973e+01j,-1.1622622311662644e+02-2.8277390059104157e+01j,-1.0930000657981573e+02+4.8609898573806348e+01j,-8.86172974939449e-05,1.0000886172958132,4827194076.186934,4827194076.186934,921612813.2127457,ok
0,1,1,0.5,0.1,1.901999971426667,192,10.0,linear,1.3914569658129956e-08,1.3914842841861613e-08,0.1854574627419021,0.09149475041686873,2.9765079290200447e-12,1.3914842841861613e-08,-1.0900579416255087e+02-4.9253245266873186e+01j,-1.0439961996546226e+02+5.8396340900300189e+01j,-1.1622622311662644e+02-2.8277390059104157e+01j,-1.0930000657981573e+02+4.8609898573806348e+01j,-8.861729896911305e-05,1.0000886172959926,10957093369.133778,10957093369.133778,2081876865.2730572,ok
0,1,1,0.5,0.1,1.901999971426667,224,10.0,linear,5.289339117779623e-09,5.290519773357371e-09,0.18545850536424993,0.09149579056430851,3.2630564916757976e-12,5.290519773357371e-09,-1.0900574356750430e+02-4.9253359747785545e+01j,-1.0439956008437989e+02+5.8396450067473999e+01j,-1.1622622311662644e+02-2.8277390059104157e+01j,-1.0930000657981573e+02+4.8609898573806348e+01j,-8.861729744042378e-05,1.0000886172941774,21914602071.02999,21914602071.02999,4152242707.1641784,ok
0,1,1,0.5,0.1,1.901999971426667,64,12.0,linear,1.267413194878617e-07,1.2673922743683274e-07,0.1854316718112282,0.09146888057868616,1.8242407584523335e-11,1.267413194878617e-07,-1.0900705709274654e+02-4.9250417314200938e+01j,-1.0440112013659596e+02+5.8393631200668793e+01j,-1.1622622311662644e+02-2.8277390059104157e+01j,-1.0930000657981573e+02+4.8609898573806348e+01j,-8.861731896592036e-05,1.0000886173007235,77981368.10217883,77981368.10217883,13288079.450575434,ok
0,1,1,0.5,0.1,1.901999971426667,80,12.0,linear,1.247868177697319e-07,1.2478021530527374e-07,0.1854425743772226,0.09147981902919951,8.874345702736264e-12,1.247868177697319e-07,-1.0900651802924827e+02-4.9251610985976924e+01j,-1.0440048093507865e+02+5.8394774485090416e+01j,-1.1622622311662644e+02-2.8277390059104157e+01j,-1.0930000657981573e+02+4.8609898573806348e+01j,-8.861731861951491e-05,1.0000886173097452,212380138.15648013,212380138.15648013,33891927.760089174,ok
0,1,1,0.5,0.1,1.901999971426667,96,12.0,linear,2.599495552634659e-08,2.5990272529776655e-08,0.18544825987546285,0.09148551653605964,4.7232218136628035e-12,2.599495552634659e-08,-1.0900625392368634e+02-4.9252239318782301e+01j,-1.0440016402374394e+02+5.8395378013418110e+01j,-1.1622622311662644e+02-2.8277390059104157e+01j,-1.0930000657981573e+02+4.8609898573806348e+01j,-8.861729189576472e-05,1.0000886172871726,481726772.45932996,481726772.45932996,74025411.0611976,ok
0,1,1,0.5,0.1,1.901999971426667,112,12.0,linear,4.3902844870654317e-08,4.390049913722718e-08,0.1854517909627124,0.09148906078585269,3.053224340021643e-12,4.3902844870654317e-08,-1.0900607131665420e+02-4.9252623161436560e+01j,-1.0439994935491774e+02+5.8395744673848739e+01j,-1.1622622311662644e+02-2.8277390059104157e+01j,-1.0930000657981573e+02+4.8609898573806348e+01j,-8.861730428407326e-05,1.0000886173012309,962990583.0709367,962990583.0709367,144596596.38537,ok
0,1,1,0.5,0.1,1.901999971426667,128,12.0,linear,9.027158515624091e-09,9.02738094395247e-09,0.1854539993254922,0.09149127397673358,2.0086154961518332e-12,9.02738094395247e-09,-1.0900596603971057e+02-4.9252866291579629e+01j,-1.0439982371229404e+02+5.8395977842590966e+01j,-1.1622622311662644e+02-2.8277390059104157e+01j,-1.0930000657981573e+02+4.8609898573806348e+01j,-8.861729810289469e-05,1.0000886172960943,1754936921.5420978,1754936921.5420978,259605185.50114948,ok
0,1,1,0.5,0.1,1.901999971426667,160,12.0,linear,1.5184447729328758e-08,1.5183259031795282e-08,0.185456689476582,0.09149397194375336,2.772226892489016e-13,1.5184447729328758e-08,-1.0900583226890141e+02-4.9253160562060437e+01j,-1.0439966533724225e+02+5.8396259474800743e+01j,-1.1622622311662644e+02-2.8277390059104157e+01j,-1.0930000657981573e+02+4.8609898573806348e+01j,-8.861729919417938e-05,1.000088617298917,4785312631.292715,4785312631.292715,695854183.6969192,ok
0,1,1,0.5,0.1,1.901999971426667,192,12.0,linear,1.8517811730391398e-10,1.8422950756284905e-10,0.18545811577836444,0.09149540237283871,1.900701818158268e-12,1.8517811730391398e-10,-1.0900576341873895e+02-4.9253317296496462e+01j,-1.0439958332388501e+02+5.8396409771751038e+01j,-1.1622622311662644e+02-2.8277390059104157e+01j,-1.0930000657981573e+02+4.8609898573806348e+01j,-8.861729653578988e-05,1.0000886172984365,10862591746.979317,10862591746.979317,1565576594.1411004,ok
0,1,1,0.5,0.1,1.901999971426667,224,12.0,linear,3.289615990875993e-10,3.3043924640823963e-10,0.185458998264106,0.09149628242609979,3.04956060404038e-12,3.3043924640823963e-10,-1.0900571982366139e+02-4.9253413928880576e+01j,-1.0439953193313825e+02+5.8396501772811114e+01j,-1.1622622311662644e+02-2.8277390059104157e+01j,-1.0930000657981573e+02+4.8609898573806348e+01j,-8.861729644466654e-05,1.0000886172994943,21726367843.177906,21726367843.177906,3115312828.2536445,ok
0,1,1,0.5,0.1,1.901999971426667,64,15.0,linear,2.028059213227793e-07,2.027944167512763e-07,0.18543772311566595,0.09147495542961191,1.2897016787860593e-11,2.028059213227793e-07,-1.0900674913171591e+02-4.9251076827750083e+01j,-1.0440075688688995e+02+5.8394262007582455e+01j,-1.1622622311662644e+02-2.8277390059104157e+01j,-1.0930000657981573e+02+4.8609898573806348e+01j,-8.861733244720577e-05,1.0000886173195502,77740429.48227969,77740429.48227969,10734470.505654855,ok
0,1,1,0.5,0.1,1.901999971426667,80,15.0,linear,7.057557218212613e-08,7.05722511657441e-08,0.18544635126748754,0.09148360552878264,5.8296700800042345e-12,7.057557218212613e-08,-1.0900633736370416e+02-4.9252026592311879e+01j,-1.0440026539512357e+02+5.8395173117615336e+01j,-1.1622622311662644e+02-2.8277390059104157e+01j,-1.0930000657981573e+02+4.8609898573806348e+01j,-8.861730901140404e-05,1.0000886173031818,211747952.80303162,211747952.80303162,26162799.63764759,ok
0,1,1,0.5,0.1,1.901999971426667,96,15.0,linear,2.3967451553432528e-08,2.396322285924313e-08,0.18545091092274227,0.09148817561745178,4.173883461078276e-12,2.3967451553432528e-08,-1.0900612255801784e+02-4.9252529470439761e+01j,-1.0440000836555654e+02+5.8395655803960040e+01j,-1.1622622311662644e+02-2.8277390059104157e+01j,-1.0930000657981573e+02+4.8609898573806348e+01j,-8.861729225510854e-05,1.0000886172880812,480329821.0653769,480329821.0653769,55390297.8697268,ok
0,1,1,0.5,0.1,1.901999971426667,112,15.0,linear,3.658038713577188e-08,3.657889626224083e-08,0.18545368036120433,0.09149095857683809,3.465339126762501e-12,3.658038713577188e-08,-1.0900597868773991e+02-4.9252830294751014e+01j,-1.0439983919962552e+02+5.8395943403208570e+01j,-1.1622622311662644e+02-2.8277390059104157e+01j,-1.0930000657981573e+02+4.8609898573806348e+01j,-8.861730298628028e-05,1.000088617299521,960251380.2679559,960251380.2679559,105920737.63325737,ok
0,1,1,0.5,0.1,1.901999971426667,128,15.0,linear,1.0193367278539411e-08,1.0192026213295452e-08,0.1854555069160624,0.09149278775290562,8.395506512215434e-13,1.0193367278539411e-08,-1.0900589364844002e+02-4.9253032090541481e+01j,-1.0439973727899074e+02+5.8396137076565715e+01j,-1.1622622311662644e+02-2.8277390059104157e+01j,-1.0930000657981573e+02+4.8609898573806348e+01j,-8.861729469635263e-05,1.0000886172938568,1750019109.2654037,1750019109.2654037,187396309.95102078,ok
0,1,1,0.5,0.1,1.901999971426667,160,15.0,linear,3.811826609784703e-09,3.811101749291843e-09,0.18545761375660655,0.09149490757765633,7.382983113757291e-13,3.811826609784703e-09,-1.0900578870598949e+02-4.9253262492712821e+01j,-1.0439961267621321e+02+5.8396358275404701e+01j,-1.1622622311662644e+02-2.8277390059104157e+01j,-1.0930000657981573e+02+4.8609898573806348e+01j,-8.861729582738237e-05,1.0000886172950891,4772185127.113031,4772185127.113031,493444400.4210513,ok
0,1,1,0.5,0.1,1.901999971426667,192,15.0,linear,6.264924057501821e-09,6.265388854593011e-09,0.18545877210042486,0.09149607253199125,2.0041746040533326e-12,6.265388854593011e-09,-1.0900573026217778e+02-4.9253388911231312e+01j,-1.0439954349682333e+02+5.8396479483358540e+01j,-1.1622622311662644e+02-2.8277390059104157e+01j,-1.0930000657981573e+02+4.8609898573806348e+01j,-8.861729761333118e-05,1.0000886172956092,10833224906.76485,10833224906.76485,1099580769.3521323,ok
0,1,1,0.5,0.1,1.901999971426667,224,15.0,linear,2.1028174271914785e-09,2.102837712515183e-09,0.1854594730309943,0.0914967644268102,4.4941828036826337e-13,2.102837712515183e-09,-1.0900569654006652e+02-4.9253465974490780e+01j,-1.0439950394624734e+02+5.8396552241221713e+01j,-1.1622622311662644e+02-2.8277390059104157e+01j,-1.0930000657981573e+02+4.8609898573806348e+01j,-8.861729613027791e-05,1.0000886172965797,21668257317.2164,21668257317.2164,2175841932.6570964,ok
0,1,1,0.5,0.1,1.901999971426667,64,20.0,linear,5.694474152627693e-08,5.694357439148157e-08,0.18544360614518635,0.09148085080140192,7.722156247780276e-12,5.694474152627693e-08,-1.0900647469947248e+02-4.9251726594674274e+01j,-1.0440042788534132e+02+5.8394885952477651e+01j,-1.1622622311662644e+02-2.8277390059104157e+01j,-1.0930000657981573e+02+4.8609898573806348e+01j,-8.861730659554886e-05,1.0000886172988734,78038198.72523966,78038198.72523966,8759090.296121895,ok
0,1,1,0.5,0.1,1.901999971426667,80,20.0,linear,4.135561576277299e-08,4.135388801539498e-08,0.1854500274247663,0.0914872918226996,3.837818951524241e-12,4.135561576277299e-08,-1.0900615884053404e+02-4.9252430192818757e+01j,-1.0440005303560150e+02+5.8395559937099129e+01j,-1.1622622311662644e+02-2.8277390059104157e+01j,-1.0930000657981573e+02+4.8609898573806348e+01j,-8.861730383261608e-05,1.0000886172999948,212576068.853502,212576068.853502,20033972.194682647,ok
0,1,1,0.5,0.1,1.901999971426667,96,20.0,linear,3.904341582695735e-08,3.904085403826544e-08,0.1854535298649674,0.09149080607249278,1.7598145163333356e-12,3.904341582695735e-08,-1.0900598585239582e+02-4.9252813722467593e+01j,-1.0439984785098081e+02+5.8395927333095081e+01j,-1.1622622311662644e+02-2.8277390059104157e+01j,-1.0930000657981573e+02+4.8609898573806348e+01j,-8.861730342281423e-05,1.000088617301663,482235031.60168785,482235031.60168785,40223750.99950886,ok
0,1,1,0.5,0.1,1.901999971426667,112,20.0,linear,4.756067317169822e-09,4.756155729728743e-09,0.18545563736035597,0.09149291933222391,9.837686221203512e-13,4.756155729728743e-09,-1.0900588549771339e+02-4.9253045786722076e+01j,-1.0439972798665248e+02+5.8396150026357667e+01j,-1.1622622311662644e+02-2.8277390059104157e+01j,-1.0930000657981573e+02+4.8609898573806348e+01j,-8.861729734590957e-05,1.0000886172963621,964098355.8673902,964098355.8673902,73755362.96606612,ok
0,1,1,0.5,0.1,1.901999971426667,128,20.0,linear,3.786105813080935e-09,3.7852977455568046e-09,0.18545696623489505,0.09149425315612583,9.093836794704657e-13,3.786105813080935e-09,-1.0900582073360783e+02-4.9253191602650631e+01j,-1.0439965092931416e+02+5.8396289881050130e+01j,-1.1622622311662644e+02-2.8277390059104157e+01j,-1.0930000657981573e+02+4.8609898573806348e+01j,-8.8617295831941e-05,1.0000886172949226,1757082448.6292155,1757082448.6292155,126326099.299137,ok
0,1,1,0.5,0.1,1.901999971426667,160,20.0,linear,4.0731470720242e-09,4.071693806163682e-09,0.18545856410820458,0.09149585935590336,2.148947686464453e-12,4.0731470720242e-09,-1.0900574172515707e+02-4.9253366545011602e+01j,-1.0439955706543283e+02+5.8396457758771966e+01j,-1.1622622311662644e+02-2.8277390059104157e+01j,-1.0930000657981573e+02+4.8609898573806348e+01j,-8.861729578106735e-05,1.000088617293632,4791649717.153815,4791649717.153815,318370599.49542654,ok
0,1,1,0.5,0.1,1.901999971426667,192,20.0,linear,1.381612579440843e-09,1.3803190740418448e-09,0.18545942632928653,0.09149672611554274,2.3062662890538377e-12,1.381612579440843e-09,-1.0900569876831756e+02-4.9253460833508889e+01j,-1.0439950610847521e+02+5.8396548198614141e+01j,-1.1622622311662644e+02-2.8277390059104157e+01j,-1.0930000657981573e+02+4.8609898573806348e+01j,-8.861729625810036e-05,1.0000886172939518,10877721010.809273,10877721010.809273,691201025.1455644,ok
0,1,1,0.5,0.1,1.901999971426667,224,20.0,linear,2.7485148148678233e-09,2.7509104892765506e-09,0.185459955514305,0.09149724359085341,5.242251077675064e-12,2.7509104892765506e-09,-1.0900567212216760e+02-4.9253518605808722e+01j,-1.0439947541567015e+02+5.8396602057898477e+01j,-1.1622622311662644e+02-2.8277390059104157e+01j,-1.0930000657981573e+02+4.8609898573806348e+01j,-8.86172969901018e-05,1.0000886172917478,21757712630.084118,21757712630.084118,1345944823.09359,ok
0,1,1,0.5,0.1,1.901999971426667,64,25.0,linear,3.3984114360388774e-08,3.398188091349022e-08,0.18544719289710593,0.09148441761700041,1.5200063430143018e-12,3.3984114360388774e-08,-1.0900629988887701e+02-4.9252120162968239e+01j,-1.0440022184124770e+02+5.8395259950446317e+01j,-1.1622622311662644e+02-2.8277390059104157e+01j,-1.0930000657981573e+02+4.8609898573806348e+01j,-8.861730252613089e-05,1.0000886173010062,78501918.58639517,78501918.58639517,7653467.189621819,ok
0,1,1,0.5,0.1,1.901999971426667,80,25.0,linear,1.405858908327714e-10,1.3946711841994981e-10,0.18545231011336444,0.09148958110034537,2.176703262080082e-12,1.405858908327714e-10,-1.0900605063948592e+02-4.9252681719023506e+01j,-1.0439992365444604e+02+5.8395801412779051e+01j,-1.1622622311662644e+02-2.8277390059104157e+01j,-1.0930000657981573e+02+4.8609898573806348e+01j,-8.861729647805322e-05,1.0000886172943013,213846326.84557813,213846326.84557813,16871749.38480197,ok
0,1,1,0.5,0.1,1.901999971426667,96,25.0,linear,3.2675957983160117e-09,3.2677043026089565e-09,0.18545508877876182,0.0914923684342699,7.595035711460696e-13,3.2677043026089565e-09,-1.0900591280300718e+02-4.9252985787536538e+01j,-1.0439976035004540e+02+5.8396092532281010e+01j,-1.1622622311662644e+02-2.8277390059104157e+01j,-1.0930000657981573e+02+4.8609898573806348e+01j,-8.861729708210093e-05,1.0000886172963226,485127704.54841685,485127704.54841685,32628132.465245917,ok
0,1,1,0.5,0.1,1.901999971426667,112,25.0,linear,1.219203388765272e-08,1.2191190657209832e-08,0.18545676505283626,0.09149405176708851,4.3787196091216174e-13,1.219203388765272e-08,-1.0900582887034078e+02-4.9253168952969304e+01j,-1.0439966099134483e+02+5.8396267977484619e+01j,-1.1622622311662644e+02-2.8277390059104157e+01j,-1.0930000657981573e+02+4.8609898573806348e+01j,-8.861729866382011e-05,1.000088617298226,969897712.8584825,969897712.8584825,57755048.55395737,ok
0,1,1,0.5,0.1,1.901999971426667,128,25.0,linear,1.0386524938619066e-08,1.0386371730462184e-08,0.18545786233325753,0.09149515218610503,1.4981349494291862e-12,1.0386524938619066e-08,-1.0900577479696595e+02-4.9253289151079777e+01j,-1.0439959685681802e+02+5.8396383077992063e+01j,-1.1622622311662644e+02-2.8277390059104157e+01j,-1.0930000657981573e+02+4.8609898573806348e+01j,-8.861729834382144e-05,1.0000886172968457,1767674315.2130024,1767674315.2130024,95859344.57023229,ok
0,1,1,0.5,0.1,1.901999971426667,160,25.0,linear,1.5894936518978987e-09,1.590699832014214e-09,0.18545912659687622,0.09149642391593509,2.6578739209526248e-12,1.590699832014214e-09,-1.0900571325755870e+02-4.9253427903406191e+01j,-1.0439952345626213e+02+5.8396516456762306e+01j,-1.1622622311662644e+02-2.8277390059104157e+01j,-1.0930000657981573e+02+4.8609898573806348e+01j,-8.861729678468317e-05,1.0000886172941268,4820620606.575432,4820620606.575432,229829262.52223957,ok
0,1,1,0.5,0.1,1.901999971426667,192,25.0,linear,6.745637394834884e-10,6.740404841972052e-10,0.1854598206054495,0.09149712089682327,8.910649995641506e-13,6.745637394834884e-10,-1.0900567918449330e+02-4.9253503970188632e+01j,-1.0439948295481612e+02+5.8396589418910480e+01j,-1.1622622311662644e+02-2.8277390059104157e+01j,-1.0930000657981573e+02+4.8609898573806348e+01j,-8.861729638341387e-05,1.0000886172954924,10943619998.803677,10943619998.803677,481957823.7968707,ok
0,1,1,0.5,0.1,1.901999971426667,224,25.0,linear,7.481581099392554e-10,7.492415450572017e-10,0.185460244857482,0.09149753290729344,2.3356871992064043e-12,7.492415450572017e-10,-1.0900565820652005e+02-4.9253550419065142e+01j,-1.0439945887763538e+02+5.8396632481700806e+01j,-1.1622622311662644e+02-2.8277390059104157e+01j,-1.0930000657981573e+02+4.8609898573806348e+01j,-8.86172963703704e-05,1.000088617298706,21889702892.7845,21889702892.7845,916530612.4992294,ok
0,1,1,0.5,0.1,1.901999971426667,64,30.0,linear,7.507435257558185e-07,7.507495410192647e-07,0.1854500114533624,0.09148650290781572,1.451252451545315e-10,7.507495410192647e-07,-1.0900624960744781e+02-4.9252459416083411e+01j,-1.0440018396691404e+02+5.8395519956222451e+01j,-1.1622622311662644e+02-2.8277390059104157e+01j,-1.0930000657981573e+02+4.8609898573806348e+01j,-8.861716344539651e-05,1.0000886173085706,78938876.14381799,78938876.14381799,6794841.3405063385,ok
0,1,1,0.5,0.1,1.901999971426667,80,30.0,linear,1.9858838487211653e-09,1.9845764008468666e-09,0.18545382807168764,0.09149110543760425,2.226663298188214e-12,1.9858838487211653e-09,-1.0900597576194977e+02-4.9252847973740607e+01j,-1.0439983474370821e+02+5.8395960819102612e+01j,-1.1622622311662644e+02-2.8277390059104157e+01j,-1.0930000657981573e+02+4.8609898573806348e+01j,-8.861729615100259e-05,1.0000886172939243,215040189.7935121,215040189.7935121,14699222.070848,ok
0,1,1,0.5,0.1,1.901999971426667,96,30.0,linear,6.690876437088929e-09,6.6896034732018496e-09,0.185456150499278,0.09149343259258097,1.3243850460753492e-12,6.690876437088929e-09,-1.0900586141497089e+02-4.9253102411510930e+01j,-1.0439969920834055e+02+5.8396204280416413e+01j,-1.1622622311662644e+02-2.8277390059104157e+01j,-1.0930000657981573e+02+4.8609898573806348e+01j,-8.861729531711514e-05,1.0000886172939927,487841627.3548645,487841627.3548645,27815237.993280496,ok
0,1,1,0.5,0.1,1.901999971426667,112,30.0,linear,3.673607280785192e-09,3.67310843937125e-09,0.1854575417696574,0.0914948289947351,3.106404022901188e-13,3.673607280785192e-09,-1.0900579225122321e+02-4.9253254606358119e+01j,-1.0439961725520332e+02+5.8396350055381141e+01j,-1.1622622311662644e+02-2.8277390059104157e+01j,-1.0930000657981573e+02+4.8609898573806348e+01j,-8.861729585187961e-05,1.0000886172955412,975331701.0419393,975331701.0419393,48108143.63709612,ok
0,1,1,0.5,0.1,1.901999971426667,128,30.0,linear,1.3482352661473088e-09,1.348073721713896e-09,0.1854584428100201,0.09149573409419169,1.2012613126444194e-13,1.3482352661473088e-09,-1.0900574710952323e+02-4.9253353053611804e+01j,-1.0439956380762327e+02+5.8396444377215396e+01j,-1.1622622311662644e+02-2.8277390059104157e+01j,-1.0930000657981573e+02+4.8609898573806348e+01j,-8.861729674192383e-05,1.0000886172968622,1777589289.2148552,1777589289.2148552,78013258.69739072,ok
0,1,1,0.5,0.1,1.901999971426667,160,30.0,linear,2.165145323835318e-09,2.164873812043423e-09,0.18545951441012937,0.09149680639888698,1.9562129693895258e-13,2.165145323835318e-09,-1.0900569400837172e+02-4.9253470337686444e+01j,-1.0439950103569345e+02+5.8396556398863069e+01j,-1.1622622311662644e+02-2.8277390059104157e+01j,-1.0930000657981573e+02+4.8609898573806348e+01j,-8.861729688670856e-05,1.0000886172970824,4847703668.486428,4847703668.486428,179180084.58879507,ok
0,1,1,0.5,0.1,1.901999971426667,192,30.0,linear,1.8973515071193805e-09,1.8969163954140753e-09,0.18546008545253645,0.09149738153435814,5.699885008425554e-13,1.8973515071193805e-09,-1.0900566579124281e+02-4.9253532864387182e+01j,-1.0439946744323460e+02+5.8396616520008919e+01j,-1.1622622311662644e+02-2.8277390059104157e+01j,-1.0930000657981573e+02+4.8609898573806348e+01j,-8.861729683924623e-05,1.0000886172974093,11005161329.89779,11005161329.89779,362724087.1780275,ok
0,1,1,0.5,0.1,1.901999971426667,224,30.0,linear,4.286736880887472e-10,4.292129273950665e-10,0.18546043277218838,0.0914977309753543,1.1181056080999952e-12,4.292129273950665e-10,-1.0900564877732032e+02-4.9253570945455216e+01j,-1.0439944717282084e+02+5.8396653118387903e+01j,-1.1622622311662644e+02-2.8277390059104157e+01j,-1.0930000657981573e+02+4.8609898573806348e+01j,-8.861729657894571e-05,1.0000886172954608,22012912386.51774,22012912386.51774,671256028.4408469,ok
0,1,1,0.5,0.1,1.901999971426667,64,40.0,linear,0.0001507333922694541,0.00015070661010120124,0.1852776156419435,0.09168648145831301,2.685184119499695e-08,0.0001507333922694541,-1.0903181596765097e+02-4.9239441417235383e+01j,-1.0440455467829086e+02+5.8424447037086999e+01j,-1.1622622311662644e+02-2.8277390059104157e+01j,-1.0930000657981573e+02+4.8609898573806348e+01j,-8.859058737062751e-05,1.0000885637355295,79637400.01828657,79637400.01828657,5597103.352337409,ok
0,1,1,0.5,0.1,1.901999971426667,80,40.0,linear,6.593851969912321e-07,6.594210443517723e-07,0.18545499995197495,0.09149365316242314,1.885311906590914e-10,6.594210443517723e-07,-1.0900584266675476e+02-4.9252950407752252e+01j,-1.0439961499145340e+02+5.8396191618024190e+01j,-1.1622622311662644e+02-2.8277390059104157e+01j,-1.0930000657981573e+02+4.8609898573806348e+01j,-8.861741336895252e-05,1.0000886172248378,216946110.1298452,216946110.1298452,11915521.938929724,ok
0,1,1,0.5,0.1,1.901999971426667,96,40.0,linear,2.752153403686461e-10,2.7551677358816586e-10,0.18545746183409562,0.09149474626726416,6.155076448521868e-13,2.7551677358816586e-10,-1.0900579575678852e+02-4.9253245700808591e+01j,-1.0439962166845373e+02+5.8396341197906047e+01j,-1.1622622311662644e+02-2.8277390059104157e+01j,-1.0930000657981573e+02+4.8609898573806348e+01j,-8.861729655174759e-05,1.0000886172959362,492170500.31960297,492170500.31960297,22115628.310093388,ok
0,1,1,0.5,0.1,1.901999971426667,112,40.0,linear,3.354942245328459e-09,3.3544559782185908e-09,0.18545851153691453,0.09149580202975596,3.4228175849193576e-13,3.354942245328459e-09,-1.0900574424409179e+02-4.9253360761558305e+01j,-1.0439956033978777e+02+5.8396451729219926e+01j,-1.1622622311662644e+02-2.8277390059104157e+01j,-1.0930000657981573e+02+4.8609898573806348e+01j,-8.861729590835809e-05,1.000088617295566,983993837.0187646,983993837.0187646,37401284.765186734,ok
0,1,1,0.5,0.1,1.901999971426667,128,40.0,linear,1.5452016413781942e-09,1.5448991479910648e-09,0.18545918911441459,0.09149648198102765,2.950972799453666e-13,1.5452016413781942e-09,-1.0900571052110932e+02-4.9253434870236333e+01j,-1.0439952039764961e+02+5.8396522693200190e+01j,-1.1622622311662644e+02-2.8277390059104157e+01j,-1.0930000657981573e+02+4.8609898573806348e+01j,-8.861729622910672e-05,1.000088617295934,1793386945.768237,1793386945.768237,59166155.94153823,ok
0,1,1,0.5,0.1,1.901999971426667,160,40.0,linear,1.3473308165872377e-09,1.3470090536684955e-09,0.18545998254128038,0.09149727798272014,3.6837199957062694e-13,1.3473308165872377e-09,-1.0900567125049169e+02-4.9253521724805587e+01j,-1.0439947384397691e+02+5.8396605871866406e+01j,-1.1622622311662644e+02-2.8277390059104157e+01j,-1.0930000657981573e+02+4.8609898573806348e+01j,-8.861729626417627e-05,1.0000886172958958,4890827247.576088,4890827247.576088,128869234.75454623,ok
0,1,1,0.5,0.1,1.901999971426667,192,40.0,linear,1.2316465736710695e-09,1.2315822632636534e-09,0.1854604132884318,0.09149771065548294,5.4067861299245124e-14,1.2316465736710695e-09,-1.0900564964990576e+02-4.9253568781027418e+01j,-1.0439944827476425e+02+5.8396650951761650e+01j,-1.1622622311662644e+02-2.8277390059104157e+01j,-1.0930000657981573e+02+4.8609898573806348e+01j,-8.861729672126028e-05,1.0000886172966672,11103125791.761982,11103125791.761982,247514402.4301992,ok
0,1,1,0.5,0.1,1.901999971426667,224,40.0,linear,7.124606869046697e-10,7.123561788353391e-10,0.1854606760493647,0.09149797310182857,4.651834473179406e-14,7.124606869046697e-10,-1.0900563687282009e+02-4.9253597623416518e+01j,-1.0439943314085433e+02+5.8396678483956485e+01j,-1.1622622311662644e+02-2.8277390059104157e+01j,-1.0930000657981573e+02+4.8609898573806348e+01j,-8.861729637669723e-05,1.0000886172963301,22208946278.950825,22208946278.950825,436615925.786196,ok
0,2,1,0.5,0.3,5.7128551747629475,64,6.0,linear,1.5515862203870416e-07,1.5521086224016836e-07,0.1854025427717336,0.6348155645913932,4.6887604909784386e-11,1.5521086224016836e-07,1.0205322814283683e+02-2.7501134468748720e+01j,5.0696779330594822e+01+9.2730496350067924e+01j,9.5222395210482972e+01-4.5867916403665426e+01j,-1.5341092406753237e+01+1.0456460110601181e+02j,0.00018488515022317011,0.9998151148966644,68616437.7125176,68616437.7125176,94433170.70408784,ok
0,2,1,0.5,0.3,5.7128551747629475,80,6.0,linear,9.642475928575964e-08,9.645429268649393e-08,0.1854236262430712,0.634835630637038,2.3200330545591896e-11,9.645429268649393e-08,1.0205380460347529e+02-2.7498971347046009e+01j,5.0698740368912119e+01+9.2729417124847089e+01j,9.5222395210482972e+01-4.5867916403665426e+01j,-1.5341092406753237e+01+1.0456460110601181e+02j,0.0001848851719412067,0.9998151148512591,186863994.24261722,186863994.24261722,256289214.46442834,ok
0,2,1,0.5,0.3,5.7128551747629475,96,6.0,linear,3.8654981422615695e-08,3.8655337121454e-08,0.1854350875584361,0.6348465159330136,1.3381740160411937e-11,3.8655337121454e-08,1.0205410769493633e+02-2.7497791616467023e+01j,5.0699802143738680e+01+9.2728820329963455e+01j,9.5222395210482972e+01-4.5867916403665426e+01j,-1.5341092406753237e+01+1.0456460110601181e+02j,0.00018488522188969418,0.999815114791492,423832489.34655714,423832489.34655714,580251133.1332949,ok
0,2,1,0.5,0.3,5.7128551747629475,112,6.0,linear,7.564936417295153e-08,7.565943816584253e-08,0.18544216400503585,0.6348532464017022,7.6278983129896e-12,7.565943816584253e-08,1.0205429944015775e+02-2.7497064942096461e+01j,5.0700459560416853e+01+9.2728456424972919e+01j,9.5222395210482972e+01-4.5867916403665426e+01j,-1.5341092406753237e+01+1.0456460110601181e+02j,0.0001848852355691248,0.9998151147720589,847230758.6216878,847230758.6216878,1158649996.7008603,ok
0,2,1,0.5,0.3,5.7128551747629475,128,6.0,linear,2.6588778526613694e-08,2.6596498574628225e-08,0.18544666433052306,0.6348575560496817,5.405231817690037e-12,2.6596498574628225e-08,1.0205443389232740e+02-2.7496607459961012e+01j,5.0700882992262677e+01+9.2728237223701029e+01j,9.5222395210482972e+01-4.5867916403665426e+01j,-1.5341092406753237e+01+1.0456460110601181e+02j,0.00018488519776448155,0.9998151148076407,1543940218.134162,1543940218.134162,2109931776.5509238,ok
0,2,1,0.5,0.3,5.7128551747629475,160,6.0,linear,1.4384702164492184e-08,1.4389027193768082e-08,0.18545196974410666,0.6348626049437576,3.129052572603541e-12,1.4389027193768082e-08,1.0205457918872474e+02-2.7496063224310443e+01j,5.0701376460354957e+01+9.2727965938773750e+01j,9.5222395210482972e+01-4.5867916403665426e+01j,-1.5341092406753237e+01+1.0456460110601181e+02j,0.00018488520227718765,0.9998151148008518,4209818453.546964,4209818453.546964,5747927683.383389,ok
0,2,1,0.5,0.3,5.7128551747629475,192,6.0,linear,2.5895829633982263e-09,2.5914756382569582e-09,0.18545483682029038,0.6348653333558961,2.6267876762631204e-12,2.5914756382569582e-09,1.0205465718918060e+02-2.7495768923440263e+01j,5.0701643026842518e+01+9.2727818765241466e+01j,9.5222395210482972e+01-4.5867916403665426e+01j,-1.5341092406753237e+01+1.0456460110601181e+02j,0.00018488520663867368,0.9998151147959881,9555981564.053904,9555981564.053904,13040282329.384686,ok
0,2,1,0.5,0.3,5.7128551747629475,224,6.0,linear,1.0109084419920812e-08,1.011024872676005e-08,0.1854565853504709,0.6348669950002592,1.2090328738167955e-12,1.011024872676005e-08,1.0205470421080040e+02-2.7495589235738986e+01j,5.0701805261261264e+01+9.2727728528721073e+01j,9.5222395210482972e+01-4.5867916403665426e+01j,-1.5341092406753237e+01+1.0456460110601181e+02j,0.00018488521133426525,0.9998151147898748,19112669952.068634,19112669952.068634,26071885286.216343,ok
0,2,1,0.5,0.3,5.7128551747629475,64,8.0,linear,1.7724393534795748e-07,1.7726176196486092e-07,0.18541731336720738,0.6348295558927742,2.9692248659785037e-11,1.7726176196486092e-07,1.0205360302478439e+02-2.7499608259950634e+01j,5.0698140960029740e+01+9.2729711873696544e+01j,9.5222395210482972e+01-4.5867916403665426e+01j,-1.5341092406753237e+01+1.0456460110601181e+02j,0.00018488527313580583,0.9998151147565565,69407095.62794103,69407095.62794103,65068156.468423635,ok
0,2,1,0.5,0.3,5.7128551747629475,80,8.0,linear,1.3071679405323376e-07,1.3073346090545393e-07,0.1854331270575156,0.6348446270439786,1.4807044479425713e-11,1.3073346090545393e-07,1.0205404439251805e+02-2.7497989152773705e+01j,5.0699615626639755e+01+9.2728911217869921e+01j,9.5222395210482972e+01-4.5867916403665426e+01j,-1.5341092406753237e+01+1.0456460110601181e+02j,0.0001848852559314375,0.9998151147588755,189054327.99708384,189054327.99708384,175860529.78559124,ok
0,2,1,0.5,0.3,5.7128551747629475,96,8.0,linear,6.503284630825668e-08,6.503987846541404e-08,0.1854417793325243,0.6348528827198003,9.784839605231355e-12,6.503987846541404e-08,1.0205428987329852e+02-2.7497104762244646e+01j,5.0700424206328279e+01+9.2728477034381740e+01j,9.5222395210482972e+01-4.5867916403665426e+01j,-1.5341092406753237e+01+1.0456460110601181e+02j,0.00018488523164344976,0.9998151147781414,428858048.2290037,428858048.2290037,397439957.0439196,ok
0,2,1,0.5,0.3,5.7128551747629475,112,8.0,linear,5.806779480236263e-09,5.804558325718182e-09,0.1854469964280379,0.6348578628926841,6.388223283693151e-12,5.806779480236263e-09,1.0205443984022831e+02-2.7496572222646726e+01j,5.0700912360019423e+01+9.2728217263625311e+01j,9.5222395210482972e+01-4.5867916403665426e+01j,-1.5341092406753237e+01+1.0456460110601181e+02j,0.00018488520974340011,0.9998151147966448,857359826.4948143,857359826.4948143,792922822.712864,ok
0,2,1,0.5,0.3,5.7128551747629475,128,8.0,linear,1.6971166622378942e-08,1.6977236126092103e-08,0.18545034061615576,0.6348610546787129,5.661027202563673e-12,1.6977236126092103e-08,1.0205453445749727e+02-2.7496230299336336e+01j,5.0701224918068135e+01+9.2728049109966946e+01j,9.5222395210482972e+01-4.5867916403665426e+01j,-1.5341092406753237e+01+1.0456460110601181e+02j,0.00018488520132078966,0.9998151148043402,1562513466.838267,1562513466.838267,1443279433.61487,ok
0,2,1,0.5,0.3,5.7128551747629475,160,8.0,linear,6.811125682569478e-09,6.811173979071097e-09,0.1854543342764337,0.6348648560442092,2.2215562722749382e-12,6.811173979071097e-09,1.0205464237623262e+02-2.7495820084475159e+01j,5.0701596167955266e+01+9.2727843254138406e+01j,9.5222395210482972e+01-4.5867916403665426e+01j,-1.5341092406753237e+01+1.0456460110601181e+02j,0.00018488521011477763,0.9998151147921068,4260906994.6756635,4260906994.6756635,3930251216.71131,ok
0,2,1,0.5,0.3,5.7128551747629475,192,8.0,linear,7.576342048011582e-09,7.579376036986048e-09,0.1854564889041699,0.6348669070578105,3.4656721936698887e-12,7.579376036986048e-09,1.0205470179946977e+02-2.7495599214840510e+01j,5.0701796711558750e+01+9.2727733508384574e+01j,9.5222395210482972e+01-4.5867916403665426e+01j,-1.5341092406753237e+01+1.0456460110601181e+02j,0.000184885210397732,0.9998151147861366,9672633282.940952,9672633282.940952,8915234080.267506,ok
0,2,1,0.5,0.3,5.7128551747629475,224,8.0,linear,2.2179575160161255e-09,2.2175936545015226e-09,0.18545779168254214,0.6348681493171277,1.34692257347524e-12,2.2179575160161255e-09,1.0205473830818602e+02-2.7495465883093484e+01j,5.0701918291434673e+01+9.2727667676500502e+01j,9.5222395210482972e+01-4.5867916403665426e+01j,-1.5341092406753237e+01+1.0456460110601181e+02j,0.0001848852084163599,0.9998151147929305,19346940748.053032,19346940748.053032,17823449040.537525,ok
0,2,1,0.5,0.3,5.7128551747629475,64,10.0,linear,1.7104578423275046e-07,1.710668256913451e-07,0.1854260718807556,0.6348378984756861,2.0972112935169207e-11,1.710668256913451e-07,1.0205384553505877e+02-2.7498710783936239e+01j,5.0698956873091340e+01+9.2729266530831623e+01j,9.5222395210482972e+01-4.5867916403665426e+01j,-1.5341092406753237e+01+1.0456460110601181e+02j,0.0001848852708439117,0.9998151147501283,70908126.01783572,70908126.01783572,44943753.51426744,ok
0,2,1,0.5,0.3,5.7128551747629475,80,10.0,linear,6.737883478468128e-08,6.738615591473044e-08,0.18543868965480048,0.634849938779011,1.007460781465852e-11,6.738615591473044e-08,1.0205420431464037e+02-2.7497421354371824e+01j,5.0700136284801417e+01+9.2728634175795079e+01j,9.5222395210482972e+01-4.5867916403665426e+01j,-1.5341092406753237e+01+1.0456460110601181e+02j,0.00018488523251092707,0.9998151147775636,193155746.84126294,193155746.84126294,120573549.7477199,ok
0,2,1,0.5,0.3,5.7128551747629475,96,10.0,linear,1.35560838956287e-08,1.3555449870737843e-08,0.18544563192520153,0.6348565629427319,6.079803327452282e-12,1.35560838956287e-08,1.0205440138763930e+02-2.7496711791976448e+01j,5.0700785091365852e+01+9.2728285916469744e+01j,9.5222395210482972e+01-4.5867916403665426e+01j,-1.5341092406753237e+01+1.0456460110601181e+02j,0.00018488521260886373,0.999815114793471,438181964.54963654,438181964.54963654,271630976.6237934,ok
0,2,1,0.5,0.3,5.7128551747629475,112,10.0,linear,1.0789259460063553e-08,1.0789727594777236e-08,0.1854498192033478,0.6348605515774425,2.8530511286817273e-12,1.0789727594777236e-08,1.0205451729656970e+02-2.7496282714976164e+01j,5.0701175176195648e+01+9.2728072962945973e+01j,9.5222395210482972e+01-4.5867916403665426e+01j,-1.5341092406753237e+01+1.0456460110601181e+02j,0.00018488521158577383,0.9998151147912673,876029342.091706,876029342.091706,541129703.4551656,ok
0,2,1,0.5,0.3,5.7128551747629475,128,10.0,linear,1.819067652859844e-08,1.8193458552399038e-08,0.18545253834358283,0.6348631413666717,9.632294961647858e-13,1.8193458552399038e-08,1.0205459164955096e+02-2.7496003739746726e+01j,5.0701428274009139e+01+9.2727933683751004e+01j,9.5222395210482972e+01-4.5867916403665426e+01j,-1.5341092406753237e+01+1.0456460110601181e+02j,0.00018488521432259903,0.9998151147866405,1596579218.9175348,1596579218.9175348,984258918.0622536,ok
0,2,1,0.5,0.3,5.7128551747629475,160,10.0,linear,2.865814330204701e-10,2.863201727636873e-10,0.18545574736815268,0.634866200187358,8.285594432777543e-13,2.865814330204701e-10,1.0205468210455163e+02-2.7495675510466373e+01j,5.0701727744783391e+01+9.2727772165525749e+01j,9.5222395210482972e+01-4.5867916403665426e+01j,-1.5341092406753237e+01+1.0456460110601181e+02j,0.0001848852074902555,0.9998151147916812,4353960086.877032,4353960086.877032,2678821225.4026327,ok
0,2,1,0.5,0.3,5.7128551747629475,192,10.0,linear,7.23378993514561e-09,7.234924123512332e-09,0.18545746615223418,0.6348678356784441,2.0650148258027912e-13,7.234924123512332e-09,1.0205472881979603e+02-2.7495499063176656e+01j,5.0701887523600789e+01+9.2727683895483949e+01j,9.5222395210482972e+01-4.5867916403665426e+01j,-1.5341092406753237e+01+1.0456460110601181e+02j,0.00018488521027106638,0.9998151147899355,9884114867.095823,9884114867.095823,6075783019.219603,ok
0,2,1,0.5,0.3,5.7128551747629475,224,10.0,linear,3.498303825800821e-09,3.4978402361347387e-09,0.18545850749648923,0.6348688268308097,2.01993977100301e-12,3.498303825800821e-09,1.0205475794757844e+02-2.7495392467392268e+01j,5.0701984516982556e+01+9.2727631311255223e+01j,9.5222395210482972e+01-4.5867916403665426e+01j,-1.5341092406753237e+01+1.0456460110601181e+02j,0.00018488520888979408,0.9998151147931301,19770315426.36947,19770315426.36947,12146751528.813238,ok
0,2,1,0.5,0.3,5.7128551747629475,64,12.0,linear,1.0629118313003229e-07,1.0630286716117178e-07,0.1854319830438829,0.6348435432839558,1.5738743641691144e-11,1.0630286716117178e-07,1.0205401522847397e+02-2.7498107312827216e+01j,5.0699510130377277e+01+9.2728971840606818e+01j,9.5222395210482972e+01-4.5867916403665426e+01j,-1.5341092406753237e+01+1.0456460110601181e+02j,0.000184885246899566,0.9998151147688391,72271686.067318,72271686.067318,30912587.517154116,ok
0,2,1,0.5,0.3,5.7128551747629475,80,12.0,linear,2.2050758455758252e-08,2.20508431146984e-08,0.18544247560238383,0.634853555816977,7.783773625646973e-12,2.20508431146984e-08,1.0205431337796068e+02-2.7497034987840003e+01j,5.0700490870774317e+01+9.2728445762765176e+01j,9.5222395210482972e+01-4.5867916403665426e+01j,-1.5341092406753237e+01+1.0456460110601181e+02j,0.0001848852157499432,0.9998151147920338,196875750.9410907,196875750.9410907,81965219.68179625,ok
0,2,1,0.5,0.3,5.7128551747629475,96,12.0,linear,1.9693994772375188e-08,1.9699924452655357e-08,0.1854482934644141,0.6348591065097716,4.374278717023117e-12,1.9699924452655357e-08,1.0205447819567698e+02-2.7496440225110721e+01j,5.0701034469128800e+01+9.2728153570062915e+01j,9.5222395210482972e+01-4.5867916403665426e+01j,-1.5341092406753237e+01+1.0456460110601181e+02j,0.00018488520031396843,0.9998151148040604,446629859.0784384,446629859.0784384,183704777.85430178,ok
0,2,1,0.5,0.3,5.7128551747629475,112,12.0,linear,1.0045512702217247e-08,1.0048939027376313e-08,0.18545178414886798,0.6348624276042052,2.936317855528614e-12,1.0048939027376313e-08,1.0205457363178040e+02-2.7496082086559728e+01j,5.0701359033822079e+01+9.2727974944407620e+01j,9.5222395210482972e+01-4.5867916403665426e+01j,-1.5341092406753237e+01+1.0456460110601181e+02j,0.00018488520388169148,0.9998151147990546,892931843.0193442,892931843.0193442,365088641.5527925,ok
0,2,1,0.5,0.3,5.7128551747629475,128,12.0,linear,6.461842846848279e-09,6.463919803654415e-09,0.1854540372561625,0.6348645724282602,1.5629719740672954e-12,6.463919803654415e-09,1.0205463549465429e+02-2.7495851019035481e+01j,5.0701568695516102e+01+9.2727859874463661e+01j,9.5222395210482972e+01-4.5867916403665426e+01j,-1.5341092406753237e+01+1.0456460110601181e+02j,0.00018488520520682652,0.9998151147963561,1627402819.1750782,1627402819.1750782,663281297.5556946,ok
0,2,1,0.5,0.3,5.7128551747629475,160,12.0,linear,2.013473960737155e-09,2.0143959127849097e-09,0.1854566772399039,0.6348670851952518,8.986145161316017e-13,2.0143959127849097e-09,1.0205470795440948e+02-2.7495580265943904e+01j,5.0701814319378741e+01+9.2727725036329616e+01j,9.5222395210482972e+01-4.5867916403665426e+01j,-1.5341092406753237e+01+1.0456460110601181e+02j,0.00018488520685170173,0.9998151147940468,4438090777.781546,4438090777.781546,1803669902.9286664,ok
0,2,1,0.5,0.3,5.7128551747629475,192,12.0,linear,5.1850177296495905e-09,5.185372059707736e-09,0.1854581246634965,0.6348684627351407,1.0083045509645672e-12,5.185372059707736e-09,1.0205474720805991e+02-2.7495431643976929e+01j,5.0701948880686437e+01+9.2727650593338339e+01j,9.5222395210482972e+01-4.5867916403665426e+01j,-1.5341092406753237e+01+1.0456460110601181e+02j,0.000184885209513491,0.9998151147914949,10075208264.669697,10075208264.669697,4090163260.4758234,ok
0,2,1,0.5,0.3,5.7128551747629475,224,12.0,linear,1.888560026855903e-09,1.8883998152692737e-09,0.18545898898733978,0.6348692861810324,8.182343691487404e-13,1.888560026855903e-09,1.0205477140379456e+02-2.7495343175880411e+01j,5.0702029466208110e+01+9.2727606927582258e+01j,9.5222395210482972e+01-4.5867916403665426e+01j,-1.5341092406753237e+01+1.0456460110601181e+02j,0.00018488520829455844,0.9998151147925237,20152677911.686913,20152677911.686913,8177283146.465219,ok
0,2,1,0.5,0.3,5.7128551747629475,64,15.0,linear,8.11872249223112e-08,8.119659279710194e-08,0.18543776183382812,0.6348490524590154,1.1087353257721588e-11,8.119659279710194e-08,1.0205417731768783e+02-2.7497515941125027e+01j,5.0700049343768406e+01+9.2728680048002957e+01j,9.5222395210482972e+01-4.5867916403665426e+01j,-1.5341092406753237e+01+1.0456460110601181e+02j,0.00018488523761686233,0.9998151147734705,73897535.93599802,73897535.93599802,18329664.792602416,ok
0,2,1,0.5,0.3,5.7128551747629475,80,15.0,linear,3.0514349203967475e-10,3.0244756674897764e-10,0.185446339301173,0.6348572402752158,5.302647210214673e-12,3.0514349203967475e-10,1.0205442224066998e+02-2.7496639779079846e+01j,5.0700851585239995e+01+9.2728251156091787e+01j,9.5222395210482972e+01-4.5867916403665426e+01j,-1.5341092406753237e+01+1.0456460110601181e+02j,0.00018488520770905788,0.9998151147975937,201308356.77785587,201308356.77785587,47296719.78554374,ok
0,2,1,0.5,0.3,5.7128551747629475,96,15.0,linear,2.6965245630608193e-08,2.6968704310908565e-08,0.18545090357169605,0.6348615810826013,2.8546054409162025e-12,2.6968704310908565e-08,1.0205454563220700e+02-2.7496170972921590e+01j,5.0701275528625068e+01+9.2728016144150232e+01j,9.5222395210482972e+01-4.5867916403665426e+01j,-1.5341092406753237e+01+1.0456460110601181e+02j,0.0001848852175671753,0.9998151147852875,456691727.0539065,456691727.0539065,104644507.97043711,ok
0,2,1,0.5,0.3,5.7128551747629475,112,15.0,linear,3.937921405894703e-09,3.9396809715078714e-09,0.1854536871856465,0.6348642393621144,1.8620660569013125e-12,3.9396809715078714e-09,1.0205462557639613e+02-2.7495886806557511e+01j,5.0701536076937934e+01+9.2727877405536958e+01j,9.5222395210482972e+01-4.5867916403665426e+01j,-1.5341092406753237e+01+1.0456460110601181e+02j,0.00018488520614009802,0.999815114795722,913057401.478541,913057401.478541,206651199.8936312,ok
0,2,1,0.5,0.3,5.7128551747629475,128,15.0,linear,6.387091487221235e-09,6.388987265513301e-09,0.18545550426980675,0.6348659703238999,1.2285727990501982e-12,6.388987265513301e-09,1.0205467599843635e+02-2.7495700652862183e+01j,5.0701705387535888e+01+9.2727785125095934e+01j,9.5222395210482972e+01-4.5867916403665426e+01j,-1.5341092406753237e+01+1.0456460110601181e+02j,0.0001848852052344674,0.999815114795994,1664095188.9990385,1664095188.9990385,374221942.4040587,ok
0,2,1,0.5,0.3,5.7128551747629475,160,15.0,linear,3.34008720026932e-09,3.340497127538012e-09,0.18545762762564943,0.634867991989048,6.155076448521868e-13,3.340497127538012e-09,1.0205473433083702e+02-2.7495482903973343e+01j,5.0701903016376484e+01+9.2727676698117421e+01j,9.5222395210482972e+01-4.5867916403665426e+01j,-1.5341092406753237e+01+1.0456460110601181e+02j,0.00018488520636115942,0.9998151147930233,4538204826.267696,4538204826.267696,1014975922.9400774,ok
0,2,1,0.5,0.3,5.7128551747629475,192,15.0,linear,2.0319749780428905e-09,2.032105697295383e-09,0.18545877574573041,0.6348690850365217,6.904476990143849e-13,2.032105697295383e-09,1.0205476590533949e+02-2.7495365177434625e+01j,5.0702009874368144e+01+9.2727618112323938e+01j,9.5222395210482972e+01-4.5867916403665426e+01j,-1.5341092406753237e+01+1.0456460110601181e+02j,0.0001848852068448606,0.9998151147924647,10302569272.22047,10302569272.22047,2300007746.23929,ok
0,2,1,0.5,0.3,5.7128551747629475,224,15.0,linear,2.424179415597837e-09,2.4251460628699084e-09,0.18545947242272706,0.6348697475836232,1.2370104940373494e-12,2.4251460628699084e-09,1.0205478470023313e+02-2.7495293605674991e+01j,5.0702074573918694e+01+9.2727582198714074e+01j,9.5222395210482972e+01-4.5867916403665426e+01j,-1.5341092406753237e+01+1.0456460110601181e+02j,0.00018488520849261467,0.9998151147902704,20607566735.69035,20607566735.69035,4597705302.284144,ok
0,2,1,0.5,0.3,5.7128551747629475,64,20.0,linear,9.591925443644377e-09,9.604711259660979e-09,0.1854428782592044,0.6348555808000717,2.1819435147563127e-11,9.604711259660979e-09,1.0205432764597286e+02-2.7496994887978879e+01j,5.0700689507353331e+01+9.2728340968243998e+01j,9.5222395210482972e+01-4.5867916403665426e+01j,-1.5341092406753237e+01+1.0456460110601181e+02j,0.00018488520404941463,0.9998151148177701,75769982.96634841,75769982.96634841,10896389.162854364,ok
0,2,1,0.5,0.3,5.7128551747629475,80,20.0,linear,6.8528362652111146e-09,6.852338857402845e-09,0.1854501018667492,0.6348608216602056,3.3280045386163692e-12,6.8528362652111146e-09,1.0205452549403790e+02-2.7496253888728461e+01j,5.0701201663752187e+01+9.2728058954528208e+01j,9.5222395210482972e+01-4.5867916403665426e+01j,-1.5341092406753237e+01+1.0456460110601181e+02j,0.00018488521013020098,0.9998151147931978,206410951.26006147,206410951.26006147,26241403.249436915,ok
0,2,1,0.5,0.3,5.7128551747629475,96,20.0,linear,4.421172113698279e-09,4.4230871580691855e-09,0.18545352872374893,0.6348640884388429,1.993960552226781e-12,4.4230871580691855e-09,1.0205462124857181e+02-2.7495903066183175e+01j,5.0701521328374803e+01+9.2727885527947379e+01j,9.5222395210482972e+01-4.5867916403665426e+01j,-1.5341092406753237e+01+1.0456460110601181e+02j,0.00018488520596140622,0.9998151147960326,468271120.62823325,468271120.62823325,55854817.43522514,ok
0,2,1,0.5,0.3,5.7128551747629475,112,20.0,linear,9.118563762329055e-09,9.119506596444809e-09,0.18545562870168794,0.6348660854546847,1.2863043963307064e-12,9.119506596444809e-09,1.0205467789186179e+02-2.7495687325348520e+01j,5.0701716340698461e+01+9.2727777268118587e+01j,9.5222395210482972e+01-4.5867916403665426e+01j,-1.5341092406753237e+01+1.0456460110601181e+02j,0.00018488521096799996,0.9998151147903184,936213685.7811482,936213685.7811482,107972669.34014454,ok
0,2,1,0.5,0.3,5.7128551747629475,128,20.0,linear,2.282314439901762e-09,2.2821705976803725e-09,0.18545697015793447,0.6348673646641521,9.312550730555813e-13,2.282314439901762e-09,1.0205471561580192e+02-2.7495550083979008e+01j,5.0701841562800091e+01+9.2727709622598894e+01j,9.5222395210482972e+01-4.5867916403665426e+01j,-1.5341092406753237e+01+1.0456460110601181e+02j,0.00018488520844015717,0.9998151147924911,1706307353.2844584,1706307353.2844584,193197638.42259377,ok
0,2,1,0.5,0.3,5.7128551747629475,160,20.0,linear,6.136425304296877e-10,6.133961796733977e-10,0.18545857063916715,0.6348688897739582,5.189182417097982e-13,6.136425304296877e-10,1.0205475997823046e+02-2.7495386102228306e+01j,5.0701990728594446e+01+9.2727628262278216e+01j,9.5222395210482972e+01-4.5867916403665426e+01j,-1.5341092406753237e+01+1.0456460110601181e+02j,0.00018488520782313167,0.9998151147926958,4653357536.588196,4653357536.588196,518223942.66926885,ok
0,2,1,0.5,0.3,5.7128551747629475,192,20.0,linear,2.312489483228833e-09,2.3128797042193605e-09,0.1854594328263689,0.6348697106899618,1.2601031329495527e-13,2.3128797042193605e-09,1.0205478361792082e+02-2.7495297668292004e+01j,5.0702070968478715e+01+9.2727584183637958e+01j,9.5222395210482972e+01-4.5867916403665426e+01j,-1.5341092406753237e+01+1.0456460110601181e+02j,0.00018488520845131502,0.9998151147914227,10564040048.037094,10564040048.037094,1169444099.1127565,ok
0,2,1,0.5,0.3,5.7128551747629475,224,20.0,linear,7.242437959397474e-10,7.244073024680155e-10,0.18545995492794393,0.6348702066478044,2.5979218776228663e-13,7.244073024680155e-10,1.0205479819338657e+02-2.7495244213516074e+01j,5.0702119496952335e+01+9.2727557840302850e+01j,9.5222395210482972e+01-4.5867916403665426e+01j,-1.5341092406753237e+01+1.0456460110601181e+02j,0.00018488520786402875,0.9998151147918761,21130721528.773666,21130721528.773666,2333633755.829211,ok
0,2,1,0.5,0.3,5.7128551747629475,64,25.0,linear,0.00022344588170998154,0.00022346430532414318,0.18558430758819475,0.6348183791578665,4.576400669531466e-08,0.00022346430532414318,1.0208045981413554e+02-2.7490778285119315e+01j,5.0701440159616965e+01+9.2754844815356165e+01j,9.5222395210482972e+01-4.5867916403665426e+01j,-1.5341092406753237e+01+1.0456460110601181e+02j,0.00018480261160440405,0.9998151516243889,77008857.21621257,77008857.21621257,8239896.502040279,ok
0,2,1,0.5,0.3,5.7128551747629475,80,25.0,linear,3.1822415631463493e-07,3.182525223095152e-07,0.1854523746294983,0.6348627995480661,6.074785119380977e-11,3.182525223095152e-07,1.0205455727706320e+02-2.7496009418574133e+01j,5.0701388949628694e+01+9.2727919043187228e+01j,9.5222395210482972e+01-4.5867916403665426e+01j,-1.5341092406753237e+01+1.0456460110601181e+02j,0.0001848853252661594,0.9998151147354818,209785791.74471223,209785791.74471223,18415917.65701105,ok
0,2,1,0.5,0.3,5.7128551747629475,96,25.0,linear,1.2976279718052922e-09,1.298670916046037e-09,0.18545510192780784,0.6348655865678349,1.4053203045705231e-12,1.298670916046037e-09,1.0205466438151204e+02-2.7495741703108063e+01j,5.0701667761800159e+01+9.2727805084957808e+01j,9.5222395210482972e+01-4.5867916403665426e+01j,-1.5341092406753237e+01+1.0456460110601181e+02j,0.0001848852071164004,0.9998151147942889,475928216.03986824,475928216.03986824,37222032.49238979,ok
0,2,1,0.5,0.3,5.7128551747629475,112,25.0,linear,8.129864406610988e-09,8.130884449900815e-09,0.1854567766036674,0.634867179011261,7.65609797781508e-13,8.130884449900815e-09,1.0205470968909360e+02-2.7495569706221385e+01j,5.0701823293716437e+01+9.2727718907321659e+01j,9.5222395210482972e+01-4.5867916403665426e+01j,-1.5341092406753237e+01+1.0456460110601181e+02j,0.0001848852106024082,0.9998151147901632,951524285.4087937,951524285.4087937,69643486.7932997,ok
0,2,1,0.5,0.3,5.7128551747629475,128,25.0,linear,2.378336685423046e-09,2.379087445519337e-09,0.18545786274633613,0.6348682157668657,4.212186155427844e-13,2.379087445519337e-09,1.0205474072787712e+02-2.7495458769375691e+01j,5.0701924879605578e+01+9.2727664627873040e+01j,9.5222395210482972e+01-4.5867916403665426e+01j,-1.5341092406753237e+01+1.0456460110601181e+02j,0.0001848852067167863,0.9998151147937044,1734215225.3009784,1734215225.3009784,122169353.24033868,ok
0,2,1,0.5,0.3,5.7128551747629475,160,25.0,linear,1.1565071940917116e-09,1.1570133476560693e-09,0.1854591322800404,0.6348694248917274,3.8413716652030416e-13,1.1570133476560693e-09,1.0205477566369085e+02-2.7495328601561805e+01j,5.0702043089915712e+01+9.2727599845169323e+01j,9.5222395210482972e+01-4.5867916403665426e+01j,-1.5341092406753237e+01+1.0456460110601181e+02j,0.0001848852071685827,0.9998151147932156,4729478124.187693,4729478124.187693,321441198.2618567,ok
0,2,1,0.5,0.3,5.7128551747629475,192,25.0,linear,1.2343848575108003e-09,1.2344048572055816e-09,0.18545982573457032,0.6348700848815394,2.156053113822054e-13,1.2344048572055816e-09,1.0205479457505470e+02-2.7495257436499685e+01j,5.0702107580010619e+01+9.2727564294887756e+01j,9.5222395210482972e+01-4.5867916403665426e+01j,-1.5341092406753237e+01+1.0456460110601181e+02j,0.00018488520805266383,0.999815114792163,10736864900.4286,10736864900.4286,720021787.4266073,ok
0,2,1,0.5,0.3,5.7128551747629475,224,25.0,linear,7.814226714619787e-10,7.81408187950581e-10,0.1854602418776547,0.6348704801141212,1.1723955140041653e-13,7.814226714619787e-10,1.0205480611158754e+02-2.7495214800079541e+01j,5.0702146236733405e+01+9.2727543212497267e+01j,9.5222395210482972e+01-4.5867916403665426e+01j,-1.5341092406753237e+01+1.0456460110601181e+02j,0.00018488520788517183,0.9998151147922321,21476461528.430614,21476461528.430614,1432443541.9791727,ok
0,2,1,0.5,0.3,5.7128551747629475,64,30.0,linear,0.011311173116671059,0.011312375290281002,0.19658540382703504,0.6200500147391842,1.8231834191251295e-06,0.011312375290281002,1.0121870764413033e+02-2.5974116235394163e+01j,4.9025210472660376e+01+9.2273315504944421e+01j,9.5222395210482972e+01-4.5867916403665426e+01j,-1.5341092406753237e+01+1.0456460110601181e+02j,0.00018913979446908964,0.99981268338895,77883143.3861067,77883143.3861067,6906488.845633594,ok
0,2,1,0.5,0.3,5.7128551747629475,80,30.0,linear,9.255544686463742e-06,9.258112146455385e-06,0.1853982932281311,0.6349210641057611,1.7113435113458308e-09,9.258112146455385e-06,1.0205401618474863e+02-2.7501906786384989e+01j,5.0707274608952247e+01+9.2725854177965999e+01j,9.5222395210482972e+01-4.5867916403665426e+01j,-1.5341092406753237e+01+1.0456460110601181e+02j,0.00018488178521713732,0.9998151199261265,212166644.52521938,212166644.52521938,14644481.555209031,ok
0,2,1,0.5,0.3,5.7128551747629475,96,30.0,linear,8.396082135783739e-08,8.39628326309425e-08,0.1854562823933881,0.634866501923671,2.722533309906794e-11,8.39628326309425e-08,1.0205470520416178e+02-2.7495623768302380e+01j,5.0701758895318982e+01+9.2727765211894877e+01j,9.5222395210482972e+01-4.5867916403665426e+01j,-1.5341092406753237e+01+1.0456460110601181e+02j,0.000184885176550001,0.9998151147962246,481329244.75421137,481329244.75421137,28034525.09656945,ok
0,2,1,0.5,0.3,5.7128551747629475,112,30.0,linear,5.727793519803678e-09,5.7284086054701715e-09,0.18545754968374326,0.6348679155972713,6.87672141452822e-13,5.7284086054701715e-09,1.0205473127631247e+02-2.7495490557223892e+01j,5.0701895368090895e+01+9.2727679787713228e+01j,9.5222395210482972e+01-4.5867916403665426e+01j,-1.5341092406753237e+01+1.0456460110601181e+02j,0.00018488520971419344,0.9998151147909734,962322926.3323398,962322926.3323398,50381050.67639152,ok
0,2,1,0.5,0.3,5.7128551747629475,128,30.0,linear,9.596463236220564e-10,9.601763640464638e-10,0.1854584526164162,0.6348687769591096,5.044853423896711e-13,9.601763640464638e-10,1.0205475687563920e+02-2.7495398257344227e+01j,5.0701979727927643e+01+9.2727634466804687e+01j,9.5222395210482972e+01-4.5867916403665426e+01j,-1.5341092406753237e+01+1.0456460110601181e+02j,0.000184885207241376,0.9998151147932631,1753897139.6234052,1753897139.6234052,85986049.21888511,ok
0,2,1,0.5,0.3,5.7128551747629475,160,30.0,linear,1.8245798405939248e-10,1.8231524268866033e-10,0.1854595125275685,0.6348697864648527,1.5232259897857148e-13,1.8245798405939248e-10,1.0205478603073726e+02-2.7495289578015857e+01j,5.0702078420018161e+01+9.2727580365874104e+01j,9.5222395210482972e+01-4.5867916403665426e+01j,-1.5341092406753237e+01+1.0456460110601181e+02j,0.0001848852076636924,0.9998151147924886,4783164236.466224,4783164236.466224,219683829.1951577,ok
0,2,1,0.5,0.3,5.7128551747629475,192,30.0,linear,7.732947118526249e-10,7.735629302346319e-10,0.18546008754141285,0.6348703341286022,4.973799150320701e-14,7.735629302346319e-10,1.0205480200440026e+02-2.7495230676517799e+01j,5.0702131992114275e+01+9.2727551188555296e+01j,9.5222395210482972e+01-4.5867916403665426e+01j,-1.5341092406753237e+01+1.0456460110601181e+02j,0.00018488520731028334,0.9998151147927395,10858744158.57665,10858744158.57665,486123745.75007546,ok
0,2,1,0.5,0.3,5.7128551747629475,224,30.0,linear,7.067634122175925e-10,7.074140848430537e-10,0.18546043448523367,0.6348706641952044,1.2398970739013748e-12,7.074140848430537e-10,1.0205481143771738e+02-2.7495195061251188e+01j,5.0702164238553998e+01+9.2727533378259565e+01j,9.5222395210482972e+01-4.5867916403665426e+01j,-1.5341092406753237e+01+1.0456460110601181e+02j,0.000184885207857565,0.9998151147909026,21720226157.43454,21720226157.43454,962060560.95169,ok
0,2,1,0.5,0.3,5.7128551747629475,64,40.0,linear,0.7853547882138258,0.7852530207286061,1.1584665939258756,1.2147047439947631,0.004776316372162581,0.7853547882138258,-2.1222937641211352e+01-8.0169451523271977e+00j,2.8028554185999974e+00-2.2521576432920646e+01j,9.5222395210482972e+01-4.5867916403665426e+01j,-1.5341092406753237e+01+1.0456460110601181e+02j,0.00401291310349688,1.0007634032686656,79031990.10591364,79031990.10591364,1316135.3742852893,ok
0,2,1,0.5,0.3,5.7128551747629475,80,40.0,linear,0.041832612358513585,0.04183812964370848,0.2467683161287645,0.5638694766093286,4.9820443388526314e-06,0.04183812964370848,9.9257582449530219e+01-2.0100083126462298e+01j,4.2855995608367742e+01+9.1746555073969986e+01j,9.5222395210482972e+01-4.5867916403665426e+01j,-1.5341092406753237e+01+1.0456460110601181e+02j,0.00020138141828225797,0.9998036006260566,215293295.8294429,215293295.8294429,11200589.4970528,ok
0,2,1,0.5,0.3,5.7128551747629475,96,40.0,linear,0.00012025914730695246,0.00012023484515006795,0.18465361933840582,0.6355846764408483,9.307727011353961e-08,0.00012025914730695246,1.0202053496398537e+02-2.7573429986621644e+01j,5.0769603401179069e+01+9.2676138360653212e+01j,9.5222395210482972e+01-4.5867916403665426e+01j,-1.5341092406753237e+01+1.0456460110601181e+02j,0.00018492968389391686,0.9998151633933763,488420422.8743825,488420422.8743825,20492735.437422924,ok
0,2,1,0.5,0.3,5.7128551747629475,112,40.0,linear,5.687360427822152e-06,5.687679924220437e-06,0.1854623733577363,0.6348674551001183,1.464329324463165e-09,5.687679924220437e-06,1.0205543090507804e+02-2.7495206798987478e+01j,5.0701962276814648e+01+9.2728328977294453e+01j,9.5222395210482972e+01-4.5867916403665426e+01j,-1.5341092406753237e+01+1.0456460110601181e+02j,0.0001848831045965389,0.9998151154310742,976499091.8939302,976499091.8939302,34033688.348202266,ok
0,2,1,0.5,0.3,5.7128551747629475,128,40.0,linear,4.085999285170491e-08,4.0865009410741505e-08,0.18545920317889875,0.634869440742966,4.877209747178313e-12,4.0865009410741505e-08,1.0205477344111902e+02-2.7495319780083634e+01j,5.0702043813705778e+01+9.2727594387829512e+01j,9.5222395210482972e+01-4.5867916403665426e+01j,-1.5341092406753237e+01+1.0456460110601181e+02j,0.00018488522270504226,0.9998151147821721,1779733741.4553506,1779733741.4553506,54455361.28317772,ok
0,2,1,0.5,0.3,5.7128551747629475,160,40.0,linear,7.016103621946305e-10,7.016636658415701e-10,0.1854599834356648,0.6348702344812899,4.75175454539567e-14,7.016636658415701e-10,1.0205479898285706e+02-2.7495241292414008e+01j,5.0702122219096807e+01+9.2727556354612133e+01j,9.5222395210482972e+01-4.5867916403665426e+01j,-1.5341092406753237e+01+1.0456460110601181e+02j,0.00018488520785565958,0.9998151147920968,4853623621.339858,4853623621.339858,128021167.9308969,ok
0,2,1,0.5,0.3,5.7128551747629475,192,40.0,linear,5.518408879636198e-10,5.518893538017356e-10,0.1854604145338847,0.6348706448983158,9.336975637097567e-14,5.518893538017356e-10,1.0205481090219116e+02-2.7495197111925531e+01j,5.0702162354666029e+01+9.2727534427077131e+01j,9.5222395210482972e+01-4.5867916403665426e+01j,-1.5341092406753237e+01+1.0456460110601181e+02j,0.00018488520780027927,0.9998151147921064,11018736789.423754,11018736789.423754,272132262.19036764,ok
0,2,1,0.5,0.3,5.7128551747629475,224,40.0,linear,3.7494133006399543e-10,3.74792181024722e-10,0.18546067484148937,0.6348708937572235,2.362554596402333e-13,3.7494133006399543e-10,1.0205481810796901e+02-2.7495170437866818e+01j,5.0702186692810422e+01+9.2727521140636128e+01j,9.5222395210482972e+01-4.5867916403665426e+01j,-1.5341092406753237e+01+1.0456460110601181e+02j,0.00018488520773486704,0.9998151147925013,22040184624.296337,22040184624.296337,528690436.7382347,ok
0,2,2,0.5,0.01,5.980021428570214,64,6.0,sinh,9.703327342135601e-06,9.703327342129228e-06,0.3693081501448972,0.34206080397172495,2.220446049250313e-16,9.703327342135601e-06,-3.9227861951254895e+06-7.6096582404049439e+06j,5.4424098217954151e+06+6.6087309977143928e+06j,-6.4171836646254268e+06-5.6668758138792943e+06j,7.3512146790846810e+06+4.3878662716144528e+06j,-1.3134286389011167e-12,1.0000000000013136,1916434130.5644896,1916434130.5644896,525887291.1368195,ok
0,2,2,0.5,0.01,5.980021428570214,80,6.0,sinh,1.775519458866333e-05,1.775519458865167e-05,0.3693163147335645,0.34205550386576283,2.220446049250313e-16,1.775519458866333e-05,-3.9227660779505079e+06-7.6097461642978583e+06j,5.4424984326761374e+06+6.6087473244011411e+06j,-6.4171836646254268e+06-5.6668758138792943e+06j,7.3512146790846810e+06+4.3878662716144528e+06j,-1.3134074882557255e-12,1.0000000000013132,5192585633.116244,5192585633.116244,1430110877.9769151,ok
0,2,2,0.5,0.01,5.980021428570214,96,6.0,sinh,7.4459807180872e-05,7.445980718104066e-05,0.3693028914401433,0.342036132024799,0.0,7.445980718104066e-05,-3.9223764892752911e+06-7.6090588041192777e+06j,5.4420207616546797e+06+6.6081179800288333e+06j,-6.4171836646254268e+06-5.6668758138792943e+06j,7.3512146790846810e+06+4.3878662716144528e+06j,-1.313649749211669e-12,1.0000000000013136,11737053892.829159,11737053892.829159,3240745724.6861258,ok
0,2,2,0.5,0.01,5.980021428570214,112,6.0,sinh,0.00017834374072332943,0.00017834374072342986,0.3692858972305851,0.3420162460250253,3.3306690738754696e-16,0.00017834374072342986,-3.9219523068714626e+06-7.6082768846945204e+06j,5.4414698448433299e+06+6.6074195401312532e+06j,-6.4171836646254268e+06-5.6668758138792943e+06j,7.3512146790846810e+06+4.3878662716144528e+06j,-1.3139227462847468e-12,1.0000000000013136,23404037351.278812,23404037351.278812,6474057935.82031,ok
0,2,2,0.5,0.01,5.980021428570214,128,6.0,sinh,0.00012185803860578695,0.00012185803860570691,0.3693427123599801,0.3420661681552505,4.440892098500626e-16,0.00012185803860578695,-3.9231190361082708e+06-7.6105669074090840e+06j,5.4431130346899172e+06+6.6093957450973066e+06j,-6.4171836646254268e+06-5.6668758138792943e+06j,7.3512146790846810e+06+4.3878662716144528e+06j,-1.3131340768955268e-12,1.0000000000013136,42570411044.179855,42570411044.179855,11792330096.63554,ok
0,2,2,0.5,0.01,5.980021428570214,160,6.0,sinh,0.0006220583810133377,0.0006220583810127115,0.369437202287999,0.34215057590702175,4.440892098500626e-16,0.0006220583810133377,-3.9250684678558344e+06-7.6143797852980560e+06j,5.4458465259934692e+06+6.6126921603483865e+06j,-6.4171836646254268e+06-5.6668758138792943e+06j,7.3512146790846810e+06+4.3878662716144528e+06j,-1.3118215614693675e-12,1.0000000000013123,115770643129.9717,115770643129.9717,32132482282.02198,ok
0,2,2,0.5,0.01,5.980021428570214,192,6.0,sinh,0.0007968994152675921,0.0007968994152668511,0.3694707212661054,0.3421799210857632,8.881784197001252e-16,0.0007968994152675921,-3.9257472676773705e+06-7.6157138909184858e+06j,5.4468041863990761e+06+6.6138425921038492e+06j,-6.4171836646254268e+06-5.6668758138792943e+06j,7.3512146790846810e+06+4.3878662716144528e+06j,-1.311363246292985e-12,1.0000000000013123,262327264573.43317,262327264573.43317,72905952970.88528,ok
0,2,2,0.5,0.01,5.980021428570214,224,6.0,sinh,0.001226049421766024,0.001226049421765436,0.36909883465247406,0.3418346612806135,1.7763568394002505e-15,0.001226049421766024,-3.9178078492327002e+06-7.6003221012013769e+06j,5.4357978794693081e+06+6.6004708770793453e+06j,-6.4171836646254268e+06-5.6668758138792943e+06j,7.3512146790846810e+06+4.3878662716144528e+06j,-1.3166807804690765e-12,1.000000000001315,524045363084.6544,524045363084.6544,145770635122.43277,ok
0,2,2,0.5,0.01,5.980021428570214,64,8.0,sinh,7.943185875167372e-07,7.943185872986465e-07,0.36931096274409386,0.3420542578736941,6.661338147750939e-16,7.943185875167372e-07,-3.9227082286288245e+06-7.6095973212397397e+06j,5.4423845541199753e+06+6.6086353813434076e+06j,-6.4171836646254268e+06-5.6668758138792943e+06j,7.3512146790846810e+06+4.3878662716144528e+06j,-1.3134562148853718e-12,1.000000000001314,1047533934.3116827,1047533934.3116827,485051649.38004345,ok
0,2,2,0.5,0.01,5.980021428570214,80,8.0,sinh,1.5710823049684294e-09,1.5710820873985452e-09,0.36931595639768405,0.34204953305051466,3.3306690738754696e-16,1.5710823049684294e-09,-3.9226738239014745e+06-7.6096227223854326e+06j,5.4424214901865944e+06+6.6086137902753763e+06j,-6.4171836646254268e+06-5.6668758138792943e+06j,7.3512146790846810e+06+4.3878662716144528e+06j,-1.3134541241537405e-12,1.0000000000013132,2839062745.472697,2839062745.472697,1318001383.1209455,ok
0,2,2,0.5,0.01,5.980021428570214,96,8.0,sinh,7.7559857656891e-06,7.755985765466436e-06,0.3693200868434676,0.34204815694417817,2.220446049250313e-16,7.7559857656891e-06,-3.9226833483273285e+06-7.6096925009389948e+06j,5.4424818191269534e+06+6.6086501086576292e+06j,-6.4171836646254268e+06-5.6668758138792943e+06j,7.3512146790846810e+06+4.3878662716144528e+06j,-1.3134337542548153e-12,1.0000000000013132,6418373542.661685,6418373542.661685,2985360394.7179384,ok
0,2,2,0.5,0.01,5.980021428570214,112,8.0,sinh,2.6969715322690335e-05,2.696971532289019e-05,0.3693153050515353,0.34204058545799937,4.440892098500626e-16,2.696971532289019e-05,-3.9225345127284788e+06-7.6094347558337161e+06j,5.4423037831773404e+06+6.6084115972407507e+06j,-6.4171836646254268e+06-5.6668758138792943e+06j,7.3512146790846810e+06+4.3878662716144528e+06j,-1.3135249781148747e-12,1.000000000001314,12800016209.541157,12800016209.541157,5962137606.389879,ok
0,2,2,0.5,0.01,5.980021428570214,128,8.0,sinh,1.834988564852169e-05,1.8349885648944776e-05,0.36931794606079765,0.3420410039739233,7.771561172376096e-16,1.8349885648944776e-05,-3.9225601970492317e+06-7.6095045395627934e+06j,5.4423577731967159e+06+6.6084627339286096e+06j,-6.4171836646254268e+06-5.6668758138792943e+06j,7.3512146790846810e+06+4.3878662716144528e+06j,-1.3135023330737712e-12,1.0000000000013127,23284727903.8978,23284727903.8978,10857613865.433012,ok
0,2,2,0.5,0.01,5.980021428570214,160,8.0,sinh,8.603625821236607e-05,8.603625821252713e-05,0.3693066888964156,0.3420282044400639,9.992007221626409e-16,8.603625821252713e-05,-3.9222851448841486e+06-7.6089943898037551e+06j,5.4419976675233487e+06+6.6080086083941013e+06j,-6.4171836646254268e+06-5.6668758138792943e+06j,7.3512146790846810e+06+4.3878662716144528e+06j,-1.3136801668087366e-12,1.0000000000013127,63331685315.32052,63331685315.32052,29577053302.744183,ok
0,2,2,0.5,0.01,5.980021428570214,192,8.0,sinh,7.767301040343811e-05,7.767301040316952e-05,0.36933758445800297,0.3420555360961788,1.1102230246251565e-16,7.767301040343811e-05,-3.9229221530936845e+06-7.6102428205258315e+06j,5.4428931048440980e+06+6.6090868246630719e+06j,-6.4171836646254268e+06-5.6668758138792943e+06j,7.3512146790846810e+06+4.3878662716144528e+06j,-1.3132501121786138e-12,1.0000000000013132,143518724580.76416,143518724580.76416,67095149347.460335,ok
0,2,2,0.5,0.01,5.980021428570214,224,8.0,sinh,0.0002149625536326741,0.0002149625536325329,0.36936339627670534,0.3420786730444065,6.661338147750939e-16,0.0002149625536326741,-3.9234575344007085e+06-7.6112891714725364e+06j,5.4436429787938111e+06+6.6099919058608478e+06j,-6.4171836646254268e+06-5.6668758138792943e+06j,7.3512146790846810e+06+4.3878662716144528e+06j,-1.3128896234014766e-12,1.0000000000013136,286703378115.9893,286703378115.9893,134134015912.75407,ok
0,2,2,0.5,0.01,5.980021428570214,64,10.0,sinh,1.8039692306043663e-06,1.8039692303856126e-06,0.3693141816827882,0.34205195641010183,3.3306690738754696e-16,1.8039692306043663e-06,-3.9226972123857769e+06-7.6096280260538338e+06j,5.4424171126702698e+06+6.6086373850267474e+06j,-6.4171836646254268e+06-5.6668758138792943e+06j,7.3512146790846810e+06+4.3878662716144528e+06j,-1.3134493894319862e-12,1.0000000000013132,659220851.7201837,659220851.7201837,458328061.4592836,ok
0,2,2,0.5,0.01,5.980021428570214,80,10.0,sinh,1.7163785310175776e-06,1.7163785310164502e-06,0.3693180973346768,0.34204799979371264,2.220446049250313e-16,1.7163785310175776e-06,-3.9226664255173942e+06-7.6096430526905358e+06j,5.4424430742622642e+06+6.6086150333298845e+06j,-6.4171836646254268e+06-5.6668758138792943e+06j,7.3512146790846810e+06+4.3878662716144528e+06j,-1.3134496195235033e-12,1.0000000000013136,1786829838.8242855,1786829838.8242855,1244246754.7642639,ok
0,2,2,0.5,0.01,5.980021428570214,96,10.0,sinh,9.901697684732984e-07,9.90169768472648e-07,0.369320061315603,0.3420457714590145,3.3306690738754696e-16,9.901697684732984e-07,-3.9226473318120977e+06-7.6096459005811540e+06j,5.4424532352258554e+06+6.6085986112397555e+06j,-6.4171836646254268e+06-5.6668758138792943e+06j,7.3512146790846810e+06+4.3878662716144528e+06j,-1.3134515271995527e-12,1.0000000000013132,4039991639.794124,4039991639.794124,2817037627.643163,ok
0,2,2,0.5,0.01,5.980021428570214,112,10.0,sinh,6.7462167427362705e-06,6.746216742731839e-06,0.36931992374510186,0.3420431539416446,3.3306690738754696e-16,6.7462167427362705e-06,-3.9226069890246000e+06-7.6095921820890671e+06j,5.4424198129356988e+06+6.6085403341371007e+06j,-6.4171836646254268e+06-5.6668758138792943e+06j,7.3512146790846810e+06+4.3878662716144528e+06j,-1.3134718501526246e-12,1.0000000000013132,8057486669.772165,8057486669.772165,5624474019.013654,ok
0,2,2,0.5,0.01,5.980021428570214,128,10.0,sinh,3.904329717616836e-06,3.904329717831841e-06,0.36932273614124367,0.3420441271440203,2.220446049250313e-16,3.904329717831841e-06,-3.9226422191159348e+06-7.6096766043735528e+06j,5.4424834675291646e+06+6.6086060336586107e+06j,-6.4171836646254268e+06-5.6668758138792943e+06j,7.3512146790846810e+06+4.3878662716144528e+06j,-1.3134438720249239e-12,1.0000000000013136,14658293098.330667,14658293098.330667,10240831626.351255,ok
0,2,2,0.5,0.01,5.980021428570214,160,10.0,sinh,1.4011485179109079e-06,1.4011485179099875e-06,0.36932326688958633,0.34204270920373886,6.661338147750939e-16,1.4011485179109079e-06,-3.9226247114124526e+06-7.6096615193989808e+06j,5.4424764831994735e+06+6.6085840235501453e+06j,-6.4171836646254268e+06-5.6668758138792943e+06j,7.3512146790846810e+06+4.3878662716144528e+06j,-1.3134504475999551e-12,1.000000000001314,39872040749.07008,39872040749.07008,27890126568.94139,ok
0,2,2,0.5,0.01,5.980021428570214,192,10.0,sinh,6.753840924695797e-06,6.753840924691361e-06,0.36932229491367496,0.34204078154376577,2.220446049250313e-16,6.753840924695797e-06,-3.9225885887787906e+06-7.6096015936207986e+06j,5.4424356752561722e+06+6.6085271862381678e+06j,-6.4171836646254268e+06-5.6668758138792943e+06j,7.3512146790846810e+06+4.3878662716144528e+06j,-1.3134718701810567e-12,1.0000000000013136,90361430020.86037,90361430020.86037,63258255765.27763,ok
0,2,2,0.5,0.01,5.980021428570214,224,10.0,sinh,6.769851035763194e-05,6.769851035780504e-05,0.36931136146960203,0.3420300411934739,4.440892098500626e-16,6.769851035780504e-05,-3.9223470891543790e+06-7.6091390821311017e+06j,5.4421061585123735e+06+6.6081226394938184e+06j,-6.4171836646254268e+06-5.6668758138792943e+06j,7.3512146790846810e+06+4.3878662716144528e+06j,-1.313631984117304e-12,1.000000000001314,180525258664.75327,180525258664.75327,126448832822.62932,ok
0,2,2,0.5,0.01,5.980021428570214,64,12.0,sinh,5.622780932664645e-07,5.622780930485264e-07,0.3693157365088174,0.34204995454981335,7.771561172376096e-16,5.622780932664645e-07,-3.9226785276056835e+06-7.6096256982498756e+06j,5.4424223578210277e+06+6.6086192943450483e+06j,-6.4171836646254268e+06-5.6668758138792943e+06j,7.3512146790846810e+06+4.3878662716144528e+06j,-1.3134526512291095e-12,1.0000000000013127,452906881.30319184,452906881.30319184,438576677.21943086,ok
0,2,2,0.5,0.01,5.980021428570214,80,12.0,sinh,7.968312723503973e-07,7.968312725674427e-07,0.36931877422251713,0.3420464229402063,3.3306690738754696e-16,7.968312725674427e-07,-3.9226477327081016e+06-7.6096284820695091e+06j,5.4424370899043344e+06+6.6085920885294043e+06j,-6.4171836646254268e+06-5.6668758138792943e+06j,7.3512146790846810e+06+4.3878662716144528e+06j,-1.31345622148598e-12,1.0000000000013132,1227734532.8380122,1227734532.8380122,1189263405.795499,ok
0,2,2,0.5,0.01,5.980021428570214,96,12.0,sinh,1.0590196669507191e-07,1.0590196669500235e-07,0.3693207386223776,0.34204477877153566,2.220446049250313e-16,1.0590196669507191e-07,-3.9226373545732046e+06-7.6096425266810739e+06j,5.4424540666355332e+06+6.6085881194113484e+06j,-6.4171836646254268e+06-5.6668758138792943e+06j,7.3512146790846810e+06+4.3878662716144528e+06j,-1.3134538500861231e-12,1.0000000000013136,2776017197.4568195,2776017197.4568195,2691215899.0500083,ok
0,2,2,0.5,0.01,5.980021428570214,112,12.0,sinh,2.9781587514745427e-06,2.9781587510374487e-06,0.36932232411593946,0.34204421125649,2.220446049250313e-16,2.9781587514745427e-06,-3.9226404520287458e+06-7.6096685946850749e+06j,5.4424768002187107e+06+6.6086012526105680e+06j,-6.4171836646254268e+06-5.6668758138792943e+06j,7.3512146790846810e+06+4.3878662716144528e+06j,-1.3134463049659646e-12,1.0000000000013132,5536854260.084667,5536854260.084667,5371831761.039702,ok
0,2,2,0.5,0.01,5.980021428570214,128,12.0,sinh,5.009635268944902e-06,5.009635268724044e-06,0.369323392954002,0.3420438632422776,2.220446049250313e-16,5.009635268944902e-06,-3.9226430496937986e+06-7.6096868221813310e+06j,5.4424925212158607e+06+6.6086108361437777e+06j,-6.4171836646254268e+06-5.6668758138792943e+06j,7.3512146790846810e+06+4.3878662716144528e+06j,-1.3134409685274677e-12,1.0000000000013132,10073123996.738298,10073123996.738298,9779180949.245075,ok
0,2,2,0.5,0.01,5.980021428570214,160,12.0,sinh,8.930602187324542e-06,8.930602187318678e-06,0.3693216477855795,0.3420406512429056,3.3306690738754696e-16,8.930602187324542e-06,-3.9225819487744393e+06-7.6095840505385492e+06j,5.4424222056316473e+06+6.6085141372933127e+06j,-6.4171836646254268e+06-5.6668758138792943e+06j,7.3512146790846810e+06+4.3878662716144528e+06j,-1.3134775884677215e-12,1.0000000000013132,27401496540.14005,27401496540.14005,26627149741.512962,ok
0,2,2,0.5,0.01,5.980021428570214,192,12.0,sinh,1.652006405991716e-06,1.6520064059906307e-06,0.36932404683839076,0.3420420116752982,3.3306690738754696e-16,1.652006405991716e-06,-3.9226200151149165e+06-7.6096663564246166e+06j,5.4424828148531495e+06+6.6085815913254227e+06j,-6.4171836646254268e+06-5.6668758138792943e+06j,7.3512146790846810e+06+4.3878662716144528e+06j,-1.3134497886223156e-12,1.0000000000013132,62101167975.96259,62101167975.96259,60385226374.38755,ok
0,2,2,0.5,0.01,5.980021428570214,224,12.0,sinh,2.286694541221368e-05,2.286694541219866e-05,0.36931979047458,0.3420375570059323,3.3306690738754696e-16,2.286694541221368e-05,-3.9225217410074556e+06-7.6094808559963442e+06j,5.4423511294558765e+06+6.6084181080087256e+06j,-6.4171836646254268e+06-5.6668758138792943e+06j,7.3512146790846810e+06+4.3878662716144528e+06j,-1.3135141997090026e-12,1.0000000000013132,124068217231.03282,124068217231.03282,120693560598.01067,ok
0,2,2,0.5,0.01,5.980021428570214,64,15.0,sinh,2.139215018745894e-07,2.1392150165688005e-07,0.3693175440171449,0.3420480210338521,3.3306690738754696e-16,2.139215018745894e-07,-3.9226626679050634e+06-7.6096305184615515e+06j,5.4424330312317451e+06+6.6086066409139074e+06j,-6.4171836646254268e+06-5.6668758138792943e+06j,7.3512146790846810e+06+4.3878662716144528e+06j,-1.3134535663288503e-12,1.0000000000013132,287052470.44309515,287052470.44309515,416565823.93556195,ok
0,2,2,0.5,0.01,5.980021428570214,80,15.0,sinh,4.870927040360015e-07,4.870927038181127e-07,0.36932016404237955,0.34204548854971617,7.771561172376096e-16,4.870927040360015e-07,-3.9226438437281712e+06-7.6096428531452389e+06j,5.4424518177475389e+06+6.6085941991285626e+06j,-6.4171836646254268e+06-5.6668758138792943e+06j,7.3512146790846810e+06+4.3878662716144528e+06j,-1.3134528487339185e-12,1.0000000000013127,778217781.4557507,778217781.4557507,1126878131.2207031,ok
0,2,2,0.5,0.01,5.980021428570214,96,15.0,sinh,8.60038311386098e-08,8.600383135612215e-08,0.3693215087157902,0.3420439378386736,3.3306690738754696e-16,8.600383135612215e-08,-3.9226303647317346e+06-7.6096442814410124e+06j,5.4424584425352151e+06+6.6085823873018902e+06j,-6.4171836646254268e+06-5.6668758138792943e+06j,7.3512146790846810e+06+4.3878662716144528e+06j,-1.3134543542050327e-12,1.0000000000013132,1759730943.8962445,1759730943.8962445,2547692272.25453,ok
0,2,2,0.5,0.01,5.980021428570214,112,15.0,sinh,2.5311910705263936e-07,2.531191070524731e-07,0.36932232522304753,0.34204306114698363,3.3306690738754696e-16,2.5311910705263936e-07,-3.9226231482048430e+06-7.6096463918208415e+06j,5.4424632216379661e+06+6.6085765980730532e+06j,-6.4171836646254268e+06-5.6668758138792943e+06j,7.3512146790846810e+06+4.3878662716144528e+06j,-1.3134547932017541e-12,1.0000000000013132,3509999593.9597297,3509999593.9597297,5083155620.381957,ok
0,2,2,0.5,0.01,5.980021428570214,128,15.0,sinh,1.1882621853553213e-06,1.188262184919403e-06,0.36932314672707073,0.34204274956034164,3.3306690738754696e-16,1.1882621853553213e-06,-3.9226245023461077e+06-7.6096595767151769e+06j,5.4424748096757857e+06+6.6085830407160521e+06j,-6.4171836646254268e+06-5.6668758138792943e+06j,7.3512146790846810e+06+4.3878662716144528e+06j,-1.3134510068306477e-12,1.0000000000013132,6385927341.852714,6385927341.852714,9251397240.639772,ok
0,2,2,0.5,0.01,5.980021428570214,160,15.0,sinh,4.240295995238231e-06,4.240295995017877e-06,0.36932437168778914,0.3420426079093453,2.220446049250313e-16,4.240295995238231e-06,-3.9226313536260421e+06-7.6096854412342934e+06j,5.4424958715568306e+06+6.6085995444697933e+06j,-6.4171836646254268e+06-5.6668758138792943e+06j,7.3512146790846810e+06+4.3878662716144528e+06j,-1.313442989483117e-12,1.0000000000013132,17372237280.955086,17372237280.955086,25182906961.78441,ok
0,2,2,0.5,0.01,5.980021428570214,192,15.0,sinh,1.2082062475207987e-06,1.2082062475200052e-06,0.36932371975664935,0.3420413215391514,3.3306690738754696e-16,1.2082062475207987e-06,-3.9226072385879052e+06-7.6096453938058726e+06j,5.4424685962591581e+06+6.6085615792335849e+06j,-6.4171836646254268e+06-5.6668758138792943e+06j,7.3512146790846810e+06+4.3878662716144528e+06j,-1.3134573021335488e-12,1.0000000000013132,39373193325.65429,39373193325.65429,57099635858.678894,ok
0,2,2,0.5,0.01,5.980021428570214,224,15.0,sinh,3.627758437113154e-07,3.627758437110771e-07,0.36932421708890323,0.3420413677683198,2.220446049250313e-16,3.627758437113154e-07,-3.9226117963713049e+06-7.6096581755576683e+06j,5.4424786382780643e+06+6.6085707324538939e+06j,-6.4171836646254268e+06-5.6668758138792943e+06j,7.3512146790846810e+06+4.3878662716144528e+06j,-1.3134531753024888e-12,1.0000000000013136,78663091714.67546,78663091714.67546,114111294899.9179,ok
0,2,2,0.5,0.01,5.980021428570214,64,20.0,sinh,1.5636915084639733e-07,1.5636915084629463e-07,0.3693193376307956,0.34204619982183776,3.3306690738754696e-16,1.5636915084639733e-07,-3.9226484722878910e+06-7.6096372817684766e+06j,5.4424448676235043e+06+6.6085962548939316e+06j,-6.4171836646254268e+06-5.6668758138792943e+06j,7.3512146790846810e+06+4.3878662716144528e+06j,-1.3134537175135126e-12,1.0000000000013132,160323350.12140813,160323350.12140813,392092278.4157889,ok
0,2,2,0.5,0.01,5.980021428570214,80,20.0,sinh,2.1218736585685638e-07,2.1218736563914813e-07,0.36932128805913017,0.342044264107741,2.220446049250313e-16,2.1218736585685638e-07,-3.9226336692785611e+06-7.6096454500927357e+06j,5.4424582190698180e+06+6.6085858784803962e+06j,-6.4171836646254268e+06-5.6668758138792943e+06j,7.3512146790846810e+06+4.3878662716144528e+06j,-1.3134535708842636e-12,1.0000000000013136,434684880.3421514,434684880.3421514,1053555814.8415155,ok
0,2,2,0.5,0.01,5.980021428570214,96,20.0,sinh,1.604840492593837e-07,1.6048404904170945e-07,0.36932235426773463,0.3420431726267142,3.3306690738754696e-16,1.604840492593837e-07,-3.9226251370949168e+06-7.6096493502819771e+06j,5.4424651993674114e+06+6.6085795564695094e+06j,-6.4171836646254268e+06-5.6668758138792943e+06j,7.3512146790846810e+06+4.3878662716144528e+06j,-1.313453706704057e-12,1.0000000000013132,982991263.9300767,982991263.9300767,2376367440.6009536,ok
0,2,2,0.5,0.01,5.980021428570214,112,20.0,sinh,1.8696532766630645e-07,1.8696532766618363e-07,0.36932300090085995,0.3420425379223594,2.220446049250313e-16,1.8696532766630645e-07,-3.9226202720769877e+06-7.6096521131606530e+06j,5.4424696310808454e+06+6.6085762004458066e+06j,-6.4171836646254268e+06-5.6668758138792943e+06j,7.3512146790846810e+06+4.3878662716144528e+06j,-1.3134536371402044e-12,1.0000000000013136,1960794176.172686,1960794176.172686,4736946165.201091,ok
0,2,2,0.5,0.01,5.980021428570214,128,20.0,sinh,2.6744319584396215e-07,2.674431956262176e-07,0.369323437806036,0.34204212916835214,3.3306690738754696e-16,2.6744319584396215e-07,-3.9226173199538998e+06-7.6096544100560825e+06j,5.4424729030696377e+06+6.6085743983659083e+06j,-6.4171836646254268e+06-5.6668758138792943e+06j,7.3512146790846810e+06+4.3878662716144528e+06j,-1.313453425732372e-12,1.0000000000013132,3567500750.621901,3567500750.621901,8617582009.502068,ok
0,2,2,0.5,0.01,5.980021428570214,160,20.0,sinh,9.849542038140366e-08,9.849542059890783e-08,0.369323853640684,0.34204156967097554,7.771561172376096e-16,9.849542059890783e-08,-3.9226121415672447e+06-7.6096535548014566e+06j,5.4424742444548467e+06+6.6085692351533333e+06j,-6.4171836646254268e+06-5.6668758138792943e+06j,7.3512146790846810e+06+4.3878662716144528e+06j,-1.3134543870193008e-12,1.0000000000013127,9705591393.097677,9705591393.097677,23448056282.693447,ok
0,2,2,0.5,0.01,5.980021428570214,192,20.0,sinh,7.063512755940463e-07,7.063512758111511e-07,0.3693240478058466,0.34204123842836925,3.3306690738754696e-16,7.063512758111511e-07,-3.9226073846908025e+06-7.6096501521972232e+06j,5.4424724607179360e+06+6.6085639625934735e+06j,-6.4171836646254268e+06-5.6668758138792943e+06j,7.3512146790846810e+06+4.3878662716144528e+06j,-1.3134559838027935e-12,1.0000000000013132,21997976515.38606,21997976515.38606,53153364262.11954,ok
0,2,2,0.5,0.01,5.980021428570214,224,20.0,sinh,1.934905242729969e-06,1.934905242728698e-06,0.36932466527191765,0.34204149651267396,2.220446049250313e-16,1.934905242729969e-06,-3.9226167408967856e+06-7.6096707690025661e+06j,5.4424881344447229e+06+6.6085803479340775e+06j,-6.4171836646254268e+06-5.6668758138792943e+06j,7.3512146790846810e+06+4.3878662716144528e+06j,-1.313449045477024e-12,1.0000000000013136,43950330756.98752,43950330756.98752,106205279216.69185,ok
0,2,2,0.5,0.01,5.980021428570214,64,25.0,sinh,1.3858957458293383e-07,1.3858957436527395e-07,0.3693204431603878,0.34204516043944044,3.3306690738754696e-16,1.3858957458293383e-07,-3.9226398172340896e+06-7.6096415720590753e+06j,5.4424517220304273e+06+6.6085904128205972e+06j,-6.4171836646254268e+06-5.6668758138792943e+06j,7.3512146790846810e+06+4.3878662716144528e+06j,-1.3134537642188074e-12,1.0000000000013132,102523806.01335168,102523806.01335168,377606671.45244557,ok
0,2,2,0.5,0.01,5.980021428570214,80,25.0,sinh,1.1366989661283087e-07,1.1366989639518736e-07,0.3693219718449851,0.3420435462297407,2.220446049250313e-16,1.1366989661283087e-07,-3.9226278475511456e+06-7.6096475021950677e+06j,5.4424623849776825e+06+6.6085813550448688e+06j,-6.4171836646254268e+06-5.6668758138792943e+06j,7.3512146790846810e+06+4.3878662716144528e+06j,-1.3134538296804906e-12,1.0000000000013136,277989309.8697285,277989309.8697285,1002811069.6208216,ok
0,2,2,0.5,0.01,5.980021428570214,96,25.0,sinh,1.2015578314038456e-07,1.2015578292273677e-07,0.36932283772731855,0.3420426876335888,3.3306690738754696e-16,1.2015578314038456e-07,-3.9226211779059083e+06-7.6096510027360106e+06j,5.4424681866619708e+06+6.6085766490270589e+06j,-6.4171836646254268e+06-5.6668758138792943e+06j,7.3512146790846810e+06+4.3878662716144528e+06j,-1.3134538126426677e-12,1.0000000000013132,628672523.950028,628672523.950028,2253139329.714753,ok
0,2,2,0.5,0.01,5.980021428570214,112,25.0,sinh,2.0619705657304854e-07,2.0619705657291312e-07,0.3693233683668764,0.3420421847405239,3.3306690738754696e-16,2.0619705657304854e-07,-3.9226175297931298e+06-7.6096537119851988e+06j,5.4424721267389618e+06+6.6085743584479876e+06j,-6.4171836646254268e+06-5.6668758138792943e+06j,7.3512146790846810e+06+4.3878662716144528e+06j,-1.3134535866202466e-12,1.0000000000013132,1254068755.7024813,1254068755.7024813,4485156506.945458,ok
0,2,2,0.5,0.01,5.980021428570214,128,25.0,sinh,2.2006487497974324e-07,2.2006487497959868e-07,0.36932370081794,0.3420418524740982,3.3306690738754696e-16,2.2006487497974324e-07,-3.9226150299129649e+06-7.6096551341910399e+06j,5.4424744467626289e+06+6.6085726016024994e+06j,-6.4171836646254268e+06-5.6668758138792943e+06j,7.3512146790846810e+06+4.3878662716144528e+06j,-1.3134535501907833e-12,1.0000000000013132,2281740427.1761293,2281740427.1761293,8155251509.92288,ok
0,2,2,0.5,0.01,5.980021428570214,160,25.0,sinh,2.572336941245982e-07,2.572336939068604e-07,0.36932410279380246,0.3420414643544021,2.220446049250313e-16,2.572336941245982e-07,-3.9226121164312609e+06-7.6096569940260574e+06j,5.4424772949590012e+06+6.6085706682046643e+06j,-6.4171836646254268e+06-5.6668758138792943e+06j,7.3512146790846810e+06+4.3878662716144528e+06j,-1.3134534525517752e-12,1.0000000000013136,6207837252.916195,6207837252.916195,22182258310.873817,ok
0,2,2,0.5,0.01,5.980021428570214,192,25.0,sinh,6.26517748668256e-07,6.265177484502756e-07,0.36932438472145207,0.34204131255756237,3.3306690738754696e-16,6.26517748668256e-07,-3.9226119100817554e+06-7.6096606572186630e+06j,5.4424807465484207e+06+6.6085719212763980e+06j,-6.4171836646254268e+06-5.6668758138792943e+06j,7.3512146790846810e+06+4.3878662716144528e+06j,-1.3134524824777295e-12,1.0000000000013132,14070613635.889875,14070613635.889875,50275659645.28755,ok
0,2,2,0.5,0.01,5.980021428570214,224,25.0,sinh,1.2072293379187685e-07,1.207229335742287e-07,0.36932441474861666,0.3420410933052829,3.3306690738754696e-16,1.2072293379187685e-07,-3.9226089703595387e+06-7.6096573009294672e+06j,5.4424788841796583e+06+6.6085678454025937e+06j,-6.4171836646254268e+06-5.6668758138792943e+06j,7.3512146790846810e+06+4.3878662716144528e+06j,-1.3134538111528154e-12,1.0000000000013132,28112667184.92169,28112667184.92169,100441073289.03505,ok
0,2,2,0.5,0.01,5.980021428570214,64,30.0,sinh,8.168000193121688e-06,8.168000193116323e-06,0.369324463185999,0.34204761518059995,2.220446049250313e-16,8.168000193121688e-06,-3.9226516683937064e+06-7.6097127997820731e+06j,5.4424881680366164e+06+6.6086494495923100e+06j,-6.4171836646254268e+06-5.6668758138792943e+06j,7.3512146790846810e+06+4.3878662716144528e+06j,-1.313432671956566e-12,1.0000000000013132,71429255.34540318,71429255.34540318,370821197.1528842,ok
0,2,2,0.5,0.01,5.980021428570214,80,30.0,sinh,1.270801283433415e-07,1.2708012834325805e-07,0.3693224427808353,0.34204307290454383,3.3306690738754696e-16,1.270801283433415e-07,-3.9226242729630717e+06-7.6096494739889503e+06j,5.4424656481258823e+06+6.6085788164237980e+06j,-6.4171836646254268e+06-5.6668758138792943e+06j,7.3512146790846810e+06+4.3878662716144528e+06j,-1.3134537944530548e-12,1.0000000000013132,193689259.03218928,193689259.03218928,966848247.6092421,ok
0,2,2,0.5,0.01,5.980021428570214,96,30.0,sinh,1.2460446698369506e-07,1.2460446676604436e-07,0.36932316173972335,0.3420423605322875,3.3306690738754696e-16,1.2460446698369506e-07,-3.9226186929504452e+06-7.6096523265280752e+06j,5.4424704099739278e+06+6.6085748673653444e+06j,-6.4171836646254268e+06-5.6668758138792943e+06j,7.3512146790846810e+06+4.3878662716144528e+06j,-1.3134538009563876e-12,1.0000000000013132,438047717.267867,438047717.267867,2159103087.0374885,ok
0,2,2,0.5,0.01,5.980021428570214,112,30.0,sinh,1.2462923959077784e-07,1.24629239590696e-07,0.3693235866277681,0.34204192832325153,3.3306690738754696e-16,1.2462923959077784e-07,-3.9226154032546058e+06-7.6096540225360766e+06j,5.4424733091320591e+06+6.6085724800467454e+06j,-6.4171836646254268e+06-5.6668758138792943e+06j,7.3512146790846810e+06+4.3878662716144528e+06j,-1.3134538008913123e-12,1.0000000000013132,873840618.7958549,873840618.7958549,4289170104.4173255,ok
0,2,2,0.5,0.01,5.980021428570214,128,30.0,sinh,1.1322168780688412e-07,1.1322168802437861e-07,0.3693238604863299,0.342041649331663,2.220446049250313e-16,1.1322168802437861e-07,-3.9226132217606818e+06-7.6096550371757243e+06j,5.4424751052660737e+06+6.6085708743268335e+06j,-6.4171836646254268e+06-5.6668758138792943e+06j,7.3512146790846810e+06+4.3878662716144528e+06j,-1.3134538308578934e-12,1.0000000000013136,1589965572.0706105,1589965572.0706105,7793529442.953711,ok
0,2,2,0.5,0.01,5.980021428570214,160,30.0,sinh,6.472706772165112e-08,6.47270677216086e-08,0.36932417748699115,0.34204130945248257,2.220446049250313e-16,6.472706772165112e-08,-3.9226105077196402e+06-7.6096559691203823e+06j,5.4424770654079616e+06+6.6085687222156217e+06j,-6.4171836646254268e+06-5.6668758138792943e+06j,7.3512146790846810e+06+4.3878662716144528e+06j,-1.3134539582487774e-12,1.0000000000013136,4325903037.289951,4325903037.289951,21191655772.83303,ok
0,2,2,0.5,0.01,5.980021428570214,192,30.0,sinh,6.677855031994098e-08,6.677855031989712e-08,0.3693243022342857,0.34204107743333784,2.220446049250313e-16,6.677855031994098e-08,-3.9226095528046293e+06-7.6096564811172327e+06j,5.4424786351680355e+06+6.6085674521941124e+06j,-6.4171836646254268e+06-5.6668758138792943e+06j,7.3512146790846810e+06+4.3878662716144528e+06j,-1.313453952859722e-12,1.0000000000013136,9805276214.901056,9805276214.901056,48026207823.56928,ok
0,2,2,0.5,0.01,5.980021428570214,224,30.0,sinh,7.322940195279029e-08,7.322940173517334e-08,0.3693245094824983,0.34204106846624527,3.3306690738754696e-16,7.322940195279029e-08,-3.9226079826472378e+06-7.6096573526309170e+06j,5.4424787378221704e+06+6.6085674391979584e+06j,-6.4171836646254268e+06-5.6668758138792943e+06j,7.3512146790846810e+06+4.3878662716144528e+06j,-1.3134539359139301e-12,1.0000000000013132,19590966796.669315,19590966796.669315,95937405646.18779,ok
0,2,2,0.5,0.01,5.980021428570214,64,40.0,sinh,0.012671567587832364,0.012671567587822518,0.3540567895231711,0.32693810424966196,1.3766765505351941e-14,0.012671567587832364,-3.9736340987030230e+06-7.4604447287119692e+06j,5.4607798627018593e+06+6.4519676682192637e+06j,-6.4171836646254268e+06-5.6668758138792943e+06j,7.3512146790846810e+06+4.3878662716144528e+06j,-1.3473847340143156e-12,1.0000000000013336,40826524.577414185,40826524.577414185,373394402.30903214,ok
0,2,2,0.5,0.01,5.980021428570214,80,40.0,sinh,7.453254462636188e-07,7.453254464806981e-07,0.36933897830939616,0.3420584960899736,2.220446049250313e-16,7.453254464806981e-07,-3.9224915714523536e+06-7.6097094748768769e+06j,5.4423564492238695e+06+6.6086590697230930e+06j,-6.4171836646254268e+06-5.6668758138792943e+06j,7.3512146790846810e+06+4.3878662716144528e+06j,-1.313456086184587e-12,1.0000000000013136,110721650.71276045,110721650.71276045,927458298.4816316,ok
0,2,2,0.5,0.01,5.980021428570214,96,40.0,sinh,1.1377365606873071e-07,1.1377365585108713e-07,0.3693235558903925,0.34204195115117614,3.3306690738754696e-16,1.1377365606873071e-07,-3.9226155831447355e+06-7.6096538252490377e+06j,5.4424730844825525e+06+6.6085725446601901e+06j,-6.4171836646254268e+06-5.6668758138792943e+06j,7.3512146790846810e+06+4.3878662716144528e+06j,-1.3134538294079241e-12,1.0000000000013132,250432490.00811857,250432490.00811857,2026703989.2564342,ok
0,2,2,0.5,0.01,5.980021428570214,112,40.0,sinh,1.2910156359529533e-07,1.291015633776417e-07,0.3693238832191942,0.3420416338672414,2.220446049250313e-16,1.2910156359529533e-07,-3.9226131307400600e+06-7.6096552370447181e+06j,5.4424753136336496e+06+6.6085708788452158e+06j,-6.4171836646254268e+06-5.6668758138792943e+06j,7.3512146790846810e+06+4.3878662716144528e+06j,-1.313453789142932e-12,1.0000000000013136,499610608.82173985,499610608.82173985,3997422637.0384336,ok
0,2,2,0.5,0.01,5.980021428570214,128,40.0,sinh,1.2631384105521906e-07,1.2631384083756725e-07,0.3693240929503697,0.34204142397911613,3.3306690738754696e-16,1.2631384105521906e-07,-3.9226114919092311e+06-7.6096560549759986e+06j,5.4424767030645991e+06+6.6085697036640691e+06j,-6.4171836646254268e+06-5.6668758138792943e+06j,7.3512146790846810e+06+4.3878662716144528e+06j,-1.3134537964660203e-12,1.0000000000013132,909096382.4181483,909096382.4181483,7247579513.304972,ok
0,2,2,0.5,0.01,5.980021428570214,160,40.0,sinh,1.51267744781465e-07,1.5126774456379678e-07,0.3693243272390698,0.34204116500532716,3.3306690738754696e-16,1.51267744781465e-07,-3.9226098114185361e+06-7.6096571615798865e+06j,5.4424786045374060e+06+6.6085684144654078e+06j,-6.4171836646254268e+06-5.6668758138792943e+06j,7.3512146790846810e+06+4.3878662716144528e+06j,-1.313453730914432e-12,1.0000000000013132,2473615969.4829907,2473615969.4829907,19695601174.77674,ok
0,2,2,0.5,0.01,5.980021428570214,192,40.0,sinh,1.4957766232249862e-07,1.495776621048315e-07,0.3693244605632093,0.3420410303581833,2.220446049250313e-16,1.4957766232249862e-07,-3.9226087700680415e+06-7.6096576820946001e+06j,5.4424794965306111e+06+6.6085676611211486e+06j,-6.4171836646254268e+06-5.6668758138792943e+06j,7.3512146790846810e+06+4.3878662716144528e+06j,-1.3134537353541216e-12,1.0000000000013136,5607087693.324873,5607087693.324873,44639873010.71247,ok
0,2,2,0.5,0.01,5.980021428570214,224,40.0,sinh,9.275449243225146e-08,9.275449264975939e-08,0.3693245471046112,0.3420409570153923,2.220446049250313e-16,9.275449264975939e-08,-3.9226077958524679e+06-7.6096576369787259e+06j,5.4424796140279546e+06+6.6085669341467386e+06j,-6.4171836646254268e+06-5.6668758138792943e+06j,7.3512146790846810e+06+4.3878662716144528e+06j,-1.3134538846233215e-12,1.0000000000013136,11203407580.506325,11203407580.506325,89167050908.90271,ok
0,2,2,0.5,0.01,5.980021428570214,64,50.0,sinh,0.763927682166078,0.7639276821687149,1.041586714659074,1.0352920620810704,4.459554947544575e-11,0.7639276821687149,1.4288398363996870e+06-1.4293657234024864e+06j,-1.0944268754509110e+06+1.6990878327871882e+06j,-6.4171836646254268e+06-5.6668758138792943e+06j,7.3512146790846810e+06+4.3878662716144528e+06j,-2.3568111366960443e-11,0.9999999999789726,26863052.38144453,26863052.38144453,97954293.03271542,ok
0,2,2,0.5,0.01,5.980021428570214,80,50.0,sinh,0.008264093349126502,0.008264093349160671,0.36312071875547725,0.3357152750122634,8.903988657493755e-14,0.008264093349160671,-4.0156816687914454e+06-7.6409715637390725e+06j,5.5400536596576599e+06+6.6195129089045133e+06j,-6.4171836646254268e+06-5.6668758138792943e+06j,7.3512146790846810e+06+4.3878662716144528e+06j,-1.292011286305091e-12,1.0000000000013811,72866354.76879016,72866354.76879016,933260770.7614661,ok
0,2,2,0.5,0.01,5.980021428570214,96,50.0,sinh,2.136128493192591e-05,2.1361284931911877e-05,0.36931582632924886,0.3420340142493188,0.0,2.136128493192591e-05,-3.9225604925037087e+06-7.6094753823872553e+06j,5.4423848128088545e+06+6.6084070669044293e+06j,-6.4171836646254268e+06-5.6668758138792943e+06j,7.3512146790846810e+06+4.3878662716144528e+06j,-1.3135102442146443e-12,1.0000000000013136,164831691.10264155,164831691.10264155,1946032297.4186661,ok
0,2,2,0.5,0.01,5.980021428570214,112,50.0,sinh,1.1509599473334939e-07,1.1509599451570494e-07,0.36932408556687124,0.34204147556299963,2.220446049250313e-16,1.1509599473334939e-07,-3.9226114890357023e+06-7.6096559484105855e+06j,5.4424762831506608e+06+6.6085699250695938e+06j,-6.4171836646254268e+06-5.6668758138792943e+06j,7.3512146790846810e+06+4.3878662716144528e+06j,-1.313453825934263e-12,1.0000000000013136,328868368.6211906,328868368.6211906,3788114742.333445,ok
0,2,2,0.5,0.01,5.980021428570214,128,50.0,sinh,1.202774184883206e-07,1.2027741848824162e-07,0.36932422493173195,0.34204128082735086,2.220446049250313e-16,1.202774184883206e-07,-3.9226104376923493e+06-7.6096565402608253e+06j,5.4424776234612297e+06+6.6085688787246058e+06j,-6.4171836646254268e+06-5.6668758138792943e+06j,7.3512146790846810e+06+4.3878662716144528e+06j,-1.3134538123231429e-12,1.0000000000013136,598454555.5864381,598454555.5864381,6841666854.206126,ok
0,2,2,0.5,0.01,5.980021428570214,160,50.0,sinh,9.125083493215532e-08,9.125083471452654e-08,0.36932443932005943,0.342041103275809,3.3306690738754696e-16,9.125083493215532e-08,-3.9226086223604023e+06-7.6096571964496309e+06j,5.4424786230947357e+06+6.6085677335521756e+06j,-6.4171836646254268e+06-5.6668758138792943e+06j,7.3512146790846810e+06+4.3878662716144528e+06j,-1.3134538885732907e-12,1.0000000000013132,1628534527.3967252,1628534527.3967252,18581215837.118935,ok
0,2,2,0.5,0.01,5.980021428570214,192,50.0,sinh,2.9354683955894635e-07,2.9354683912361583e-07,0.36932447632319104,0.34204092266770203,2.220446049250313e-16,2.9354683955894635e-07,-3.9226094186246758e+06-7.6096587344422387e+06j,5.4424811675488716e+06+6.6085678816766497e+06j,-6.4171836646254268e+06-5.6668758138792943e+06j,7.3512146790846810e+06+4.3878662716144528e+06j,-1.3134533571605525e-12,1.0000000000013136,3691740936.886043,3691740936.886043,42137262759.22168,ok
0,2,2,0.5,0.01,5.980021428570214,224,50.0,sinh,1.7522927150083858e-07,1.7522927128315463e-07,0.36932458244924915,0.3420409018243612,7.771561172376096e-16,1.7522927150083858e-07,-3.9226079636247265e+06-7.6096583448659964e+06j,5.4424805276896376e+06+6.6085670964057101e+06j,-6.4171836646254268e+06-5.6668758138792943e+06j,7.3512146790846810e+06+4.3878662716144528e+06j,-1.3134536679697305e-12,1.0000000000013127,7376749523.160764,7376749523.160764,84181308890.18048,ok
0,2,2,0.5,0.01,5.980021428570214,64,60.0,sinh,0.995457858497114,0.9954578585044549,1.0027654967829804,1.0028641739592783,6.689503706525102e-08,0.9954578585044549,-2.7420461977937580e+03+3.8789273019674394e+04j,-5.5189355708446747e+03-3.8492439050087873e+04j,-6.4171836646254268e+06-5.6668758138792943e+06j,7.3512146790846810e+06+4.3878662716144528e+06j,-6.366395139494437e-08,0.9999999967689144,19411847.198568817,19411847.198568817,2214908.155191353,ok
0,2,2,0.5,0.01,5.980021428570214,80,60.0,sinh,0.6019604153916396,0.6019604153885243,0.6266372095338522,0.6220421179383145,8.675726803630823e-12,0.6019604153916396,-1.8404471401952771e+06-2.8679406401264067e+06j,2.4050728707037750e+06+2.4141155063383682e+06j,-6.4171836646254268e+06-5.6668758138792943e+06j,7.3512146790846810e+06+4.3878662716144528e+06j,-8.29014985777946e-12,1.000000000016966,52668143.67993285,52668143.67993285,383208168.9057062,ok
0,2,2,0.5,0.01,5.980021428570214,96,60.0,sinh,0.0034349552849788426,0.0034349552849648377,0.3759510602813039,0.3486381806663989,1.887379141862766e-14,0.0034349552849788426,-3.8896369973992738e+06-7.6595585933568263e+06j,5.4207937683606828e+06+6.6643160742570208e+06j,-6.4171836646254268e+06-5.6668758138792943e+06j,7.3512146790846810e+06+4.3878662716144528e+06j,-1.3044770958735809e-12,1.0000000000012856,119161294.3884563,119161294.3884563,1914187621.819743,ok
0,2,2,0.5,0.01,5.980021428570214,112,60.0,sinh,1.1952180034810046e-05,1.1952180034584627e-05,0.3693084489897027,0.3420253954378833,2.220446049250313e-16,1.1952180034810046e-05,-3.9227959186610673e+06-7.6096748883332163e+06j,5.4426621412148820e+06+6.6085481417839099e+06j,-6.4171836646254268e+06-5.6668758138792943e+06j,7.3512146790846810e+06+4.3878662716144528e+06j,-1.313422731563302e-12,1.0000000000013132,237777061.31430683,237777061.31430683,3633157951.1503725,ok
0,2,2,0.5,0.01,5.980021428570214,128,60.0,sinh,9.620042689122882e-08,9.620042645602793e-08,0.36932430639896985,0.3420411811411749,1.2212453270876722e-15,9.620042689122882e-08,-3.9226096780363689e+06-7.6096566999449739e+06j,5.4424781334375218e+06+6.6085681917033019e+06j,-6.4171836646254268e+06-5.6668758138792943e+06j,7.3512146790846810e+06+4.3878662716144528e+06j,-1.3134538755711703e-12,1.0000000000013123,432732312.11394274,432732312.11394274,6519939585.694819,ok
0,2,2,0.5,0.01,5.980021428570214,160,60.0,sinh,9.989738467698951e-08,9.989738445935503e-08,0.3693244788551822,0.34204102527764,3.3306690738754696e-16,9.989738467698951e-08,-3.9226083625270911e+06-7.6096574136686483e+06j,5.4424792032355405e+06+6.6085673516742326e+06j,-6.4171836646254268e+06-5.6668758138792943e+06j,7.3512146790846810e+06+4.3878662716144528e+06j,-1.3134538658596042e-12,1.0000000000013132,1177719846.928415,1177719846.928415,17694364365.591057,ok
0,2,2,0.5,0.01,5.980021428570214,192,60.0,sinh,2.08052219398638e-07,2.0805221722281282e-07,0.3693245648357529,0.3420409316937714,4.773959005888173e-15,2.08052219398638e-07,-3.9226082756849551e+06-7.6096585001458535e+06j,5.4424805436335737e+06+6.6085674473050591e+06j,-6.4171836646254268e+06-5.6668758138792943e+06j,7.3512146790846810e+06+4.3878662716144528e+06j,-1.313453581746907e-12,1.0000000000013087,2670021732.354156,2670021732.354156,40171979817.889305,ok
0,2,2,0.5,0.01,5.980021428570214,224,60.0,sinh,2.5898680345165805e-07,2.5898680301635024e-07,0.3693245920779535,0.3420408508744794,7.771561172376096e-16,2.5898680345165805e-07,-3.9226083373767515e+06-7.6096589589303769e+06j,5.4424814213572526e+06+6.6085672893573754e+06j,-6.4171836646254268e+06-5.6668758138792943e+06j,7.3512146790846810e+06+4.3878662716144528e+06j,-1.3134534479465217e-12,1.0000000000013127,5335511811.301035,5335511811.301035,80289912664.32433,ok
0,2,2,0.5,0.1,5.80214284499459,64,6.0,linear,7.189976835016315e-07,7.189975816104487e-07,0.3692083188558568,0.09428108323893376,7.605027718682322e-14,7.189976835016315e-07,8.8700314783508304e+02-8.3796485223212039e+03j,7.3667941390230735e+03+4.0909209627061173e+03j,-2.2141120285234633e+03-8.1303683656952353e+03j,7.7193147107344575e+03+3.3789596773767353e+03j,-8.827440500849266e-08,1.000000088274329,336552423.0872298,336552423.0872298,186482622.84814727,ok
0,2,2,0.5,0.1,5.80214284499459,80,6.0,linear,5.749539475788369e-07,5.749539168052823e-07,0.3692503365251713,0.0942380743141136,3.8968828164342995e-14,5.749539475788369e-07,8.8736228684850926e+02-8.3795995345382307e+03j,7.3669604917969973e+03+4.0905989252923446e+03j,-2.2141120285234633e+03-8.1303683656952353e+03j,7.7193147107344575e+03+3.3789596773767353e+03j,-8.82746334543925e-08,1.0000000882745945,914831864.9207076,914831864.9207076,505752127.82077044,ok
0,2,2,0.5,0.1,5.80214284499459,96,6.0,linear,4.5803810100756806e-07,4.580380719404958e-07,0.3692725468299058,0.09421552948503498,2.275957200481571e-14,4.5803810100756806e-07,8.8755157549407670e+02-8.3795804782486375e+03j,7.3670536981994692e+03+4.0904330903219507e+03j,-2.2141120285234633e+03-8.1303683656952353e+03j,7.7193147107344575e+03+3.3789596773767353e+03j,-8.827461281297724e-08,1.00000008827459,2072373825.5091279,2072373825.5091279,1144482617.230414,ok
0,2,2,0.5,0.1,5.80214284499459,112,6.0,linear,1.2341617142338292e-07,1.2341616813479526e-07,0.3692862863214567,0.0942016417089225,1.432187701766452e-14,1.2341617142338292e-07,8.8766849101528919e+02-8.3795709293754662e+03j,7.3671130973793533e+03+4.0903319166964325e+03j,-2.2141120285234633e+03-8.1303683656952353e+03j,7.7193147107344575e+03+3.3789596773767353e+03j,-8.82745537357373e-08,1.0000000882745395,4138909879.9998,4138909879.9998,2284491259.64609,ok
0,2,2,0.5,0.1,5.80214284499459,128,6.0,linear,1.0877538419908571e-08,1.0877532759009252e-08,0.36929531813689226,0.09419249451783254,8.770761894538737e-15,1.0877538419908571e-08,8.8774540563280652e+02-8.3795639192174622e+03j,7.3671515689482485e+03+4.0902649559124129e+03j,-2.2141120285234633e+03-8.1303683656952353e+03j,7.7193147107344575e+03+3.3789596773767353e+03j,-8.827453002630452e-08,1.0000000882745212,7537380502.815022,7537380502.815022,4158988134.029179,ok
0,2,2,0.5,0.1,5.80214284499459,160,6.0,linear,3.4520959908272224e-08,3.4520954499015624e-08,0.369305897041304,0.09418174515761131,4.551914400963142e-15,3.4520959908272224e-08,8.8783558696665546e+02-8.3795545651066568e+03j,7.3671957638347421e+03+4.0901857640415978e+03j,-2.2141120285234633e+03-8.1303683656952353e+03j,7.7193147107344575e+03+3.3789596773767353e+03j,-8.827452585208088e-08,1.0000000882745212,20532353447.648182,20532353447.648182,11325689300.15334,ok
0,2,2,0.5,0.1,5.80214284499459,192,6.0,linear,6.7061703486702e-09,6.706167246414483e-09,0.3693115973108317,0.0941759472058876,5.10702591327572e-15,6.7061703486702e-09,8.8788420754043432e+02-8.3795491777956686e+03j,7.3672192944656435e+03+4.0901428977845944e+03j,-2.2141120285234633e+03-8.1303683656952353e+03j,7.7193147107344575e+03+3.3789596773767353e+03j,-8.827453076275563e-08,1.0000000882745257,46577003351.83316,46577003351.83316,25687953671.029346,ok
0,2,2,0.5,0.1,5.80214284499459,224,6.0,linear,2.442180913545697e-08,2.4421809784476666e-08,0.36931503893676676,0.09417243919174068,5.218048215738236e-15,2.4421809784476666e-08,8.8791357280257114e+02-8.3795458024783838e+03j,7.3672334233036727e+03+4.0901169082443316e+03j,-2.2141120285234633e+03-8.1303683656952353e+03j,7.7193147107344575e+03+3.3789596773767353e+03j,-8.827453625837143e-08,1.000000088274531,93114618494.94415,93114618494.94415,51349443992.19531,ok
0,2,2,0.5,0.1,5.80214284499459,64,8.0,linear,2.764429825989135e-07,2.7644293262084995e-07,0.3692366543232393,0.09425218052476773,5.0737192225369654e-14,2.764429825989135e-07,8.8724504521114011e+02-8.3796191634388888e+03j,7.3669091604929818e+03+4.0907061472946411e+03j,-2.2141120285234633e+03-8.1303683656952353e+03j,7.7193147107344575e+03+3.3789596773767353e+03j,-8.827448314099416e-08,1.0000000882744324,204698116.07861507,204698116.07861507,168713326.1300324,ok
0,2,2,0.5,0.1,5.80214284499459,80,8.0,linear,3.095388099129637e-07,3.095387945238362e-07,0.3692689224363984,0.09421924617549454,2.3203661214665772e-14,3.095388099129637e-07,8.8752057131111735e+02-8.3795850204253857e+03j,7.3670396010194390e+03+4.0904610576311293e+03j,-2.2141120285234633e+03-8.1303683656952353e+03j,7.7193147107344575e+03+3.3789596773767353e+03j,-8.827458659553622e-08,1.0000000882745634,556664517.7490197,556664517.7490197,455404427.5699589,ok
0,2,2,0.5,0.1,5.80214284499459,96,8.0,linear,2.0590360413446167e-07,2.059035943988408e-07,0.3692855079364896,0.0942024151728964,1.6431300764452317e-14,2.0590360413446167e-07,8.8766191100826870e+02-8.3795709274432738e+03j,7.3671093065342520e+03+4.0903373124758059e+03j,-2.2141120285234633e+03-8.1303683656952353e+03j,7.7193147107344575e+03+3.3789596773767353e+03j,-8.82745682988235e-08,1.000000088274552,1261388766.449929,1261388766.449929,1028255415.5835227,ok
0,2,2,0.5,0.1,5.80214284499459,112,8.0,linear,7.976157524269981e-08,7.976156610971475e-08,0.3692959990727012,0.09419181305617892,3.774758283725532e-15,7.976157524269981e-08,8.8775116411433737e+02-8.3795638928487479e+03j,7.3671548801652471e+03+4.0902601877297648e+03j,-2.2141120285234633e+03-8.1303683656952353e+03j,7.7193147107344575e+03+3.3789596773767353e+03j,-8.827451786489397e-08,1.0000000882745141,2519764689.497409,2519764689.497409,2050056230.0255992,ok
0,2,2,0.5,0.1,5.80214284499459,128,8.0,linear,2.699083876528467e-08,2.6990835631184964e-08,0.3693028160129834,0.09418487747650604,9.992007221626409e-16,2.699083876528467e-08,8.8780932275782345e+02-8.3795572840188433e+03j,7.3671828808752607e+03+4.0902088378732642e+03j,-2.2141120285234633e+03-8.1303683656952353e+03j,7.7193147107344575e+03+3.3789596773767353e+03j,-8.82745271815166e-08,1.0000000882745261,4589491446.5519495,4589491446.5519495,3729592160.680288,ok
0,2,2,0.5,0.1,5.80214284499459,160,8.0,linear,6.079239243214779e-08,6.079240054225993e-08,0.36931061734103543,0.09417693751242578,2.631228568361621e-14,6.079240054225993e-08,8.8787589848932453e+02-8.3795494862481919e+03j,7.3672147291777374e+03+4.0901499490525375e+03j,-2.2141120285234633e+03-8.1303683656952353e+03j,7.7193147107344575e+03+3.3789596773767353e+03j,-8.827454267956467e-08,1.0000000882745164,12504964084.76528,12504964084.76528,10148825066.677685,ok
0,2,2,0.5,0.1,5.80214284499459,192,8.0,linear,3.6114776805748314e-08,3.611476161215523e-08,0.36931485868097585,0.0941726308708459,2.4646951146678475e-14,3.6114776805748314e-08,8.8791204393817873e+02-8.3795458653979040e+03j,7.3672325500439192e+03+4.0901182781921921e+03j,-2.2141120285234633e+03-8.1303683656952353e+03j,7.7193147107344575e+03+3.3789596773767353e+03j,-8.82745383227541e-08,1.000000088274563,28371640442.53758,28371640442.53758,23010054505.130554,ok
0,2,2,0.5,0.1,5.80214284499459,224,8.0,linear,2.119591193311488e-08,2.1195902147061323e-08,0.36931743746862206,0.0941700130617538,1.6209256159527285e-14,2.119591193311488e-08,8.8793402088060088e+02-8.3795436630686381e+03j,7.3672433818437476e+03+4.0900990265934624e+03j,-2.2141120285234633e+03-8.1303683656952353e+03j,7.7193147107344575e+03+3.3789596773767353e+03j,-8.827453568884226e-08,1.000000088274552,56725549833.30948,56725549833.30948,45986081787.49591,ok
0,2,2,0.5,0.1,5.80214284499459,64,10.0,linear,6.482664662510232e-07,6.482664268449937e-07,0.36925421241138284,0.09423411675432575,3.452793606584237e-14,6.482664662510232e-07,8.8739538368120679e+02-8.3795954084457171e+03j,7.3669761442985200e+03+4.0905694632295967e+03j,-2.2141120285234633e+03-8.1303683656952353e+03j,7.7193147107344575e+03+3.3789596773767353e+03j,-8.827464639767278e-08,1.0000000882746118,148590656.42974967,148590656.42974967,156700197.06735098,ok
0,2,2,0.5,0.1,5.80214284499459,80,10.0,linear,6.951343323102569e-08,6.951341613157443e-08,0.3692800543507859,0.09420801876290326,2.1094237467877974e-14,6.951343323102569e-08,8.8761522367273597e+02-8.3795782067525779e+03j,7.3670884425188342e+03+4.0903796714280011e+03j,-2.2141120285234633e+03-8.1303683656952353e+03j,7.7193147107344575e+03+3.3789596773767353e+03j,-8.827451967419343e-08,1.0000000882744986,404251995.70375746,404251995.70375746,419521723.9522992,ok
0,2,2,0.5,0.1,5.80214284499459,96,10.0,linear,1.97322784352359e-07,1.9732277499547203e-07,0.3692933887584048,0.09419440434739561,1.6209256159527285e-14,1.97322784352359e-07,8.8772909836736596e+02-8.3795638826125287e+03j,7.3671421745547286e+03+4.0902782622601067e+03j,-2.2141120285234633e+03-8.1303683656952353e+03j,7.7193147107344575e+03+3.3789596773767353e+03j,-8.82745667838869e-08,1.0000000882745506,916275324.6217518,916275324.6217518,943646222.7775887,ok
0,2,2,0.5,0.1,5.80214284499459,112,10.0,linear,6.172944925860101e-08,6.172943811524093e-08,0.36930173927105286,0.09418597731760293,1.0436096431476471e-14,6.172944925860101e-08,8.8780011841991200e+02-8.3795585535698410e+03j,7.3671786399188077e+03+4.0902170796235710e+03j,-2.2141120285234633e+03-8.1303683656952353e+03j,7.7193147107344575e+03+3.3789596773767353e+03j,-8.827452104844826e-08,1.0000000882745106,1830726059.1012177,1830726059.1012177,1877710261.6950595,ok
0,2,2,0.5,0.1,5.80214284499459,128,10.0,linear,2.828834787695316e-08,2.8288343822119195e-08,0.3693071706334793,0.09418044229568996,3.3306690738754696e-15,2.828834787695316e-08,8.8784648895407452e+02-8.3795528777831278e+03j,7.3672006238543454e+03+4.0901759198524878e+03j,-2.2141120285234633e+03-8.1303683656952353e+03j,7.7193147107344575e+03+3.3789596773767353e+03j,-8.827453694100527e-08,1.0000000882745403,3334980374.9056754,3334980374.9056754,3412341673.04366,ok
0,2,2,0.5,0.1,5.80214284499459,160,10.0,linear,2.0305926081030874e-08,2.0305920867454085e-08,0.36931335622358485,0.09417415029884754,7.105427357601002e-15,2.0305926081030874e-08,8.8789922287636966e+02-8.3795473578895471e+03j,7.3672264480094818e+03+4.0901295437672197e+03j,-2.2141120285234633e+03-8.1303683656952353e+03j,7.7193147107344575e+03+3.3789596773767353e+03j,-8.827453553171606e-08,1.0000000882745426,9088740604.602396,9088740604.602396,9275661325.366203,ok
0,2,2,0.5,0.1,5.80214284499459,192,10.0,linear,1.3219141952556237e-08,1.3219119350722678e-08,0.3693168148832552,0.09417064419787335,4.2521541843143495e-14,1.3219141952556237e-08,8.8792868898544134e+02-8.3795445196789697e+03j,7.3672410577456321e+03+4.0901038102985149e+03j,-2.2141120285234633e+03-8.1303683656952353e+03j,7.7193147107344575e+03+3.3789596773767353e+03j,-8.827452961289663e-08,1.000000088274487,20623734347.398758,20623734347.398758,21020444139.05955,ok
0,2,2,0.5,0.1,5.80214284499459,224,10.0,linear,2.5919449327047812e-09,2.5919616558856923e-09,0.3693188785091,0.09416853739055057,3.3306690738754696e-14,2.5919616558856923e-09,8.8794629466631477e+02-8.3795425201173966e+03j,7.3672495648252316e+03+4.0900882125201492e+03j,-2.2141120285234633e+03-8.1303683656952353e+03j,7.7193147107344575e+03+3.3789596773767353e+03j,-8.827453240432918e-08,1.000000088274499,41238829043.02359,41238829043.02359,41999317033.79183,ok
0,2,2,0.5,0.1,5.80214284499459,64,12.0,linear,8.4498186588107e-08,8.449819322017739e-08,0.3692666774312567,0.09422158166864854,2.7422508708241367e-14,8.449819322017739e-08,8.8750127546719261e+02-8.3795889710162082e+03j,7.3670317384295258e+03+4.0904791247544117e+03j,-2.2141120285234633e+03-8.1303683656952353e+03j,7.7193147107344575e+03+3.3789596773767353e+03j,-8.827454686480135e-08,1.0000000882745195,120995687.74754533,120995687.74754533,148071201.6525614,ok
0,2,2,0.5,0.1,5.80214284499459,80,12.0,linear,6.025792977078614e-08,6.025792020343997e-08,0.36928715356214337,0.0942008059160591,8.104628079763643e-15,6.025792977078614e-08,8.8767575914438135e+02-8.3795717158234474e+03j,7.3671179084191990e+03+4.0903264399554455e+03j,-2.2141120285234633e+03-8.1303683656952353e+03j,7.7193147107344575e+03+3.3789596773767353e+03j,-8.827452130824359e-08,1.0000000882745133,329291941.41180056,329291941.41180056,391411219.60364175,ok
0,2,2,0.5,0.1,5.80214284499459,96,12.0,linear,1.430136352602282e-07,1.4301362678933333e-07,0.36929873674953334,0.09418898901455344,7.993605777301127e-15,1.430136352602282e-07,8.8777465897394848e+02-8.3795595160018329e+03j,7.3671647598497748e+03+4.0902385256252987e+03j,-2.2141120285234633e+03-8.1303683656952353e+03j,7.7193147107344575e+03+3.3789596773767353e+03j,-8.827455719565258e-08,1.0000000882745492,746548851.9411228,746548851.9411228,875168553.9695815,ok
0,2,2,0.5,0.1,5.80214284499459,112,12.0,linear,1.874143874209283e-08,1.874143661969838e-08,0.3693055031434957,0.09418214052958217,7.771561172376096e-16,1.874143874209283e-08,8.8783223935950048e+02-8.3795547860839561e+03j,7.3671940255998652e+03+4.0901886209982345e+03j,-2.2141120285234633e+03-8.1303683656952353e+03j,7.7193147107344575e+03+3.3789596773767353e+03j,-8.827452863794033e-08,1.000000088274528,1491864811.0468595,1491864811.0468595,1736149173.382993,ok
0,2,2,0.5,0.1,5.80214284499459,128,12.0,linear,1.9190099886700046e-08,1.9190101414232388e-08,0.36931006320803955,0.09417749432468868,6.106226635438361e-15,1.9190101414232388e-08,8.8787114529526787e+02-8.3795503424055587e+03j,7.3672127637161693e+03+4.0901542114745935e+03j,-2.2141120285234633e+03-8.1303683656952353e+03j,7.7193147107344575e+03+3.3789596773767353e+03j,-8.8274535334718e-08,1.0000000882745292,2718038557.9691086,2718038557.9691086,3149817013.3989143,ok
0,2,2,0.5,0.1,5.80214284499459,160,12.0,linear,1.2373626747598672e-09,1.237372765868713e-09,0.36931523201170763,0.0941722397123252,1.9761969838327786e-14,1.237372765868713e-09,8.8791520307626013e+02-8.3795458261875847e+03j,7.3672344153787999e+03+4.0901155237765238e+03j,-2.2141120285234633e+03-8.1303683656952353e+03j,7.7193147107344575e+03+3.3789596773767353e+03j,-8.827453216517894e-08,1.0000000882745124,7408754995.614459,7408754995.614459,8548591339.364376,ok
0,2,2,0.5,0.1,5.80214284499459,192,12.0,linear,1.364854198153241e-08,1.3648524325674415e-08,0.3693181154122619,0.09416931325657792,3.352873534367973e-14,1.364854198153241e-08,8.8793979596263398e+02-8.3795431150666864e+03j,7.3672463043510061e+03+4.0900938934813812e+03j,-2.2141120285234633e+03-8.1303683656952353e+03j,7.7193147107344575e+03+3.3789596773767353e+03j,-8.827453435636109e-08,1.0000000882745679,16813656490.13159,16813656490.13159,19360275425.35679,ok
0,2,2,0.5,0.1,5.80214284499459,224,12.0,linear,2.341187406894228e-08,2.341195873458264e-08,0.369319806024746,0.0941675870250412,1.729727472365994e-13,2.341195873458264e-08,8.8795421711566496e+02-8.3795415041831420e+03j,7.3672532988164121e+03+4.0900811252390758e+03j,-2.2141120285234633e+03-8.1303683656952353e+03j,7.7193147107344575e+03+3.3789596773767353e+03j,-8.827453608006832e-08,1.0000000882743632,33623187901.5372,33623187901.5372,38670244054.35097,ok
0,2,2,0.5,0.1,5.80214284499459,64,15.0,linear,1.6010624764181946e-07,1.601062252486507e-07,0.36927808145041646,0.09421004910428776,1.6209256159527285e-14,1.6010624764181946e-07,8.8759834017122785e+02-8.3795807627842350e+03j,7.3670808132873908e+03+4.0903949848320490e+03j,-2.2141120285234633e+03-8.1303683656952353e+03j,7.7193147107344575e+03+3.3789596773767353e+03j,-8.827450368012236e-08,1.0000000882744875,101294059.9587019,101294059.9587019,139647825.42959866,ok
0,2,2,0.5,0.1,5.80214284499459,80,15.0,linear,4.9919321368398054e-09,4.9919299737116295e-09,0.36929462651230693,0.094193196346418,3.1086244689504383e-15,4.9919321368398054e-09,8.8773951276276114e+02-8.3795644936438021e+03j,7.3671486505974372e+03+4.0902701101034254e+03j,-2.2141120285234633e+03-8.1303683656952353e+03j,7.7193147107344575e+03+3.3789596773767353e+03j,-8.827453106540278e-08,1.000000088274528,275777378.8989833,275777378.8989833,358808427.90630335,ok
0,2,2,0.5,0.1,5.80214284499459,96,15.0,linear,1.1684853919665273e-07,1.1684852497288755e-07,0.3693038639339378,0.09418377855987366,8.215650382226158e-15,1.1684853919665273e-07,8.8781835626627094e+02-8.3795551080784808e+03j,7.3671862932339209e+03+4.0902001945850402e+03j,-2.2141120285234633e+03-8.1303683656952353e+03j,7.7193147107344575e+03+3.3789596773767353e+03j,-8.827455257622754e-08,1.0000000882745608,625384123.7554743,625384123.7554743,791051703.9523239,ok
0,2,2,0.5,0.1,5.80214284499459,112,15.0,linear,4.0845145293454925e-08,4.084507225473702e-08,0.36930938799190915,0.09417820500317048,1.3933298959045715e-13,4.0845145293454925e-08,8.8786534707049816e+02-8.3795514654816416e+03j,7.3672103075691093e+03+4.0901596777107534e+03j,-2.2141120285234633e+03-8.1303683656952353e+03j,7.7193147107344575e+03+3.3789596773767353e+03j,-8.8274524735552e-08,1.0000000882743854,1249964611.5931053,1249964611.5931053,1557825939.8399374,ok
0,2,2,0.5,0.1,5.80214284499459,128,15.0,linear,4.537039489107219e-08,4.537041490692394e-08,0.3693129155954835,0.0941745967638746,4.7628567756419216e-14,4.537041490692394e-08,8.8789548321287521e+02-8.3795475417574980e+03j,7.3672244303928010e+03+4.0901327428157174e+03j,-2.2141120285234633e+03-8.1303683656952353e+03j,7.7193147107344575e+03+3.3789596773767353e+03j,-8.827453995682501e-08,1.0000000882744924,2277634178.3812017,2277634178.3812017,2814947748.890349,ok
0,2,2,0.5,0.1,5.80214284499459,160,15.0,linear,3.211787523646273e-09,3.2118040036025896e-09,0.3693171392001514,0.09417031535186857,3.375077994860476e-14,3.2118040036025896e-09,8.8793146103680567e+02-8.3795441411426582e+03j,7.3672423285972673e+03+4.0901013474648166e+03j,-2.2141120285234633e+03-8.1303683656952353e+03j,7.7193147107344575e+03+3.3789596773767353e+03j,-8.827453137968565e-08,1.0000000882745652,6209523764.394806,6209523764.394806,7611332266.381359,ok
0,2,2,0.5,0.1,5.80214284499459,192,15.0,linear,2.840248272858422e-08,2.8402476294181823e-08,0.36931940039028055,0.09416801830390652,6.994405055138486e-15,2.840248272858422e-08,8.8795072303700476e+02-8.3795423134951161e+03j,7.3672519246110069e+03+4.0900845000392233e+03j,-2.2141120285234633e+03-8.1303683656952353e+03j,7.7193147107344575e+03+3.3789596773767353e+03j,-8.82745269322922e-08,1.00000008827452,14093904263.242968,14093904263.242968,17212517240.527798,ok
0,2,2,0.5,0.1,5.80214284499459,224,15.0,linear,1.3358613481021064e-08,1.3358706793309527e-08,0.3693207717824824,0.09416662013114703,1.8851586958135158e-13,1.3358706793309527e-08,8.8796244442941327e+02-8.3795407175436212e+03j,7.3672573338812908e+03+4.0900740316034198e+03j,-2.2141120285234633e+03-8.1303683656952353e+03j,7.7193147107344575e+03+3.3789596773767353e+03j,-8.827453430517447e-08,1.0000000882743458,28187050836.565216,28187050836.565216,34357806864.809513,ok
0,2,2,0.5,0.1,5.80214284499459,64,20.0,linear,7.476113365044655e-08,7.476114826760918e-08,0.3692900725265696,0.0941983801378105,4.207745263329343e-14,7.476114826760918e-08,8.8770073944958904e+02-8.3795679254407478e+03j,7.3671268209031296e+03+4.0903080437261256e+03j,-2.2141120285234633e+03-8.1303683656952353e+03j,7.7193147107344575e+03+3.3789596773767353e+03j,-8.827454514573336e-08,1.000000088274503,89034227.92109025,89034227.92109025,133882655.89649783,ok
0,2,2,0.5,0.1,5.80214284499459,80,20.0,linear,1.1449883484377927e-08,1.144987283328876e-08,0.36930229687008426,0.09418540255705979,1.887379141862766e-14,1.1449883484377927e-08,8.8780490712571543e+02-8.3795576201632321e+03j,7.3671806133098025e+03+4.0902126523656752e+03j,-2.2141120285234633e+03-8.1303683656952353e+03j,7.7193147107344575e+03+3.3789596773767353e+03j,-8.827452992525754e-08,1.000000088274511,242477450.6787463,242477450.6787463,321884431.164291,ok
0,2,2,0.5,0.1,5.80214284499459,96,20.0,linear,3.557642509444428e-08,3.557641877513658e-08,0.369309050573011,0.09417854232411368,5.773159728050814e-15,3.557642509444428e-08,8.8786247379611200e+02-8.3795517252771879e+03j,7.3672088865088244e+03+4.0901621458648083e+03j,-2.2141120285234633e+03-8.1303683656952353e+03j,7.7193147107344575e+03+3.3789596773767353e+03j,-8.827452566573952e-08,1.00000008827452,549988303.2255601,549988303.2255601,683231011.8058263,ok
0,2,2,0.5,0.1,5.80214284499459,112,20.0,linear,2.0018805571286096e-08,2.0018782669333993e-08,0.3693131308737827,0.09417438050758058,4.263256414560601e-14,2.0018805571286096e-08,8.8789730130824876e+02-8.3795475639321830e+03j,7.3672255075509338e+03+4.0901312427250259e+03j,-2.2141120285234633e+03-8.1303683656952353e+03j,7.7193147107344575e+03+3.3789596773767353e+03j,-8.827453548102522e-08,1.000000088274578,1099439657.377885,1099439657.377885,1317202970.4460037,ok
0,2,2,0.5,0.1,5.80214284499459,128,20.0,linear,1.6012011058516426e-08,1.6011982289152966e-08,0.3693158523275812,0.09417160687119819,5.5289106626332796e-14,1.6012011058516426e-08,8.8792050213840093e+02-8.3795451394906195e+03j,7.3672368949481797e+03+4.0901108010108960e+03j,-2.2141120285234633e+03-8.1303683656952353e+03j,7.7193147107344575e+03+3.3789596773767353e+03j,-8.827453477362935e-08,1.00000008827459,2003589532.6848104,2003589532.6848104,2351518779.768926,ok
0,2,2,0.5,0.1,5.80214284499459,160,20.0,linear,6.036598172175522e-09,6.036600064400992e-09,0.3693189763961232,0.09416842087620453,4.218847493575595e-15,6.036600064400992e-09,8.8794713163251322e+02-8.3795424022386906e+03j,7.3672500158666471e+03+4.0900873402841107e+03j,-2.2141120285234633e+03-8.1303683656952353e+03j,7.7193147107344575e+03+3.3789596773767353e+03j,-8.827453301247948e-08,1.0000000882745288,5463293982.103341,5463293982.103341,6286284597.651011,ok
0,2,2,0.5,0.1,5.80214284499459,192,20.0,linear,7.702139071811104e-09,7.702202196592922e-09,0.3693206766984382,0.09416667301205225,1.2789769243681803e-13,7.702202196592922e-09,8.8796161926877278e+02-8.3795409834452894e+03j,7.3672572765757513e+03+4.0900745004502751e+03j,-2.2141120285234633e+03-8.1303683656952353e+03j,7.7193147107344575e+03+3.3789596773767353e+03j,-8.827453058691829e-08,1.0000000882746585,12401540587.066275,12401540587.066275,14153734861.697397,ok
0,2,2,0.5,0.1,5.80214284499459,224,20.0,linear,7.0070996192811076e-09,7.007087869085624e-09,0.3693217435928552,0.09416567554601687,2.2648549702353193e-14,7.0070996192811076e-09,8.8797072589012714e+02-8.3795398937907958e+03j,7.3672612496090505e+03+4.0900670886464663e+03j,-2.2141120285234633e+03-8.1303683656952353e+03j,7.7193147107344575e+03+3.3789596773767353e+03j,-8.82745331838206e-08,1.0000000882745559,24804370643.92199,24804370643.92199,28199037685.396847,ok
0,2,2,0.5,0.1,5.80214284499459,64,25.0,linear,6.921172190735539e-05,6.921171782156128e-05,0.3693396647043786,0.0942249537781737,4.047207013968546e-12,6.921172190735539e-05,8.8807595522134386e+02-8.3801152770376466e+03j,7.3675419094895442e+03+4.0907631853767607e+03j,-2.2141120285234633e+03-8.1303683656952353e+03j,7.7193147107344575e+03+3.3789596773767353e+03j,-8.8262313950468e-08,1.000000088266361,84767265.6336853,84767265.6336853,133158621.62130703,ok
0,2,2,0.5,0.1,5.80214284499459,80,25.0,linear,4.108048764504699e-08,4.108043855711648e-08,0.36930668135336703,0.09418080891976387,9.170442183403793e-14,4.108048764504699e-08,8.8784232605008867e+02-8.3795532104623071e+03j,7.3671990259229760e+03+4.0901785759658992e+03j,-2.2141120285234633e+03-8.1303683656952353e+03j,7.7193147107344575e+03+3.3789596773767353e+03j,-8.82745391994458e-08,1.000000088274631,230887451.2027828,230887451.2027828,298283948.8609898,ok
0,2,2,0.5,0.1,5.80214284499459,96,25.0,linear,1.8815079638318062e-08,1.881507319534452e-08,0.3693121882134233,0.09417533901361365,1.0436096431476471e-14,1.8815079638318062e-08,8.8788926319813686e+02-8.3795484258467804e+03j,7.3672215918786442e+03+4.0901383166001588e+03j,-2.2141120285234633e+03-8.1303683656952353e+03j,7.7193147107344575e+03+3.3789596773767353e+03j,-8.827453526850851e-08,1.0000000882745457,523746910.8045598,523746910.8045598,602182992.8474296,ok
0,2,2,0.5,0.1,5.80214284499459,112,25.0,linear,7.426580584932881e-09,7.426515928945022e-09,0.3693154576715845,0.09417200185533016,1.2756462552943049e-13,7.426580584932881e-09,8.8791712114313577e+02-8.3795456963598190e+03j,7.3672354548207559e+03+4.0901138019098707e+03j,-2.2141120285234633e+03-8.1303683656952353e+03j,7.7193147107344575e+03+3.3789596773767353e+03j,-8.82745306355679e-08,1.0000000882744031,1047050318.0886403,1047050318.0886403,1124143179.3714137,ok
0,2,2,0.5,0.1,5.80214284499459,128,25.0,linear,5.7583774043837004e-09,5.758584382006426e-09,0.3693175707735902,0.09416985837833235,4.1611158962950867e-13,5.758584382006426e-09,8.8793513895749095e+02-8.3795437729928872e+03j,7.3672442189936464e+03+4.0900979866236380e+03j,-2.2141120285234633e+03-8.1303683656952353e+03j,7.7193147107344575e+03+3.3789596773767353e+03j,-8.827453093008759e-08,1.0000000882749471,1908209176.3581579,1908209176.3581579,1967293960.9225698,ok
0,2,2,0.5,0.1,5.80214284499459,160,25.0,linear,8.975548853130602e-09,8.974953744934123e-09,0.36932008172219527,0.09416726440947917,1.1886047701636926e-12,8.975548853130602e-09,8.8795655784880273e+02-8.3795413784706889e+03j,7.3672547289493004e+03+4.0900787998444384e+03j,-2.2141120285234633e+03-8.1303683656952353e+03j,7.7193147107344575e+03+3.3789596773767353e+03j,-8.82745335313485e-08,1.000000088275722,5203572946.787516,5203572946.787516,5155866842.788304,ok
0,2,2,0.5,0.1,5.80214284499459,192,25.0,linear,1.5034116617270815e-08,1.503393764802718e-08,0.3693214414952636,0.0941658799899212,3.561595462997502e-13,1.5034116617270815e-08,8.8796815566495695e+02-8.3795400981363346e+03j,7.3672603518078795e+03+4.0900685664672928e+03j,-2.2141120285234633e+03-8.1303683656952353e+03j,7.7193147107344575e+03+3.3789596773767353e+03j,-8.8274534600983e-08,1.0000000882748907,11812522232.521595,11812522232.521595,11517487766.471266,ok
0,2,2,0.5,0.1,5.80214284499459,224,25.0,linear,1.7852495740823194e-08,1.78529979216665e-08,0.36932233153287936,0.09416510856108144,1.0080825063596421e-12,1.78529979216665e-08,8.8797572170142337e+02-8.3795395750398093e+03j,7.3672637591323901e+03+4.0900629999285752e+03j,-2.2141120285234633e+03-8.1303683656952353e+03j,7.7193147107344575e+03+3.3789596773767353e+03j,-8.827452879488238e-08,1.0000000882755369,23627067655.401432,23627067655.401432,22869777997.370632,ok
0,2,2,0.5,0.1,5.80214284499459,64,30.0,linear,0.003315171384458791,0.003315171184107204,0.36660317217376087,0.09102394853875995,1.8301382631591423e-10,0.003315171384458791,8.6234465374256354e+02-8.4102980090756482e+03j,7.4054156219668848e+03+4.0787959804652446e+03j,-2.2141120285234633e+03-8.1303683656952353e+03j,7.7193147107344575e+03+3.3789596773767353e+03j,-8.769213923714767e-08,1.0000000878751532,82983162.66691007,82983162.66691007,132743331.39427668,ok
0,2,2,0.5,0.1,5.80214284499459,80,30.0,linear,7.909447679856898e-06,7.909447222174705e-06,0.36930487882220253,0.09417405486390301,4.811706588725428e-13,7.909447679856898e-06,8.8783235865241386e+02-8.3794875929605823e+03j,7.3671671979791781e+03+4.0900993096238271e+03j,-2.2141120285234633e+03-8.1303683656952353e+03j,7.7193147107344575e+03+3.3789596773767353e+03j,-8.827592836887489e-08,1.0000000882754472,226041974.1699106,226041974.1699106,279745113.74779576,ok
0,2,2,0.5,0.1,5.80214284499459,96,30.0,linear,3.3398997062533646e-08,3.3399012210109154e-08,0.36931425081123254,0.09417327186136575,3.608224830031759e-14,3.3399012210109154e-08,8.8790685927235131e+02-8.3795464377854933e+03j,7.3672299459352625e+03+4.0901230159260213e+03j,-2.2141120285234633e+03-8.1303683656952353e+03j,7.7193147107344575e+03+3.3789596773767353e+03j,-8.827453784328568e-08,1.0000000882745017,512776841.0508835,512776841.0508835,536833866.81127644,ok
0,2,2,0.5,0.1,5.80214284499459,112,30.0,linear,2.0614788227770364e-08,2.0614619157933803e-08,0.3693169799925782,0.09417047046869065,3.3506530883187224e-13,2.0614788227770364e-08,8.8793011996275027e+02-8.3795440813506957e+03j,7.3672415133205204e+03+4.0901024023386331e+03j,-2.2141120285234633e+03-8.1303683656952353e+03j,7.7193147107344575e+03+3.3789596773767353e+03j,-8.82745355862454e-08,1.0000000882748707,1025150423.6677035,1025150423.6677035,964308394.9076579,ok
0,2,2,0.5,0.1,5.80214284499459,128,30.0,linear,1.2736148976191907e-08,1.273635327130406e-08,0.3693187586827142,0.09416865688371992,4.1089354141377044e-13,1.273635327130406e-08,8.8794527997000148e+02-8.3795425416823291e+03j,7.3672489988529005e+03+4.0900890558649107e+03j,-2.2141120285234633e+03-8.1303683656952353e+03j,7.7193147107344575e+03+3.3789596773767353e+03j,-8.827453419527895e-08,1.0000000882741233,1868340101.9707565,1868340101.9707565,1643131691.2877388,ok
0,2,2,0.5,0.1,5.80214284499459,160,30.0,linear,1.7729435243265314e-08,1.7729172830612113e-08,0.3693208505447332,0.09416655734064865,5.213607323639735e-13,1.7729435243265314e-08,8.8796309462836950e+02-8.3795409120721924e+03j,7.3672578260099908e+03+4.0900736848521888e+03j,-2.2141120285234633e+03-8.1303683656952353e+03j,7.7193147107344575e+03+3.3789596773767353e+03j,-8.82745288166086e-08,1.0000000882740074,5095014832.216363,5095014832.216363,4182463293.104806,ok
0,2,2,0.5,0.1,5.80214284499459,192,30.0,linear,8.874328859401006e-09,8.875346277973795e-09,0.3693219914183053,0.09416538795578065,2.036815160977312e-12,8.875346277973795e-09,8.8797282798989397e+02-8.3795398056067716e+03j,7.3672625472500022e+03+4.0900650269864850e+03j,-2.2141120285234633e+03-8.1303683656952353e+03j,7.7193147107344575e+03+3.3789596773767353e+03j,-8.827453037996928e-08,1.0000000882765672,11566336152.643064,11566336152.643064,9228192340.168676,ok
0,2,2,0.5,0.1,5.80214284499459,224,30.0,linear,1.3929091516574365e-08,1.3928780054109771e-08,0.36932266938139674,0.09416468542139035,6.210587599753126e-13,1.3929091516574365e-08,8.8797862407275352e+02-8.3795389981707576e+03j,7.3672652514493448e+03+4.0900597601324876e+03j,-2.2141120285234633e+03-8.1303683656952353e+03j,7.7193147107344575e+03+3.3789596773767353e+03j,-8.827453440589184e-08,1.0000000882751554,23135004869.55012,23135004869.55012,18225504566.1513,ok
0,2,2,0.5,0.1,5.80214284499459,64,40.0,linear,0.6216312691583327,0.6216312498129225,0.647677636956691,0.621746489396032,4.260705636083273e-07,0.6216312691583327,9.8200185515795383e+01-3.1867952899916563e+03j,2.8953160222705765e+03+1.3350859765357916e+03j,-2.2141120285234633e+03-8.1303683656952353e+03j,7.7193147107344575e+03+3.3789596773767353e+03j,-6.166020255104039e-07,1.000000190531462,81739078.61378722,81739078.61378722,45870214.944364056,ok
0,2,2,0.5,0.1,5.80214284499459,80,40.0,linear,0.003613994660281009,0.0036139945245049856,0.38018796406399785,0.10476769521554075,3.640312495889475e-10,0.003613994660281009,9.7814586919498561e+02-8.4001526526011967e+03j,7.3509484752266981e+03+4.1812554020261523e+03j,-2.2141120285234633e+03-8.1303683656952353e+03j,7.7193147107344575e+03+3.3789596773767353e+03j,-8.7639926830189e-08,1.0000000880039581,222664321.62547234,222664321.62547234,239379157.85416612,ok
0,2,2,0.5,0.1,5.80214284499459,96,40.0,linear,4.7317160530961206e-05,4.7317159101767345e-05,0.3692917754073568,0.09413852480866619,5.49493783807975e-12,4.7317160530961206e-05,8.8768269211719473e+02-8.3799714176729212e+03j,7.3677302423615311e+03+4.0900438710398025e+03j,-2.2141120285234633e+03-8.1303683656952353e+03j,7.7193147107344575e+03+3.3789596773767353e+03j,-8.826617873920564e-08,1.0000000882716737,505132173.76562977,505132173.76562977,424172647.5123509,ok
0,2,2,0.5,0.1,5.80214284499459,112,40.0,linear,2.030891900458417e-07,2.030892922532569e-07,0.3693186403592867,0.09416834895185733,2.396971510165713e-13,2.030892922532569e-07,8.8794440179972912e+02-8.3795410217562494e+03j,7.3672488206442786e+03+4.0900860722765851e+03j,-2.2141120285234633e+03-8.1303683656952353e+03j,7.7193147107344575e+03+3.3789596773767353e+03j,-8.827456780194102e-08,1.000000088274328,1009892547.2937406,1009892547.2937406,709068764.7686607,ok
0,2,2,0.5,0.1,5.80214284499459,128,40.0,linear,9.402443967834387e-09,9.402718566679932e-09,0.3693202105381277,0.09416720724758186,5.505595979116151e-13,9.402718566679932e-09,8.8795765644847552e+02-8.3795412584377264e+03j,7.3672549597716124e+03+4.0900783766495579e+03j,-2.2141120285234633e+03-8.1303683656952353e+03j,7.7193147107344575e+03+3.3789596773767353e+03j,-8.827453360671643e-08,1.000000088273983,1840567854.0579047,1840567854.0579047,1137490002.5650756,ok
0,2,2,0.5,0.1,5.80214284499459,160,40.0,linear,4.673868250985424e-09,4.67403231905399e-09,0.36932178726194353,0.09416560648160344,3.2862601528904634e-13,4.67403231905399e-09,8.8797109661850311e+02-8.3795398742760626e+03j,7.3672615500387474e+03+4.0900665879981548e+03j,-2.2141120285234633e+03-8.1303683656952353e+03j,7.7193147107344575e+03+3.3789596773767353e+03j,-8.82745327718908e-08,1.0000000882742042,5019413237.112203,5019413237.112203,2672811390.851507,ok
0,2,2,0.5,0.1,5.80214284499459,192,40.0,linear,5.038674778340331e-10,5.04420505412231e-10,0.36932265530630926,0.09416475084021372,1.106670310946356e-12,5.04420505412231e-10,8.8797849415829080e+02-8.3795391342374460e+03j,7.3672650927010654e+03+4.0900602966460751e+03j,-2.2141120285234633e+03-8.1303683656952353e+03j,7.7193147107344575e+03+3.3789596773767353e+03j,-8.827453185776638e-08,1.0000000882756386,11394920498.179634,11394920498.179634,5667101315.3013,ok
0,2,2,0.5,0.1,5.80214284499459,224,40.0,linear,5.871435514167925e-09,5.8713463180458314e-09,0.36932311012528657,0.09416417280179294,1.7741363933510002e-13,5.871435514167925e-09,8.8798237639884690e+02-8.3795386688140788e+03j,7.3672674113354951e+03+4.0900560094919438e+03j,-2.2141120285234633e+03-8.1303683656952353e+03j,7.7193147107344575e+03+3.3789596773767353e+03j,-8.827453298332019e-08,1.0000000882747104,22792429446.874973,22792429446.874973,10985035067.310835,ok
0,2,2,0.5,0.25,5.513392382485113,64,6.0,linear,2.784859921629601e-07,2.7848602869068516e-07,0.36920870743828366,0.32018906735916786,1.2112533198660458e-12,2.7848602869068516e-07,2.7060693619201277e+02-2.3968606435374176e+02j,2.9728918021174161e+02+2.0566218572863320e+02j,1.6518983841413421e+02-3.2154301956204284e+02j,2.1704861038495011e+02+2.8908089667689734e+02j,-2.0504612081734766e-06,1.000002050459997,78038327.3199842,78038327.3199842,170647436.8006808,ok
0,2,2,0.5,0.25,5.513392382485113,80,6.0,linear,2.123890625834335e-07,2.1238829651986282e-07,0.36925015340327083,0.3202306814972829,6.574740751830177e-13,2.123890625834335e-07,2.7061715445374807e+02-2.3967479502173452e+02j,2.9729797981160624e+02+2.0564977705409370e+02j,1.6518983841413421e+02-3.2154301956204284e+02j,2.1704861038495011e+02+2.8908089667689734e+02j,-2.050459195133883e-06,1.0000020504585376,212463977.14817157,212463977.14817157,461840967.0183558,ok
0,2,2,0.5,0.25,5.513392382485113,96,6.0,linear,1.4157201109312365e-07,1.415718764849406e-07,0.36927259571839033,0.32025323222296664,3.078648447285559e-13,1.4157201109312365e-07,2.7062254747842582e+02-2.3966851261705949e+02j,2.9730258447845051e+02+2.0564289522220903e+02j,1.6518983841413421e+02-3.2154301956204284e+02j,2.1704861038495011e+02+2.8908089667689734e+02j,-2.0504606466998214e-06,1.0000020504603389,481806464.2759618,481806464.2759618,1043784802.7970561,ok
0,2,2,0.5,0.25,5.513392382485113,112,6.0,linear,7.370170414730867e-08,7.37017518669662e-08,0.3692866749645785,0.3202673693638766,3.9457326295178063e-13,7.37017518669662e-08,2.7062599614713787e+02-2.3966465549056457e+02j,2.9730554756999896e+02+2.0563865447742467e+02j,1.6518983841413421e+02-3.2154301956204284e+02j,2.1704861038495011e+02+2.8908089667689734e+02j,-2.0504603683690234e-06,1.0000020504599738,962990601.3475786,962990601.3475786,2081814729.6399994,ok
0,2,2,0.5,0.25,5.513392382485113,128,6.0,linear,1.4556507417585598e-08,1.4556643921588133e-08,0.36929537858000594,0.3202761107890762,3.291811268013589e-13,1.4556643921588133e-08,2.7062813192383408e+02-2.3966227602891760e+02j,2.9730738424550208e+02+2.0563603663315439e+02j,1.6518983841413421e+02-3.2154301956204284e+02j,2.1704861038495011e+02+2.8908089667689734e+02j,-2.050460125819263e-06,1.0000020504597966,1754716111.5228426,1754716111.5228426,3788017025.783552,ok
0,2,2,0.5,0.25,5.513392382485113,160,6.0,linear,5.6728870165836607e-08,5.672888701205231e-08,0.36930591198634666,0.3202866870178381,2.6278978992877455e-13,5.672888701205231e-08,2.7063069102368070e+02-2.3965936325131290e+02j,2.9730957638613614e+02+2.0563284041279493e+02j,1.6518983841413421e+02-3.2154301956204284e+02j,2.1704861038495011e+02+2.8908089667689734e+02j,-2.050460298764773e-06,1.000002050460036,4783859607.411437,4783859607.411437,10309285419.4676,ok
0,2,2,0.5,0.25,5.513392382485113,192,6.0,linear,1.0793400736266356e-08,1.0793313720821898e-08,0.3693116673454404,0.320292466782818,1.3389289676979388e-13,1.0793400736266356e-08,2.7063210484256302e+02-2.3965779176137099e+02j,2.9731079255524423e+02+2.0563111122307114e+02j,1.6518983841413421e+02-3.2154301956204284e+02j,2.1704861038495011e+02+2.8908089667689734e+02j,-2.0504601103870628e-06,1.0000020504602443,10857988070.396006,10857988070.396006,23375686599.027332,ok
0,2,2,0.5,0.25,5.513392382485113,224,6.0,linear,1.2854727145342682e-08,1.2855244828281403e-08,0.36931505569213013,0.32029586619701106,1.084687895058778e-12,1.2855244828281403e-08,2.7063293062859532e+02-2.3965685812029724e+02j,2.9731150017473391e+02+2.0563008680058039e+02j,1.6518983841413421e+02-3.2154301956204284e+02j,2.1704861038495011e+02+2.8908089667689734e+02j,-2.050460118840398e-06,1.0000020504590341,21715265309.987446,21715265309.987446,46719968844.32777,ok
0,2,2,0.5,0.25,5.513392382485113,64,8.0,linear,5.741516402047165e-07,5.741509232555066e-07,0.36923731245495467,0.32021780508634934,9.169331960379168e-13,5.741516402047165e-07,2.7061384551141253e+02-2.3967810226305633e+02j,2.9729508954874410e+02+2.0565345551721603e+02j,1.6518983841413421e+02-3.2154301956204284e+02j,2.1704861038495011e+02+2.8908089667689734e+02j,-2.050462420676236e-06,1.0000020504615037,73828740.3043618,73828740.3043618,132861214.66764641,ok
0,2,2,0.5,0.25,5.513392382485113,80,8.0,linear,2.68158103917027e-07,2.681577704982535e-07,0.36926877887514176,0.3202494002354607,4.29101199017623e-13,2.68158103917027e-07,2.7062158813899231e+02-2.3966952683432703e+02j,2.9730175274267071e+02+2.0564401723641950e+02j,1.6518983841413421e+02-3.2154301956204284e+02j,2.1704861038495011e+02+2.8908089667689734e+02j,-2.050461165819597e-06,1.0000020504607368,201073237.22752753,201073237.22752753,356523201.75199455,ok
0,2,2,0.5,0.25,5.513392382485113,96,8.0,linear,2.8431852656756666e-08,2.8432080604567855e-08,0.3692858927493927,0.3202665837819923,5.691003224228552e-13,2.8432080604567855e-08,2.7062581561074416e+02-2.3966488403304166e+02j,2.9730539586066851e+02+2.0563890258120193e+02j,1.6518983841413421e+02-3.2154301956204284e+02j,2.1704861038495011e+02+2.8908089667689734e+02j,-2.05046018272095e-06,1.0000020504596137,456084070.08030015,456084070.08030015,801958214.7250789,ok
0,2,2,0.5,0.25,5.513392382485113,112,8.0,linear,4.724059885401111e-08,4.724041833509546e-08,0.36929605411907046,0.3202767817897706,1.6420198534206065e-13,4.724059885401111e-08,2.7062831059912452e+02-2.3966210796286484e+02j,2.9730754034248719e+02+2.0563585021977917e+02j,1.6518983841413421e+02-3.2154301956204284e+02j,2.1704861038495011e+02+2.8908089667689734e+02j,-2.050459872394279e-06,1.0000020504597082,911734248.0227883,911734248.0227883,1594941157.5812316,ok
0,2,2,0.5,0.25,5.513392382485113,128,8.0,linear,6.651736592988094e-08,6.6516935282713e-08,0.3693027001757408,0.32028346397756985,5.919709167301335e-13,6.651736592988094e-08,2.7062990560532018e+02-2.3966024482955265e+02j,2.9730890237254971e+02+2.0563380869644243e+02j,1.6518983841413421e+02-3.2154301956204284e+02j,2.1704861038495011e+02+2.8908089667689734e+02j,-2.05046033890662e-06,1.0000020504609308,1661534076.0740035,1661534076.0740035,2896804726.9925594,ok
0,2,2,0.5,0.25,5.513392382485113,160,8.0,linear,3.584547709312142e-09,3.5851637402047377e-09,0.36931056913611443,0.3202913811363987,1.2430056983703253e-12,3.5851637402047377e-09,2.7063183866904092e+02-2.3965809626661493e+02j,2.9731056829597679e+02+2.0563144004766664e+02j,1.6518983841413421e+02-3.2154301956204284e+02j,2.1704861038495011e+02+2.8908089667689734e+02j,-2.050460080824132e-06,1.0000020504588378,4530643117.771064,4530643117.771064,7867214209.744517,ok
0,2,2,0.5,0.25,5.513392382485113,192,8.0,linear,7.611889163307606e-09,7.611712791836981e-09,0.3693148543828949,0.3202956834156938,3.2462921240039577e-13,7.611889163307606e-09,2.7063288272206398e+02-2.3965691507758095e+02j,2.9731146348196290e+02+2.0563014318529659e+02j,1.6518983841413421e+02-3.2154301956204284e+02j,2.1704861038495011e+02+2.8908089667689734e+02j,-2.0504600973399377e-06,1.000002050460422,10284515374.395853,10284515374.395853,17818733159.87859,ok
0,2,2,0.5,0.25,5.513392382485113,224,8.0,linear,1.334898766492048e-09,1.334235707402463e-09,0.3693174485169256,0.3202982905349013,1.3173906410202108e-12,1.334898766492048e-09,2.7063351732032004e+02-2.3965620333318890e+02j,2.9731200895449354e+02+2.0562936019379669e+02j,1.6518983841413421e+02-3.2154301956204284e+02j,2.1704861038495011e+02+2.8908089667689734e+02j,-2.0504600606498747e-06,1.0000020504587432,20570200177.060566,20570200177.060566,35590586977.28763,ok
0,2,2,0.5,0.25,5.513392382485113,64,10.0,linear,4.0535468499227735e-07,4.053540624755874e-07,0.3692547642408522,0.32023532782610886,4.134470543704083e-13,4.0535468499227735e-07,2.7061813952324940e+02-2.3967334596030690e+02j,2.9729878476647127e+02+2.0564822082466844e+02j,1.6518983841413421e+02-3.2154301956204284e+02j,2.1704861038495011e+02+2.8908089667689734e+02j,-2.050461728452387e-06,1.000002050461315,73456491.64462225,73456491.64462225,104999453.06444706,ok
0,2,2,0.5,0.25,5.513392382485113,80,10.0,linear,2.195481426894661e-07,2.1954777922611917e-07,0.36927978631459923,0.32026045356622007,1.6975310046518644e-13,2.195481426894661e-07,2.7062428338833308e+02-2.3966650997766553e+02j,2.9730406832011897e+02+2.0564070043111482e+02j,1.6518983841413421e+02-3.2154301956204284e+02j,2.1704861038495011e+02+2.8908089667689734e+02j,-2.0504609664738825e-06,1.0000020504607967,200084739.43752,200084739.43752,277774600.97501636,ok
0,2,2,0.5,0.25,5.513392382485113,96,10.0,linear,1.315810686446163e-07,1.3158109098980459e-07,0.369293498019449,0.32027422238243836,5.804245972740318e-13,1.3158109098980459e-07,2.7062764693768133e+02-2.3966275986882994e+02j,2.9730695995534751e+02+2.0563657570139776e+02j,1.6518983841413421e+02-3.2154301956204284e+02j,2.1704861038495011e+02+2.8908089667689734e+02j,-2.0504606057277477e-06,1.0000020504600253,453881093.0343814,453881093.0343814,619753385.5911887,ok
0,2,2,0.5,0.25,5.513392382485113,112,10.0,linear,6.757585090606734e-08,6.757564733743075e-08,0.3693017965462788,0.32028255662295535,1.3367085216486885e-13,6.757585090606734e-08,2.7062968501317897e+02-2.3966049334993164e+02j,2.9730871307067889e+02+2.0563408171928043e+02j,1.6518983841413421e+02-3.2154301956204284e+02j,2.1704861038495011e+02+2.8908089667689734e+02j,-2.0504603432473835e-06,1.000002050460477,907387424.486523,907387424.486523,1226449733.3571844,ok
0,2,2,0.5,0.25,5.513392382485113,128,10.0,linear,1.1364876592425406e-08,1.1364794651938039e-08,0.3693071484247178,0.32028793529226074,1.141309269314661e-13,1.1364876592425406e-08,2.7063100789447600e+02-2.3965904255974490e+02j,2.9730985440152608e+02+2.0563248172298668e+02j,1.6518983841413421e+02-3.2154301956204284e+02j,2.1704861038495011e+02+2.8908089667689734e+02j,-2.0504600195177375e-06,1.0000020504599054,1653691050.8047936,1653691050.8047936,2220386208.5511146,ok
0,2,2,0.5,0.25,5.513392382485113,160,10.0,linear,2.9091936322606143e-08,2.9090845716258567e-08,0.3693133940928217,0.3202942036099476,2.065236870407716e-12,2.9091936322606143e-08,2.7063252178345442e+02-2.3965731095496250e+02j,2.9731114954072569e+02+2.0563058344825572e+02j,1.6518983841413421e+02-3.2154301956204284e+02j,2.1704861038495011e+02+2.8908089667689734e+02j,-2.0504601854279003e-06,1.0000020504622507,4509559334.465952,4509559334.465952,6007964308.499575,ok
0,2,2,0.5,0.25,5.513392382485113,192,10.0,linear,1.25353367637255e-08,1.2534874189026434e-08,0.3693168026234363,0.3202976271564579,8.772982340587987e-13,1.25353367637255e-08,2.7063335669010780e+02-2.3965637716287364e+02j,2.9731186709990385e+02+2.0562955648219648e+02j,1.6518983841413421e+02-3.2154301956204284e+02j,2.1704861038495011e+02+2.8908089667689734e+02j,-2.0504601175306036e-06,1.0000020504609948,10237118205.324951,10237118205.324951,13581625479.275124,ok
0,2,2,0.5,0.25,5.513392382485113,224,10.0,linear,2.3402395145695335e-08,2.340233954647911e-08,0.3693188732545733,0.32029968852386187,1.8207657603852567e-14,2.3402395145695335e-08,2.7063385916114044e+02-2.3965580381783917e+02j,2.9731229365147249e+02+2.0562893284001174e+02j,1.6518983841413421e+02-3.2154301956204284e+02j,2.1704861038495011e+02+2.8908089667689734e+02j,-2.0504601620955447e-06,1.0000020504601803,20476071417.547737,20476071417.547737,27097780384.63687,ok
0,2,2,0.5,0.25,5.513392382485113,64,12.0,linear,1.857583457730962e-07,1.8575822310131274e-07,0.36926653451385777,0.3202471444500525,5.125899704694348e-13,1.857583457730962e-07,2.7062105941249081e+02-2.3967016876933482e+02j,2.9730130453794629e+02+2.0564471757042790e+02j,1.6518983841413421e+02-3.2154301956204284e+02j,2.1704861038495011e+02+2.8908089667689734e+02j,-2.05046082790454e-06,1.0000020504603153,73937002.35165559,73937002.35165559,83450248.98135251,ok
0,2,2,0.5,0.25,5.513392382485113,80,12.0,linear,1.5817473625182493e-07,1.5817458352133464e-07,0.369287251258296,0.3202679522419129,3.3995029014022293e-13,1.5817473625182493e-07,2.7062611762365430e+02-2.3966447226179918e+02j,2.9730564670298526e+02+2.0563845747390346e+02j,1.6518983841413421e+02-3.2154301956204284e+02j,2.1704861038495011e+02+2.8908089667689734e+02j,-2.050460714786302e-06,1.0000020504603748,201404685.92141795,201404685.92141795,216418986.79046097,ok
0,2,2,0.5,0.25,5.513392382485113,96,12.0,linear,6.402904318158665e-08,6.402895851044227e-08,0.3692986363910514,0.3202793862506341,8.93729534823251e-14,6.402904318158665e-08,2.7062891519629972e+02-2.3966136457450892e+02j,2.9730805354491287e+02+2.0563503752171607e+02j,1.6518983841413421e+02-3.2154301956204284e+02j,2.1704861038495011e+02+2.8908089667689734e+02j,-2.0504603287022053e-06,1.0000020504602394,456892521.07676727,456892521.07676727,477089690.01388955,ok
0,2,2,0.5,0.25,5.513392382485113,112,12.0,linear,4.799437063350148e-08,4.7994549749272996e-08,0.3693055293376493,0.32028630313767154,5.515587986337778e-13,4.7994549749272996e-08,2.7063059968426415e+02-2.3965947115714391e+02j,2.9730949872103923e+02+2.0563295825365898e+02j,1.6518983841413421e+02-3.2154301956204284e+02j,2.1704861038495011e+02+2.8908089667689734e+02j,-2.0504602629452826e-06,1.0000020504597114,913432852.0240304,913432852.0240304,936989028.1270412,ok
0,2,2,0.5,0.25,5.513392382485113,128,12.0,linear,4.5707946724586576e-08,4.570799342477627e-08,0.36931001463363766,0.32029080451596936,2.7711166694643907e-13,4.570799342477627e-08,2.7063169394954895e+02-2.3965823672127928e+02j,2.9731043705600035e+02+2.0563160303095759e+02j,1.6518983841413421e+02-3.2154301956204284e+02j,2.1704861038495011e+02+2.8908089667689734e+02j,-2.0504602535688396e-06,1.0000020504599765,1664743458.0036228,1664743458.0036228,1687886290.031884,ok
0,2,2,0.5,0.25,5.513392382485113,160,12.0,linear,1.9650231371155116e-10,1.9684931107629851e-10,0.3693152759083372,0.3202960817183307,6.985523270941485e-13,1.9684931107629851e-10,2.7063298727280483e+02-2.3965680127114854e+02j,2.9731154851697806e+02+2.0563002519924268e+02j,1.6518983841413421e+02-3.2154301956204284e+02j,2.1704861038495011e+02+2.8908089667689734e+02j,-2.0504600653183476e-06,1.0000020504607638,4539832907.076504,4539832907.076504,4540591754.517066,ok
0,2,2,0.5,0.25,5.513392382485113,192,12.0,linear,1.8853354058628574e-08,1.8852884692026692e-08,0.3693181149246537,0.3202989338914861,8.65085780787922e-13,1.8853354058628574e-08,2.7063367526906353e+02-2.3965601396021992e+02j,2.9731213764889964e+02+2.0562916129014693e+02j,1.6518983841413421e+02-3.2154301956204284e+02j,2.1704861038495011e+02+2.8908089667689734e+02j,-2.050460143440289e-06,1.0000020504610085,10306052517.950653,10306052517.950653,10233233389.573044,ok
0,2,2,0.5,0.25,5.513392382485113,224,12.0,linear,3.0423358537159326e-08,3.042382471487231e-08,0.36931983176777955,0.32030063711678886,1.053268583461886e-12,3.042382471487231e-08,2.7063409130991840e+02-2.3965553783277400e+02j,2.9731248940676517e+02+2.0562864534122750e+02j,1.6518983841413421e+02-3.2154301956204284e+02j,2.1704861038495011e+02+2.8908089667689734e+02j,-2.050460190887957e-06,1.0000020504591376,20614234413.99792,20614234413.99792,20381475010.011684,ok
0,2,2,0.5,0.25,5.513392382485113,64,15.0,linear,2.229065360485357e-07,2.229062106549713e-07,0.36927798715335725,0.32025864860339365,2.594591208548991e-13,2.229065360485357e-07,2.7062384388789565e+02-2.3966700441639810e+02j,2.9730369140706955e+02+2.0564124321613673e+02j,1.6518983841413421e+02-3.2154301956204284e+02j,2.1704861038495011e+02+2.8908089667689734e+02j,-2.0504609802463947e-06,1.0000020504607208,74912572.14122768,74912572.14122768,59553543.68555832,ok
0,2,2,0.5,0.25,5.513392382485113,80,15.0,linear,3.4229617139086406e-08,3.422901092900182e-08,0.369294734316892,0.32027546241393723,1.0683676165967881e-12,3.4229617139086406e-08,2.7062798582290736e+02-2.3966246760786007e+02j,2.9730726204979391e+02+2.0563624430523015e+02j,1.6518983841413421e+02-3.2154301956204284e+02j,2.1704861038495011e+02+2.8908089667689734e+02j,-2.050459925751269e-06,1.0000020504588574,204069512.29531878,204069512.29531878,148934898.37242755,ok
0,2,2,0.5,0.25,5.513392382485113,96,15.0,linear,9.2451559356758e-09,9.245038743875397e-09,0.3693039239933164,0.32028469256007536,1.929567616798522e-13,9.2451559356758e-09,2.7063022112956799e+02-2.3965992984225511e+02j,2.9730917831083337e+02+2.0563345788547593e+02j,1.6518983841413421e+02-3.2154301956204284e+02j,2.1704861038495011e+02+2.8908089667689734e+02j,-2.0504600282105423e-06,1.0000020504598353,462949454.40225613,462949454.40225613,320466282.9525472,ok
0,2,2,0.5,0.25,5.513392382485113,112,15.0,linear,1.5296413401543965e-08,1.5295938089622356e-08,0.3693093966060752,0.3202901949034944,8.917311333789257e-13,1.5296413401543965e-08,2.7063155010339102e+02-2.3965841574040903e+02j,2.9731031808851532e+02+2.0563179436551570e+02j,1.6518983841413421e+02-3.2154301956204284e+02j,2.1704861038495011e+02+2.8908089667689734e+02j,-2.050460128853559e-06,1.0000020504610205,925559224.3473253,925559224.3473253,619214302.0084064,ok
0,2,2,0.5,0.25,5.513392382485113,128,15.0,linear,1.6199667636891123e-08,1.619902047269467e-08,0.3693129504610217,0.3202937596181423,1.2312373343092986e-12,1.6199667636891123e-08,2.7063241651200622e+02-2.3965743686221961e+02j,2.9731106045141064e+02+2.0563072045078226e+02j,1.6518983841413421e+02-3.2154301956204284e+02j,2.1704861038495011e+02+2.8908089667689734e+02j,-2.0504601325577326e-06,1.0000020504613638,1686867605.6052446,1686867605.6052446,1103037447.628492,ok
0,2,2,0.5,0.25,5.513392382485113,160,15.0,linear,1.2226071609657973e-08,1.2225392981744403e-08,0.36931712852644427,0.32029796856604975,1.3038459201197838e-12,1.2226071609657973e-08,2.7063344174780224e+02-2.3965629461261864e+02j,2.9731194475724118e+02+2.0562945993558549e+02j,1.6518983841413421e+02-3.2154301956204284e+02j,2.1704861038495011e+02+2.8908089667689734e+02j,-2.0504600159860455e-06,1.0000020504587122,4600261711.791049,4600261711.791049,2927383812.478001,ok
0,2,2,0.5,0.25,5.513392382485113,192,15.0,linear,9.49006690396399e-09,9.489940969798293e-09,0.36931938533859704,0.3203002413006881,2.0972112935169207e-13,9.49006690396399e-09,2.7063399145318272e+02-2.3965567236091223e+02j,2.9731241748658260e+02+2.0562877469384321e+02j,1.6518983841413421e+02-3.2154301956204284e+02j,2.1704861038495011e+02+2.8908089667689734e+02j,-2.050460027206182e-06,1.0000020504598175,10443363306.069801,10443363306.069801,6549469842.795703,ok
0,2,2,0.5,0.25,5.513392382485113,224,15.0,linear,1.390337889981192e-09,1.3919365982801869e-09,0.36932077567866983,0.3203016162992754,3.206324095117452e-12,1.3919365982801869e-09,2.7063432865899699e+02-2.3965528715016916e+02j,2.9731270178524034e+02+2.0562835848809431e+02j,1.6518983841413421e+02-3.2154301956204284e+02j,2.1704861038495011e+02+2.8908089667689734e+02j,-2.0504600604225234e-06,1.0000020504632667,20889090856.988613,20889090856.988613,12989092116.590652,ok
0,2,2,0.5,0.25,5.513392382485113,64,20.0,linear,1.4751912783161752e-08,1.4751622793344883e-08,0.36928971117061454,0.320270471176683,5.163647287531603e-13,1.4751912783161752e-08,2.7062675650315134e+02-2.3966384513404824e+02j,2.9730621710703690e+02+2.0563774268961780e+02j,1.6518983841413421e+02-3.2154301956204284e+02j,2.1704861038495011e+02+2.8908089667689734e+02j,-2.050460005627773e-06,1.0000020504594893,76322494.35781282,76322494.35781282,37198781.57485202,ok
0,2,2,0.5,0.25,5.513392382485113,80,20.0,linear,3.831762646075081e-09,3.83179802910408e-09,0.3693021799300108,0.3202829407328534,8.271161533457416e-14,3.83179802910408e-09,2.7062979288351983e+02-2.3966040629761125e+02j,2.9730880991450653e+02+2.0563398220944501e+02j,1.6518983841413421e+02-3.2154301956204284e+02j,2.1704861038495011e+02+2.8908089667689734e+02j,-2.0504600818379405e-06,1.0000020504599991,207914590.8199554,207914590.8199554,87763049.72729813,ok
0,2,2,0.5,0.25,5.513392382485113,96,20.0,linear,1.8204716329530186e-08,1.8204742480602597e-08,0.36930908209511193,0.3202898738592866,1.2301271112846734e-13,1.8204742480602597e-08,2.7063147275318363e+02-2.3965850150142751e+02j,2.9731025044063921e+02+2.0563189032484138e+02j,1.6518983841413421e+02-3.2154301956204284e+02j,2.1704861038495011e+02+2.8908089667689734e+02j,-2.0504601407802774e-06,1.0000020504600178,471679599.3484568,471679599.3484568,180312559.70823696,ok
0,2,2,0.5,0.25,5.513392382485113,112,20.0,linear,2.04811060563327e-08,2.0481042916633608e-08,0.3693131545712002,0.3202939640527556,4.618527782440651e-14,2.04811060563327e-08,2.7063246531854520e+02-2.3965737941304266e+02j,2.9731110190887580e+02+2.0563065778830045e+02j,1.6518983841413421e+02-3.2154301956204284e+02j,2.1704861038495011e+02+2.8908089667689734e+02j,-2.0504601501155706e-06,1.0000020504601963,943023977.596207,943023977.596207,336292194.0000493,ok
0,2,2,0.5,0.25,5.513392382485113,128,20.0,linear,4.938897177718779e-09,4.93895060967497e-09,0.3693158351582896,0.32029665633297016,1.3034018309099338e-13,4.93895060967497e-09,2.7063312471594759e+02-2.3965664864896365e+02j,2.9731166947163604e+02+2.0562985332963831e+02j,1.6518983841413421e+02-3.2154301956204284e+02j,2.1704861038495011e+02+2.8908089667689734e+02j,-2.050460045870165e-06,1.0000020504601763,1718713604.21542,1718713604.21542,583243399.746947,ok
0,2,2,0.5,0.25,5.513392382485113,160,20.0,linear,4.939355864317253e-09,4.939295449811815e-09,0.36931898982384687,0.32029982543588176,9.692247004977617e-14,4.939355864317253e-09,2.7063389398051993e+02-2.3965577995164446e+02j,2.9731232965345623e+02+2.0562889879709184e+02j,1.6518983841413421e+02-3.2154301956204284e+02j,2.1704861038495011e+02+2.8908089667689734e+02j,-2.050460045868284e-06,1.000002050459949,4687168712.7987175,4687168712.7987175,1493783254.9942286,ok
0,2,2,0.5,0.25,5.513392382485113,192,20.0,linear,3.5805682846472177e-09,3.580533793561207e-09,0.36932069334062073,0.3203015361850783,5.051514762044462e-14,3.5805682846472177e-09,2.7063430907508013e+02-2.3965531045987299e+02j,2.9731268567375554e+02+2.0562838317413417e+02j,1.6518983841413421e+02-3.2154301956204284e+02j,2.1704861038495011e+02+2.8908089667689734e+02j,-2.050460051440563e-06,1.000002050460001,10640754374.448359,10640754374.448359,3272742785.8874516,ok
0,2,2,0.5,0.25,5.513392382485113,224,20.0,linear,1.637358313435145e-09,1.6373970469508256e-09,0.3693217197783806,0.32030256474276875,8.08242361927114e-14,1.6373970469508256e-09,2.7063455819349895e+02-2.3965502629371562e+02j,2.9731289856260946e+02+2.0562807204735756e+02j,1.6518983841413421e+02-3.2154301956204284e+02j,2.1704861038495011e+02+2.8908089667689734e+02j,-2.0504600728388634e-06,1.000002050459992,21284024349.51768,21284024349.51768,6407375209.005437,ok
0,2,2,0.5,0.25,5.513392382485113,64,25.0,linear,6.096530994713804e-06,6.0965112803585485e-06,0.3692977617792114,0.3202740900798685,1.443090091868271e-11,6.096530994713804e-06,2.7062734096558313e+02-2.3965985293972082e+02j,2.9730535795904359e+02+2.0563510125733333e+02j,1.6518983841413421e+02-3.2154301956204284e+02j,2.1704861038495011e+02+2.8908089667689734e+02j,-2.0504850677395155e-06,1.0000020504994986,77358632.9238795,77358632.9238795,30384219.02918405,ok
0,2,2,0.5,0.25,5.513392382485113,80,25.0,linear,4.746830160567125e-08,4.746817887702486e-08,0.3693067098466921,0.32028747855667716,5.46229728115577e-14,4.746830160567125e-08,2.7063088767321864e+02-2.3965914623790786e+02j,2.9730974372494705e+02+2.0563260435466700e+02j,1.6518983841413421e+02-3.2154301956204284e+02j,2.1704861038495011e+02+2.8908089667689734e+02j,-2.0504602607879155e-06,1.0000020504603153,210738346.4052867,210738346.4052867,68739754.0561289,ok
0,2,2,0.5,0.25,5.513392382485113,96,25.0,linear,8.675784817302342e-09,8.675853602088001e-09,0.369312174399277,0.32029297893766406,1.7630341631047486e-13,8.675853602088001e-09,2.7063223288055724e+02-2.3965765779108597e+02j,2.9731090438609073e+02+2.0563096190546241e+02j,1.6518983841413421e+02-3.2154301956204284e+02j,2.1704861038495011e+02+2.8908089667689734e+02j,-2.0504600305454877e-06,1.000002050460207,478088042.76588696,478088042.76588696,135803790.24566424,ok
0,2,2,0.5,0.25,5.513392382485113,112,25.0,linear,1.5165958026862546e-08,1.516590127987954e-08,0.3693154413270135,0.3202962583333491,5.46229728115577e-14,1.5165958026862546e-08,2.7063302414436248e+02-2.3965675125716581e+02j,2.9731158125420734e+02+2.0562996810286336e+02j,1.6518983841413421e+02-3.2154301956204284e+02j,2.1704861038495011e+02+2.8908089667689734e+02j,-2.050460128318572e-06,1.000002050460183,955840315.1241387,955840315.1241387,244632581.5234431,ok
0,2,2,0.5,0.25,5.513392382485113,128,25.0,linear,5.057036887991869e-09,5.056913926236256e-09,0.36931759448831664,0.32029842028632366,2.212674488077937e-13,5.057036887991869e-09,2.7063355375513720e+02-2.3965616421847386e+02j,2.9731203696666955e+02+2.0562932205777466e+02j,1.6518983841413421e+02-3.2154301956204284e+02j,2.1704861038495011e+02+2.8908089667689734e+02j,-2.0504600453856837e-06,1.0000020504598242,1742077798.848213,1742077798.848213,411849376.96354955,ok
0,2,2,0.5,0.25,5.513392382485113,160,25.0,linear,8.812897830616874e-09,8.812629496985747e-09,0.36932010320879893,0.3203009359430589,5.040412531798211e-13,8.812897830616874e-09,2.7063416237599648e+02-2.3965546936406474e+02j,2.9731255736177172e+02+2.0562856082103212e+02j,1.6518983841413421e+02-3.2154301956204284e+02j,2.1704861038495011e+02+2.8908089667689734e+02j,-2.0504601022651785e-06,1.0000020504606062,4750905232.287999,4750905232.287999,1008016049.7908652,ok
0,2,2,0.5,0.25,5.513392382485113,192,25.0,linear,3.636211356205687e-09,3.6362788606258536e-09,0.3693214700820932,0.3203023058930645,1.4632739464559563e-13,3.6362788606258536e-09,2.7063449685443373e+02-2.3965509447196985e+02j,2.9731284411221878e+02+2.0562814950560164e+02j,1.6518983841413421e+02-3.2154301956204284e+02j,2.1704861038495011e+02+2.8908089667689734e+02j,-2.050460081036e-06,1.0000020504599347,10785501344.596712,10785501344.596712,2141804739.6541173,ok
0,2,2,0.5,0.25,5.513392382485113,224,25.0,linear,6.251793768608599e-09,6.252439772100272e-09,0.369322283946434,0.32030314740850907,1.3211653993039363e-12,6.252439772100272e-09,2.7063469754491791e+02-2.3965487323038852e+02j,2.9731302202422540e+02+2.0562789855097554e+02j,1.6518983841413421e+02-3.2154301956204284e+02j,2.1704861038495011e+02+2.8908089667689734e+02j,-2.050460040486081e-06,1.0000020504613616,21573659766.494358,21573659766.494358,4107386434.9745135,ok
0,2,2,0.5,0.25,5.513392382485113,64,30.0,linear,0.00020203399083289274,0.00020203074740509012,0.3697689027365104,0.3197426099444958,5.659406498992325e-09,0.00020203399083289274,2.7069796851879585e+02-2.3947318990985468e+02j,2.9714288283762443e+02+2.0574541237461750e+02j,1.6518983841413421e+02-3.2154301956204284e+02j,2.1704861038495011e+02+2.8908089667689734e+02j,-2.051288842537644e-06,1.000002056948249,78125088.27852094,78125088.27852094,27061290.93027169,ok
0,2,2,0.5,0.25,5.513392382485113,80,30.0,linear,7.051172695259307e-07,7.051158291068516e-07,0.369309666436939,0.3202906932261284,1.3988810110276972e-14,7.051172695259307e-07,2.7063177842960039e+02-2.3965855072273177e+02j,2.9731061205101366e+02+2.0563182716091029e+02j,1.6518983841413421e+02-3.2154301956204284e+02j,2.1704861038495011e+02+2.8908089667689734e+02j,-2.0504571744976403e-06,1.0000020504571885,212826285.37830746,212826285.37830746,59756090.097869195,ok
0,2,2,0.5,0.25,5.513392382485113,96,30.0,linear,8.698292696058731e-09,8.698200909761506e-09,0.3693142104210297,0.32029502804811083,1.5143442055887135e-13,8.698292696058731e-09,2.7063272544653955e+02-2.3965709208867153e+02j,2.9731132666966386e+02+2.0563034030550227e+02j,1.6518983841413421e+02-3.2154301956204284e+02j,2.1704861038495011e+02+2.8908089667689734e+02j,-2.0504601017951917e-06,1.0000020504602531,482825551.32941663,482825551.32941663,115121644.43941572,ok
0,2,2,0.5,0.25,5.513392382485113,112,30.0,linear,1.1771805825386623e-08,1.1771823476060886e-08,0.3693169767243076,0.3202978025324813,8.01581023779363e-14,1.1771823476060886e-08,2.7063339931684402e+02-2.3965632944270658e+02j,2.9731190383534999e+02+2.0562950385273751e+02j,1.6518983841413421e+02-3.2154301956204284e+02j,2.1704861038495011e+02+2.8908089667689734e+02j,-2.0504601143994244e-06,1.0000020504600342,965313561.8411266,965313561.8411266,202257345.24647155,ok
0,2,2,0.5,0.25,5.513392382485113,128,30.0,linear,3.841626688009357e-09,3.841557020701377e-09,0.36931875347260196,0.3202995851735805,1.2012613126444194e-13,3.841626688009357e-09,2.7063383609875899e+02-2.3965584471667523e+02j,2.9731227931280557e+02+2.0562897088541320e+02j,1.6518983841413421e+02-3.2154301956204284e+02j,2.1704861038495011e+02+2.8908089667689734e+02j,-2.050460050369984e-06,1.0000020504599303,1759345710.043052,1759345710.043052,332486377.6886768,ok
0,2,2,0.5,0.25,5.513392382485113,160,30.0,linear,4.275641545443377e-10,4.275527089842884e-10,0.36932084305884294,0.32030168887274907,1.7319479184152442e-14,4.275641545443377e-10,2.7063434487237117e+02-2.3965526831599712e+02j,2.9731271664899282e+02+2.0562833638410820e+02j,1.6518983841413421e+02-3.2154301956204284e+02j,2.1704861038495011e+02+2.8908089667689734e+02j,-2.0504600643707816e-06,1.000002050460047,4798014890.256602,4798014890.256602,780469657.5893407,ok
0,2,2,0.5,0.25,5.513392382485113,192,30.0,linear,5.318885452532387e-10,5.321965162927462e-10,0.3693219877001191,0.32030283567824397,6.145084441300241e-13,5.321965162927462e-10,2.7063462377524701e+02-2.3965495283716271e+02j,2.9731295529476296e+02+2.0562799072197970e+02j,1.6518983841413421e+02-3.2154301956204284e+02j,2.1704861038495011e+02+2.8908089667689734e+02j,-2.0504600683054203e-06,1.0000020504594538,10892458867.121933,10892458867.121933,1604905914.8553793,ok
0,2,2,0.5,0.25,5.513392382485113,224,30.0,linear,1.8274204597393919e-09,1.8273097720915828e-09,0.36932267157221177,0.3203035216388568,2.1782575743145571e-13,1.8274204597393919e-09,2.7063479024415568e+02-2.3965476414263085e+02j,2.9731309785000235e+02+2.0562778378131185e+02j,1.6518983841413421e+02-3.2154301956204284e+02j,2.1704861038495011e+02+2.8908089667689734e+02j,-2.0504600736182934e-06,1.0000020504602913,21787556810.94178,21787556810.94178,3003000025.0584135,ok
0,2,2,0.5,0.25,5.513392382485113,64,40.0,linear,0.1278546982053554,0.12785402191632947,0.3220964550800974,0.45470748892296586,7.607161898182113e-07,0.1278546982053554,2.7906183375658060e+02-2.9724357346288548e+02j,3.5524278294429985e+02+2.0007987326683238e+02j,1.6518983841413421e+02-3.2154301956204284e+02j,2.1704861038495011e+02+2.8908089667689734e+02j,-1.611925662922989e-06,1.0000008512094731,79167429.28864826,79167429.28864826,26752590.049099427,ok
0,2,2,0.5,0.25,5.513392382485113,80,40.0,linear,0.0004524250523434715,0.0004524294313128889,0.3683330767536649,0.32112297685777186,1.061853649453326e-08,0.0004524294313128889,2.7029128906334898e+02-2.3979574289898767e+02j,2.9736416416529545e+02+2.0526616791162249e+02j,1.6518983841413421e+02-3.2154301956204284e+02j,2.1704861038495011e+02+2.8908089667689734e+02j,-2.0523166850059903e-06,1.0000020416981485,215664244.36080998,215664244.36080998,50853640.46048912,ok
0,2,2,0.5,0.25,5.513392382485113,96,40.0,linear,3.4738401244114572e-06,3.4738048734911655e-06,0.36932246989380835,0.32029075808153945,5.625944154985518e-11,3.4738401244114572e-06,2.7063395775626617e+02-2.3965381104619809e+02j,2.9730952253629027e+02+2.0563074674176184e+02j,1.6518983841413421e+02-3.2154301956204284e+02j,2.1704861038495011e+02+2.8908089667689734e+02j,-2.0504743121393226e-06,1.0000020505305716,489263257.78151107,489263257.78151107,95359484.29415846,ok
0,2,2,0.5,0.25,5.513392382485113,112,40.0,linear,1.2883072939304746e-08,1.288309023690556e-08,0.3693188959176002,0.3202996909096254,9.059419880941277e-14,1.288309023690556e-08,2.7063387287368067e+02-2.3965580811825632e+02j,2.9731230372601755e+02+2.0562894133305900e+02j,1.6518983841413421e+02-3.2154301956204284e+02j,2.1704861038495011e+02+2.8908089667689734e+02j,-2.0504600132917357e-06,1.000002050460104,978184853.9280581,978184853.9280581,162898690.42556047,ok
0,2,2,0.5,0.25,5.513392382485113,128,40.0,linear,1.5322593289024237e-09,1.5322596449366876e-09,0.36932021152990585,0.32030105289757305,3.552713678800501e-15,1.5322596449366876e-09,2.7063419043254527e+02-2.3965544165076014e+02j,2.9731258364708634e+02+2.0562852744253732e+02j,1.6518983841413421e+02-3.2154301956204284e+02j,2.1704861038495011e+02+2.8908089667689734e+02j,-2.050460072407861e-06,1.0000020504600688,1782806209.235641,1782806209.235641,260198855.24835312,ok
0,2,2,0.5,0.25,5.513392382485113,160,40.0,linear,2.463786238819021e-09,2.4638113881438747e-09,0.3693217771545607,0.3203026250698317,5.706546346573305e-14,2.4638113881438747e-09,2.7063457199815679e+02-2.3965501025393809e+02j,2.9731291091162467e+02+2.0562805366700817e+02j,1.6518983841413421e+02-3.2154301956204284e+02j,2.1704861038495011e+02+2.8908089667689734e+02j,-2.050460076227978e-06,1.000002050460019,4861998321.760139,4861998321.760139,576774475.3950204,ok
0,2,2,0.5,0.25,5.513392382485113,192,40.0,linear,6.364333948620578e-10,6.367118537463009e-10,0.36932262974947616,0.3203034847726987,5.563327576396659e-13,6.367118537463009e-10,2.7063478031444072e+02-2.3965477600536832e+02j,2.9731309048442682e+02+2.0562779518768272e+02j,1.6518983841413421e+02-3.2154301956204284e+02j,2.1704861038495011e+02+2.8908089667689734e+02j,-2.0504600687341502e-06,1.0000020504595124,11037739058.33175,11037739058.33175,1124437823.988761,ok
0,2,2,0.5,0.25,5.513392382485113,224,40.0,linear,1.5260501558774158e-09,1.5260735934166327e-09,0.3693231516495519,0.3203039954358565,4.973799150320701e-14,1.5260735934166327e-09,2.7063490737821650e+02-2.3965463203098551e+02j,2.9731319662928593e+02+2.0562764114968684e+02j,1.6518983841413421e+02-3.2154301956204284e+02j,2.1704861038495011e+02+2.8908089667689734e+02j,-2.0504600723823974e-06,1.0000020504600227,22078207662.96616,22078207662.96616,2008071729.4921095,ok
0,2,2,0.5,0.3,5.419284729909806,64,6.0,linear,3.1968503769611854e-07,3.196942098558272e-07,0.3692083872227219,0.4561516870067191,8.12261369276257e-12,3.196942098558272e-07,1.3576122268277399e+02-8.1017911539457714e+01j,1.1649392264125801e+02+1.0688207915697807e+02j,9.7109680010744825e+01-1.2475858945055894e+02j,5.6904778300760761e+01+1.4750065451566257e+02j,1.5951881960387823e-05,0.9999840481261623,68920412.23420465,68920412.23420465,136337901.7033505,ok
0,2,2,0.5,0.3,5.419284729909806,80,6.0,linear,1.872934929257388e-07,1.8729867107684967e-07,0.3692500076523462,0.45619291339350304,4.3585135500734395e-12,1.8729867107684967e-07,1.3576463757653011e+02-8.1012148101360296e+01j,1.1649843608101689e+02+1.0687712865527045e+02j,9.7109680010744825e+01-1.2475858945055894e+02j,5.6904778300760761e+01+1.4750065451566257e+02j,1.5951886184175904e-05,0.9999840481181744,187689739.4115554,187689739.4115554,369062705.8292915,ok
0,2,2,0.5,0.3,5.419284729909806,96,6.0,linear,8.697599786034678e-08,8.697611127371703e-08,0.3692726264421779,0.4562153067944461,2.525757381022231e-12,8.697611127371703e-08,1.3576646892829024e+02-8.1008994317278123e+01j,1.1650086911021258e+02+1.0687441239467570e+02j,9.7109680010744825e+01-1.2475858945055894e+02j,5.6904778300760761e+01+1.4750065451566257e+02j,1.5951894934409264e-05,0.9999840481075915,425702242.7385814,425702242.7385814,834237509.1324174,ok
0,2,2,0.5,0.3,5.419284729909806,112,6.0,linear,1.490827378213076e-07,1.4908470605236954e-07,0.36928659470401437,0.4562291442360355,7.978062654956375e-13,1.4908470605236954e-07,1.3576761277862417e+02-8.1007058095154520e+01j,1.1650238233233463e+02+1.0687274832376306e+02j,9.7109680010744825e+01-1.2475858945055894e+02j,5.6904778300760761e+01+1.4750065451566257e+02j,1.5951896915850005e-05,0.999984048103882,850963924.3320984,850963924.3320984,1664086417.5503335,ok
0,2,2,0.5,0.3,5.419284729909806,128,6.0,linear,5.3656112962290835e-08,5.365694451853321e-08,0.36929548866109757,0.4562379629317861,7.105427357601002e-14,5.365694451853321e-08,1.3576837029155990e+02-8.1005851048704670e+01j,1.1650336887190601e+02+1.0687172029948638e+02j,9.7109680010744825e+01-1.2475858945055894e+02j,5.6904778300760761e+01+1.4750065451566257e+02j,1.595189044771251e-05,0.9999840481094813,1550737175.147965,1550737175.147965,3028230689.6936073,ok
0,2,2,0.5,0.3,5.419284729909806,160,6.0,linear,2.6368535700375965e-08,2.63685971639554e-08,0.3693059575804603,0.4562483382656589,7.400746682151293e-13,2.63685971639554e-08,1.3576922987591814e+02-8.1004401920792859e+01j,1.1650450522779720e+02+1.0687047513592651e+02j,9.7109680010744825e+01-1.2475858945055894e+02j,5.6904778300760761e+01+1.4750065451566257e+02j,1.5951891318289385e-05,0.9999840481079416,4228328474.220568,4228328474.220568,8242676549.535365,ok
0,2,2,0.5,0.3,5.419284729909806,192,6.0,linear,2.32537941019609e-09,2.3249715333501043e-09,0.36931161807921337,0.456253943451963,9.122702593344911e-13,2.32537941019609e-09,1.3576969352355883e+02-8.1003617389885591e+01j,1.1650511827877168e+02+1.0686980119322975e+02j,9.7109680010744825e+01-1.2475858945055894e+02j,5.6904778300760761e+01+1.4750065451566257e+02j,1.5951892085357025e-05,0.9999840481070024,9597963401.171467,9597963401.171467,18691612889.999416,ok
0,2,2,0.5,0.3,5.419284729909806,224,6.0,linear,2.4753379314212495e-08,2.475562994820652e-08,0.36931506431641076,0.4562573634342107,3.7339020764193265e-12,2.475562994820652e-08,1.3576997430069810e+02-8.1003138423452157e+01j,1.1650549119256745e+02+1.0686938832271943e+02j,9.7109680010744825e+01-1.2475858945055894e+02j,5.6904778300760761e+01+1.4750065451566257e+02j,1.5951892949271932e-05,0.9999840481033169,19196574606.621704,19196574606.621704,37360757592.47324,ok
0,2,2,0.5,0.3,5.419284729909806,64,8.0,linear,3.3818377570730603e-07,3.381867889382373e-07,0.3692375249945724,0.45618052286837196,4.7408743597543435e-12,3.381867889382373e-07,1.3576354528715709e+02-8.1013816468200716e+01j,1.1649702789384068e+02+1.0687854070030724e+02j,9.7109680010744825e+01-1.2475858945055894e+02j,5.6904778300760761e+01+1.4750065451566257e+02j,1.5951902948893143e-05,0.9999840481017921,69517096.29174584,69517096.29174584,96710508.43998758,ok
0,2,2,0.5,0.3,5.419284729909806,80,8.0,linear,2.5732242621872396e-07,2.5732569192848933e-07,0.36926874857614217,0.45621145957645337,1.6553425297161084e-12,2.5732569192848933e-07,1.3576612875487498e+02-8.1009511866526637e+01j,1.1650043122614639e+02+1.0687484987885266e+02j,9.7109680010744825e+01-1.2475858945055894e+02j,5.6904778300760761e+01+1.4750065451566257e+02j,1.5951900369107782e-05,0.9999840481012863,189353251.2483282,189353251.2483282,259604548.92035055,ok
0,2,2,0.5,0.3,5.419284729909806,96,8.0,linear,1.257241984554778e-07,1.257249666317018e-07,0.3692858372109813,0.45622839385989716,2.4524826613969708e-12,1.257249666317018e-07,1.3576755315859000e+02-8.1007165225433198e+01j,1.1650230210243950e+02+1.0687284124580097e+02j,9.7109680010744825e+01-1.2475858945055894e+02j,5.6904778300760761e+01+1.4750065451566257e+02j,1.5951896170623896e-05,0.9999840481062818,429535080.72007275,429535080.72007275,584125134.0160657,ok
0,2,2,0.5,0.3,5.419284729909806,112,8.0,linear,1.0612121510308864e-08,1.0611736403303443e-08,0.36929613642317916,0.45623860803073196,1.0862422072932532e-12,1.0612121510308864e-08,1.3576841593463135e+02-8.1005754718930049e+01j,1.1650343380348703e+02+1.0687163448517082e+02j,9.7109680010744825e+01-1.2475858945055894e+02j,5.6904778300760761e+01+1.4750065451566257e+02j,1.5951892498112267e-05,0.9999840481085882,858711815.2516195,858711815.2516195,1161995494.1097605,ok
0,2,2,0.5,0.3,5.419284729909806,128,8.0,linear,3.294637626021427e-08,3.2947649911651717e-08,0.36930274455962375,0.45624515138735633,1.4739320874923578e-12,3.2947649911651717e-08,1.3576896584541183e+02-8.1004846483027492e+01j,1.1650415602210322e+02+1.0687085735883049e+02j,9.7109680010744825e+01-1.2475858945055894e+02j,5.6904778300760761e+01+1.4750065451566257e+02j,1.5951891108431396e-05,0.9999840481103655,1564975451.6246789,1564975451.6246789,2110883406.100154,ok
0,2,2,0.5,0.3,5.419284729909806,160,8.0,linear,7.918923806518695e-09,7.919285213418085e-09,0.3693106380881368,0.4562529566946297,4.92605956026182e-13,7.919285213418085e-09,1.3576961151670818e+02-8.1003751679891863e+01j,1.1650500903116983e+02+1.0686991789449422e+02j,9.7109680010744825e+01-1.2475858945055894e+02j,5.6904778300760761e+01+1.4750065451566257e+02j,1.595189241218907e-05,0.9999840481070952,4267612787.65934,4267612787.65934,5734454918.286879,ok
0,2,2,0.5,0.3,5.419284729909806,192,8.0,linear,1.026881432107896e-08,1.0267143787627113e-08,0.36931489124620437,0.45625716897571,3.646194457473939e-12,1.026881432107896e-08,1.3576996178227782e+02-8.1003163875142889e+01j,1.1650547117326349e+02+1.0686941353566607e+02j,9.7109680010744825e+01-1.2475858945055894e+02j,5.6904778300760761e+01+1.4750065451566257e+02j,1.595189248715947e-05,0.999984048111159,9687843500.403173,9687843500.403173,12990778241.757149,ok
0,2,2,0.5,0.3,5.419284729909806,224,8.0,linear,2.260291996800168e-09,2.259091695897269e-09,0.3693174678240958,0.456259715005418,2.495337270147502e-12,2.260291996800168e-09,1.3577017565520848e+02-8.1002809266272905e+01j,1.1650575178045399e+02+1.0686911055589914e+02j,9.7109680010744825e+01-1.2475858945055894e+02j,5.6904778300760761e+01+1.4750065451566257e+02j,1.5951892087433557e-05,0.9999840481054172,19377368570.35117,19377368570.35117,25951147470.599316,ok
0,2,2,0.5,0.3,5.419284729909806,64,10.0,linear,3.356697265004158e-07,3.3567370034690977e-07,0.3692548160449683,0.45619765350506025,2.7393642909601112e-12,3.3567370034690977e-07,1.3576497088547606e+02-8.1011428168032907e+01j,1.1649890857449608e+02+1.0687649132013996e+02j,9.7109680010744825e+01-1.2475858945055894e+02j,5.6904778300760761e+01+1.4750065451566257e+02j,1.5951902868685377e-05,0.9999840480998706,70960558.63318774,70960558.63318774,69052970.9986344,ok
0,2,2,0.5,0.3,5.419284729909806,80,10.0,linear,1.4216403282324677e-07,1.421651385049407e-07,0.3692797334730415,0.45622234796489786,2.3021584638627246e-12,1.421651385049407e-07,1.3576704807737434e+02-8.1008006660206433e+01j,1.1650163695749819e+02+1.0687356247225374e+02j,9.7109680010744825e+01-1.2475858945055894e+02j,5.6904778300760761e+01+1.4750065451566257e+02j,1.5951896695117034e-05,0.999984048105607,193298262.253578,193298262.253578,182771155.59558514,ok
0,2,2,0.5,0.3,5.419284729909806,96,10.0,linear,3.247401764359237e-08,3.247354210072664e-08,0.3692934443446253,0.4562359360900377,1.965094753586527e-12,3.247401764359237e-08,1.3576819140941305e+02-8.1006124284053513e+01j,1.1650313851580400e+02+1.0687195127183186e+02j,9.7109680010744825e+01-1.2475858945055894e+02j,5.6904778300760761e+01+1.4750065451566257e+02j,1.5951893195589533e-05,0.9999840481087694,438504795.2226879,438504795.2226879,407984873.8898039,ok
0,2,2,0.5,0.3,5.419284729909806,112,10.0,linear,2.522961940250059e-08,2.5229941443188565e-08,0.369301711604902,0.4562441268175228,1.383337888682945e-13,2.5229941443188565e-08,1.3576887369388297e+02-8.1004982983446098e+01j,1.1650403823887478e+02+1.0687097215248846e+02j,9.7109680010744825e+01-1.2475858945055894e+02j,5.6904778300760761e+01+1.4750065451566257e+02j,1.5951892964465792e-05,0.9999840481071738,876674092.322147,876674092.322147,807707117.7733046,ok
0,2,2,0.5,0.3,5.419284729909806,128,10.0,linear,3.7371191578557076e-08,3.737211742389496e-08,0.3693070842880292,0.4562494435168018,6.818989817247711e-13,3.737211742389496e-08,1.3576931505721893e+02-8.1004239482822726e+01j,1.1650462071532127e+02+1.0687033432990059e+02j,9.7109680010744825e+01-1.2475858945055894e+02j,5.6904778300760761e+01+1.4750065451566257e+02j,1.5951893351827928e-05,0.9999840481059663,1597753274.6222556,1597753274.6222556,1462786179.7920895,ok
0,2,2,0.5,0.3,5.419284729909806,160,10.0,linear,1.3059216903968127e-09,1.3027826439986716e-09,0.36931341750987595,0.45625572361045574,6.341593916658894e-12,1.3059216903968127e-09,1.3576984171130525e+02-8.1003368698175137e+01j,1.1650531358264881e+02+1.0686958804141291e+02j,9.7109680010744825e+01-1.2475858945055894e+02j,5.6904778300760761e+01+1.4750065451566257e+02j,1.5951892117881582e-05,0.9999840481015405,4357159194.110283,4357159194.110283,3960074181.9788895,ok
0,2,2,0.5,0.3,5.419284729909806,192,10.0,linear,1.5123386987684058e-08,1.512042394728391e-08,0.36931680970553526,0.4562590842820399,6.3862248822488255e-12,1.5123386987684058e-08,1.3577011931729550e+02-8.1002898331058120e+01j,1.1650568096040570e+02+1.0686918369718158e+02j,9.7109680010744825e+01-1.2475858945055894e+02j,5.6904778300760761e+01+1.4750065451566257e+02j,1.5951892642038716e-05,0.9999840481137441,9891364495.43719,9891364495.43719,8955387630.52481,ok
0,2,2,0.5,0.3,5.419284729909806,224,10.0,linear,1.0792197993718965e-08,1.0785830542043419e-08,0.36931885638692036,0.4562611264658831,1.3057110948011541e-11,1.0792197993718965e-08,1.3577028852723964e+02-8.1002616051647308e+01j,1.1650590551401818e+02+1.0686893990861554e+02j,9.7109680010744825e+01-1.2475858945055894e+02j,5.6904778300760761e+01+1.4750065451566257e+02j,1.595189250385739e-05,0.9999840481205532,19784807766.954086,19784807766.954086,17872297906.0885,ok
0,2,2,0.5,0.3,5.419284729909806,64,12.0,linear,2.0514799185258292e-07,2.0514981490677425e-07,0.3692664929611284,0.45620922670671055,2.8765878568037806e-12,2.0514981490677425e-07,1.3576594912120834e+02-8.1009829016944551e+01j,1.1650019089859373e+02+1.0687512405291514e+02j,9.7109680010744825e+01-1.2475858945055894e+02j,5.6904778300760761e+01+1.4750065451566257e+02j,1.5951898704544726e-05,0.999984048104172,72301133.49930646,72301133.49930646,49461175.14946223,ok
0,2,2,0.5,0.3,5.419284729909806,80,12.0,linear,5.009217753411037e-08,5.009222741077063e-08,0.3692872141697171,0.4562297608701662,1.4761525335416081e-12,5.009222741077063e-08,1.3576767577079926e+02-8.1006983064239861e+01j,1.1650245907244604e+02+1.0687268782065236e+02j,9.7109680010744825e+01-1.2475858945055894e+02j,5.6904778300760761e+01+1.4750065451566257e+02j,1.5951893757675575e-05,0.9999840481077185,196955809.11620477,196955809.11620477,128357592.50962393,ok
0,2,2,0.5,0.3,5.419284729909806,96,12.0,linear,3.891965715890228e-08,3.892065180393378e-08,0.3692987056502626,0.45624114759926154,7.251976796851523e-13,3.892065180393378e-08,1.3576863366873192e+02-8.1005405071522247e+01j,1.1650371709135618e+02+1.0687133724959591e+02j,9.7109680010744825e+01-1.2475858945055894e+02j,5.6904778300760761e+01+1.4750065451566257e+02j,1.5951890917861153e-05,0.9999840481098072,446811223.98778033,446811223.98778033,283155643.3717902,ok
0,2,2,0.5,0.3,5.419284729909806,112,12.0,linear,2.074822351339278e-08,2.074952912943646e-08,0.36930559289588466,0.4562479744240899,1.9273471707492718e-12,2.074952912943646e-08,1.3576919914044359e+02-8.1004451701424784e+01j,1.1650446477686768e+02+1.0687051791918771e+02j,9.7109680010744825e+01-1.2475858945055894e+02j,5.6904778300760761e+01+1.4750065451566257e+02j,1.59518914975986e-05,0.9999840481104298,893294084.774856,893294084.774856,556449748.496082,ok
0,2,2,0.5,0.3,5.419284729909806,128,12.0,linear,1.3297129490453761e-08,1.3299176569884255e-08,0.3693100398548393,0.4562523808505407,3.647970814313339e-12,1.3299176569884255e-08,1.3576956476722305e+02-8.1003836582748278e+01j,1.1650494776480829e+02+1.0686998964696305e+02j,9.7109680010744825e+01-1.2475858945055894e+02j,5.6904778300760761e+01+1.4750065451566257e+02j,1.5951891735316682e-05,0.9999840481119127,1628062573.8387144,1628062573.8387144,1002907770.1894255,ok
0,2,2,0.5,0.3,5.419284729909806,160,12.0,linear,2.7861577906617525e-09,2.7857557462924764e-09,0.36931524808356775,0.4562575448673491,9.149347945935915e-13,2.7861577906617525e-09,1.3576999276678532e+02-8.1003115970124497e+01j,1.1650551362642726e+02+1.0686937030743486e+02j,9.7109680010744825e+01-1.2475858945055894e+02j,5.6904778300760761e+01+1.4750065451566257e+02j,1.595189207065645e-05,0.9999840481070144,4439887164.495845,4439887164.495845,2700098164.9842577,ok
0,2,2,0.5,0.3,5.419284729909806,192,12.0,linear,1.127447790432048e-08,1.1271751309176487e-08,0.36931810599026654,0.45626037506008,5.7902571626300414e-12,1.127447790432048e-08,1.3577022662134917e+02-8.1002719664581718e+01j,1.1650582299273195e+02+1.0686902975758707e+02j,9.7109680010744825e+01-1.2475858945055894e+02j,5.6904778300760761e+01+1.4750065451566257e+02j,1.5951892519243943e-05,0.9999840481132709,10079286131.77743,10079286131.77743,6088755096.985913,ok
0,2,2,0.5,0.3,5.419284729909806,224,12.0,linear,6.91863021263111e-09,6.916891070606086e-09,0.36931980525061187,0.45626207122177403,3.6768366129535934e-12,6.91863021263111e-09,1.3577036719951428e+02-8.1002485382420005e+01j,1.1650600956740575e+02+1.0686882737691722e+02j,9.7109680010744825e+01-1.2475858945055894e+02j,5.6904778300760761e+01+1.4750065451566257e+02j,1.5951892380275913e-05,0.9999840481112965,20160852425.886047,20160852425.886047,12132026955.68895,ok
0,2,2,0.5,0.3,5.419284729909806,64,15.0,linear,1.6743128152143912e-07,1.674329610479218e-07,0.3692779022419641,0.4562205310562388,1.9604318168831014e-12,1.674329610479218e-07,1.3576689409162705e+02-8.1008256939078166e+01j,1.1650143520859170e+02+1.0687377648660058e+02j,9.7109680010744825e+01-1.2475858945055894e+02j,5.6904778300760761e+01+1.4750065451566257e+02j,1.5951897501238263e-05,0.9999840481044593,73912501.49994032,73912501.49994032,31453299.95000125,ok
0,2,2,0.5,0.3,5.419284729909806,80,15.0,linear,2.641573645243617e-09,2.6421356548160205e-09,0.36929484497818443,0.4562373232905213,1.0174083797664935e-12,2.6421356548160205e-09,1.3576831108741430e+02-8.1005934535722176e+01j,1.1650329399509438e+02+1.0687178999332991e+02j,9.7109680010744825e+01-1.2475858945055894e+02j,5.6904778300760761e+01+1.4750065451566257e+02j,1.5951892075269232e-05,0.9999840481089421,201349047.94353145,201349047.94353145,78687752.34852809,ok
0,2,2,0.5,0.3,5.419284729909806,96,15.0,linear,5.520742272601017e-08,5.520804247725909e-08,0.3693038530704583,0.4562462448197196,4.998224056862455e-13,5.520804247725909e-08,1.3576904658428694e+02-8.1004683958753859e+01j,1.1650426797964239e+02+1.0687071469177044e+02j,9.7109680010744825e+01-1.2475858945055894e+02j,5.6904778300760761e+01+1.4750065451566257e+02j,1.595189392087128e-05,0.9999840481065789,456783918.9070269,456783918.9070269,169417909.83723637,ok
0,2,2,0.5,0.3,5.419284729909806,112,15.0,linear,6.528678128429224e-09,6.5290239523188316e-09,0.3693093520654551,0.4562516936493215,4.6074255521944e-13,6.5290239523188316e-09,1.3576950726282800e+02-8.1003930876592847e+01j,1.1650487171539058e+02+1.0687007096923165e+02j,9.7109680010744825e+01-1.2475858945055894e+02j,5.6904778300760761e+01+1.4750065451566257e+02j,1.595189195125589e-05,0.9999840481085094,913241554.19554,913241554.19554,327570852.9487482,ok
0,2,2,0.5,0.3,5.419284729909806,128,15.0,linear,1.2786216827537965e-08,1.2786569955353973e-08,0.36931293881382293,0.45625524876885054,2.7622348852673895e-13,1.2786569955353973e-08,1.3576980364075425e+02-8.1003436050677976e+01j,1.1650526251251955e+02+1.0686964640199204e+02j,9.7109680010744825e+01-1.2475858945055894e+02j,5.6904778300760761e+01+1.4750065451566257e+02j,1.595189175161673e-05,0.9999840481085247,1664430818.0009844,1664430818.0009844,583881860.1569093,ok
0,2,2,0.5,0.3,5.419284729909806,160,15.0,linear,6.738064567792464e-09,6.738341770083328e-09,0.3693171328734532,0.45625939903656104,3.177458296477198e-13,6.738341770083328e-09,1.3577014858829523e+02-8.1002856015268932e+01j,1.1650571750829873e+02+1.0686914896605265e+02j,9.7109680010744825e+01-1.2475858945055894e+02j,5.6904778300760761e+01+1.4750065451566257e+02j,1.595189194457567e-05,0.9999840481083733,4539118672.958854,4539118672.958854,1551193919.591088,ok
0,2,2,0.5,0.3,5.419284729909806,192,15.0,linear,3.914124674671501e-09,3.914155174795998e-09,0.36931940024674376,0.4562616430947974,8.593126210598712e-14,3.914155174795998e-09,1.3577033512501981e+02-8.1002542485956852e+01j,1.1650596356546113e+02+1.0686888006036411e+02j,9.7109680010744825e+01-1.2475858945055894e+02j,5.6904778300760761e+01+1.4750065451566257e+02j,1.5951892034670038e-05,0.9999840481078794,10304651085.019878,10304651085.019878,3473217694.586592,ok
0,2,2,0.5,0.3,5.419284729909806,224,15.0,linear,4.982224204234482e-09,4.9823407062029064e-09,0.36932077109845096,0.4562630089652507,9.625633623500107e-14,4.9823407062029064e-09,1.3577044703797321e+02-8.1002352160477017e+01j,1.1650611267406119e+02+1.0686871542468984e+02j,9.7109680010744825e+01-1.2475858945055894e+02j,5.6904778300760761e+01+1.4750065451566257e+02j,1.5951892318497233e-05,0.9999840481075852,20611719993.073505,20611719993.073505,6892226499.63714,ok
0,2,2,0.5,0.3,5.419284729909806,64,20.0,linear,1.1779338214767925e-07,1.1779679554399596e-07,0.3692895988754207,0.4562322965677444,3.0911939674638234e-12,1.1779679554399596e-07,1.3576786416664538e+02-8.1006646422499898e+01j,1.1650273121496390e+02+1.0687237532166566e+02j,9.7109680010744825e+01-1.2475858945055894e+02j,5.6904778300760761e+01+1.4750065451566257e+02j,1.5951895917600748e-05,0.9999840481009912,75776473.93935159,75776473.93935159,21002100.440114964,ok
0,2,2,0.5,0.3,5.419284729909806,80,20.0,linear,1.1954734442617879e-08,1.1954624132504015e-08,0.36930227201182547,0.4562446802915907,5.797584634592567e-13,1.1954734442617879e-08,1.3576892148417298e+02-8.1004906980316804e+01j,1.1650410020526807e+02+1.0687090770535458e+02j,9.7109680010744825e+01-1.2475858945055894e+02j,5.6904778300760761e+01+1.4750065451566257e+02j,1.5951892540946703e-05,0.9999840481080389,206428599.6955723,206428599.6955723,49378184.804551594,ok
0,2,2,0.5,0.3,5.419284729909806,96,20.0,linear,7.709233731119874e-09,7.709533241198524e-09,0.36930903839550294,0.45625138447032015,3.3084646133829665e-13,7.709533241198524e-09,1.3576948155205497e+02-8.1003974334307216e+01j,1.1650483788652028e+02+1.0687010812400518e+02j,9.7109680010744825e+01-1.2475858945055894e+02j,5.6904778300760761e+01+1.4750065451566257e+02j,1.59518919135917e-05,0.9999840481084172,468311108.1934452,468311108.1934452,101259608.44565696,ok
0,2,2,0.5,0.3,5.419284729909806,112,20.0,linear,1.7487529160241127e-08,1.748777003409295e-08,0.3693131830798844,0.4562554902287239,5.417888360170764e-14,1.748777003409295e-08,1.3576982012384971e+02-8.1003399081880758e+01j,1.1650528624706951e+02+1.0686961344693104e+02j,9.7109680010744825e+01-1.2475858945055894e+02j,5.6904778300760761e+01+1.4750065451566257e+02j,1.5951892717463798e-05,0.9999840481073368,936293565.8578403,936293565.8578403,188669254.44428515,ok
0,2,2,0.5,0.3,5.419284729909806,128,20.0,linear,5.228891719632327e-09,5.2288181902907186e-09,0.3693158313089085,0.4562581152080949,2.915445662665661e-13,5.228891719632327e-09,1.3577003987027413e+02-8.1003034546332231e+01j,1.1650557549608365e+02+1.0686930098465847e+02j,9.7109680010744825e+01-1.2475858945055894e+02j,5.6904778300760761e+01+1.4750065451566257e+02j,1.595189232636686e-05,0.9999840481079652,1706452913.3432052,1706452913.3432052,327059089.2332099,ok
0,2,2,0.5,0.3,5.419284729909806,160,20.0,linear,7.747837035124692e-10,7.743134818505424e-10,0.36931899023340825,0.45626124779487487,9.43023437116608e-13,7.747837035124692e-10,1.3577030076647583e+02-8.1002598628263996e+01j,1.1650591974720156e+02+1.0686892673344721e+02j,9.7109680010744825e+01-1.2475858945055894e+02j,5.6904778300760761e+01+1.4750065451566257e+02j,1.5951892184263958e-05,0.9999840481087587,4653754699.594902,4653754699.594902,837447570.8046976,ok
0,2,2,0.5,0.3,5.419284729909806,192,20.0,linear,4.515134544727322e-09,4.515143052190374e-09,0.3693206913337209,0.4562629348236328,1.0436096431476471e-13,4.515143052190374e-09,1.3577044052008969e+02-8.1002363229424517e+01j,1.1650610457877714e+02+1.0686872435927295e+02j,9.7109680010744825e+01-1.2475858945055894e+02j,5.6904778300760761e+01+1.4750065451566257e+02j,1.5951892303595308e-05,0.9999840481078008,10564943882.264896,10564943882.264896,1834972888.8782194,ok
0,2,2,0.5,0.3,5.419284729909806,224,20.0,linear,1.4356668605130879e-09,1.4360348034947973e-09,0.36932172701107047,0.4562639480720051,7.123190925995004e-13,1.4360348034947973e-09,1.3577052625155642e+02-8.1002220482458540e+01j,1.1650621607767842e+02+1.0686860352546327e+02j,9.7109680010744825e+01-1.2475858945055894e+02j,5.6904778300760761e+01+1.4750065451566257e+02j,1.5951892205348634e-05,0.9999840481070823,21132485794.24915,21132485794.24915,3593189470.2752,ok
0,2,2,0.5,0.3,5.419284729909806,64,25.0,linear,1.8424648178184918e-05,1.8424621807979698e-05,0.36929318700178987,0.4562500763305574,6.40561159670483e-10,1.8424648178184918e-05,1.3577039514541792e+02-8.1008125839476719e+01j,1.1650637875175995e+02+1.0687273565616832e+02j,9.7109680010744825e+01-1.2475858945055894e+02j,5.6904778300760761e+01+1.4750065451566257e+02j,1.595130435978885e-05,0.999984048055079,77012328.95269796,77012328.95269796,17321200.14973975,ok
0,2,2,0.5,0.3,5.419284729909806,80,25.0,linear,1.2355158644252908e-08,1.2356161633015715e-08,0.369306721816576,0.4562490451586584,1.5896173266582991e-12,1.2356161633015715e-08,1.3576929117624152e+02-8.1004294852912523e+01j,1.1650458153805850e+02+1.0687038866928488e+02j,9.7109680010744825e+01-1.2475858945055894e+02j,5.6904778300760761e+01+1.4750065451566257e+02j,1.595189176536912e-05,0.9999840481098243,209795231.74490777,209795231.74490777,39038415.28602704,ok
0,2,2,0.5,0.3,5.419284729909806,96,25.0,linear,1.2453411777776693e-09,1.2454927726625678e-09,0.3693121444104482,0.45625446145075366,2.41140440948584e-13,1.2454927726625678e-09,1.3576973677408321e+02-8.1003544564624605e+01j,1.1650517503770826e+02+1.0686973906444105e+02j,9.7109680010744825e+01-1.2475858945055894e+02j,5.6904778300760761e+01+1.4750065451566257e+02j,1.5951892119814332e-05,0.9999840481081212,475949605.98192173,475949605.98192173,76961985.68724684,ok
0,2,2,0.5,0.3,5.419284729909806,112,25.0,linear,1.64330756345578e-08,1.6433337580997167e-08,0.3693154491887608,0.45625773545337217,2.2093438190040615e-14,1.6433337580997167e-08,1.3577000702508806e+02-8.1003086141212009e+01j,1.1650553278797923e+02+1.0686934492316955e+02j,9.7109680010744825e+01-1.2475858945055894e+02j,5.6904778300760761e+01+1.4750065451566257e+02j,1.595189268382274e-05,0.9999840481072941,951567012.7801361,951567012.7801361,138476895.08642212,ok
0,2,2,0.5,0.3,5.419284729909806,128,25.0,linear,4.834168648604955e-09,4.8343201042705175e-09,0.36931759439787853,0.4562598613080771,1.2634338020234281e-13,4.8343201042705175e-09,1.3577018639772797e+02-8.1002792054771916e+01j,1.1650576807468845e+02+1.0686909339466791e+02j,9.7109680010744825e+01-1.2475858945055894e+02j,5.6904778300760761e+01+1.4750065451566257e+02j,1.5951892005317155e-05,0.999984048108121,1734292788.4544637,1734292788.4544637,233003663.4799909,ok
0,2,2,0.5,0.3,5.419284729909806,160,25.0,linear,1.9840923264320286e-09,1.984134578427712e-09,0.36932009985182873,0.4562623452250858,1.4432899320127035e-15,1.984134578427712e-09,1.3577039255374211e+02-8.1002445632646797e+01j,1.1650604045702980e+02+1.0686879578351112e+02j,9.7109680010744825e+01-1.2475858945055894e+02j,5.6904778300760761e+01+1.4750065451566257e+02j,1.5951892096245373e-05,0.9999840481079023,4729691058.830601,4729691058.830601,570224557.6274868,ok
0,2,2,0.5,0.3,5.419284729909806,192,25.0,linear,2.5833923786462883e-09,2.5835381066657793e-09,0.3693214680219042,0.45626370192618265,2.311484337269576e-13,2.5835381066657793e-09,1.3577050476739660e+02-8.1002256138609781e+01j,1.1650618895500639e+02+1.0686863282572179e+02j,9.7109680010744825e+01-1.2475858945055894e+02j,5.6904778300760761e+01+1.4750065451566257e+02j,1.595189224196542e-05,0.9999840481075268,10737354429.862125,10737354429.862125,1212166128.058952,ok
0,2,2,0.5,0.3,5.419284729909806,224,25.0,linear,1.4691376548578715e-09,1.468965104306786e-09,0.3693222926161967,0.4562645104766476,3.6970426720017713e-13,1.4691376548578715e-09,1.3577057286447609e+02-8.1002142342608309e+01j,1.1650627780588715e+02+1.0686853622274728e+02j,9.7109680010744825e+01-1.2475858945055894e+02j,5.6904778300760761e+01+1.4750065451566257e+02j,1.5951892206416478e-05,0.9999840481081632,21477388583.374954,21477388583.374954,2326025238.879441,ok
0,2,2,0.5,0.3,5.419284729909806,64,30.0,linear,0.00035387836238355536,0.0003539146082807887,0.3707028235790097,0.45500091957066,6.118090456475045e-08,0.0003539146082807887,1.3592690713021119e+02-8.0849026078455665e+01j,1.1639981400929287e+02+1.0706715281189933e+02j,9.7109680010744825e+01-1.2475858945055894e+02j,5.6904778300760761e+01+1.4750065451566257e+02j,1.594060809073165e-05,0.9999841205728139,77885250.07725766,77885250.07725766,15398377.946488526,ok
0,2,2,0.5,0.3,5.419284729909806,80,30.0,linear,3.181531055203764e-06,3.181558841099374e-06,0.3693089836861252,0.45625138705523377,4.5909942514299473e-11,3.181558841099374e-06,1.3576909257870958e+02-8.1003642198235426e+01j,1.1650454646328954e+02+1.0686967991943480e+02j,9.7109680010744825e+01-1.2475858945055894e+02j,5.6904778300760761e+01+1.4750065451566257e+02j,1.595199366291042e-05,0.999984048052247,212172372.81757328,212172372.81757328,33775257.14547495,ok
0,2,2,0.5,0.3,5.419284729909806,96,30.0,linear,1.4549230480078597e-08,1.45495014906204e-08,0.3693142149093197,0.4562565254244191,1.0014211682118912e-13,1.45495014906204e-08,1.3576990552218030e+02-8.1003256852207556e+01j,1.1650540014293597e+02+1.0686948996895282e+02j,9.7109680010744825e+01-1.2475858945055894e+02j,5.6904778300760761e+01+1.4750065451566257e+02j,1.5951892623720948e-05,0.9999840481072761,481342225.2645492,481342225.2645492,64831413.58596146,ok
0,2,2,0.5,0.3,5.419284729909806,112,30.0,linear,1.069960230604461e-08,1.0699685309453485e-08,0.3693169758141785,0.4562592474272094,1.5298873279334657e-13,1.0699685309453485e-08,1.3577013354130753e+02-8.1002875855026716e+01j,1.1650569927214393e+02+1.0686916476817669e+02j,9.7109680010744825e+01-1.2475858945055894e+02j,5.6904778300760761e+01+1.4750065451566257e+02j,1.5951892500903237e-05,0.9999840481076521,962348855.7123439,962348855.7123439,113640583.63919866,ok
0,2,2,0.5,0.3,5.419284729909806,128,30.0,linear,2.1942541253106357e-09,2.194385963101174e-09,0.3693187591544599,0.456261013856468,1.7075230118734908e-13,2.194385963101174e-09,1.3577028207886204e+02-8.1002630867147474e+01j,1.1650589434087433e+02+1.0686895512512595e+02j,9.7109680010744825e+01-1.2475858945055894e+02j,5.6904778300760761e+01+1.4750065451566257e+02j,1.5951892089540416e-05,0.9999840481080813,1753944503.1723077,1753944503.1723077,186543430.29279104,ok
0,2,2,0.5,0.3,5.419284729909806,160,30.0,linear,6.524295270793091e-10,6.521844853350484e-10,0.3693208505559456,0.45626308801961896,4.884981308350689e-13,6.524295270793091e-10,1.3577045410880180e+02-8.1002341644900412e+01j,1.1650612174737675e+02+1.0686870654588660e+02j,9.7109680010744825e+01-1.2475858945055894e+02j,5.6904778300760761e+01+1.4750065451566257e+02j,1.59518921803604e-05,0.9999840481083082,4783289977.8579645,4783289977.8579645,437326408.8318964,ok
0,2,2,0.5,0.3,5.419284729909806,192,30.0,linear,1.5201130936197152e-09,1.5200227468670172e-09,0.36932198644045733,0.456264211830934,2.5157653738006047e-13,1.5201130936197152e-09,1.3577054798995272e+02-8.1002184958066152e+01j,1.1650624529903214e+02+1.0686857236023154e+02j,9.7109680010744825e+01-1.2475858945055894e+02j,5.6904778300760761e+01+1.4750065451566257e+02j,1.5951892111048066e-05,0.9999840481076374,10859051694.117119,10859051694.117119,899180096.4458773,ok
0,2,2,0.5,0.3,5.419284729909806,224,30.0,linear,1.6662098462630523e-09,1.6662186416694232e-09,0.36932267202468816,0.4562648891545583,1.3100631690576847e-14,1.6662186416694232e-09,1.3577060411139544e+02-8.1002089907701077e+01j,1.1650631935264910e+02+1.0686849088301560e+02j,9.7109680010744825e+01-1.2475858945055894e+02j,5.6904778300760761e+01+1.4750065451566257e+02j,1.5951892212703827e-05,0.9999840481078004,21720746670.918987,21720746670.918987,1683146590.1974933,ok
0,2,2,0.5,0.3,5.419284729909806,64,40.0,linear,0.2619894641557949,0.2619960123461596,0.3052046812377138,0.6074070406408475,4.409228061774684e-06,0.2619960123461596,8.7187778994750502e+01-7.7537437870887985e+01j,9.9263801663177176e+01+6.1318855283935896e+01j,9.7109680010744825e+01-1.2475858945055894e+02j,5.6904778300760761e+01+1.4750065451566257e+02j,2.928782232820158e-05,0.99996630294961,79032965.894888,79032965.894888,10190046.283814518,ok
0,2,2,0.5,0.3,5.419284729909806,80,40.0,linear,0.004396724209403911,0.004396714382984916,0.3682055654871473,0.45920533570314026,1.5891894555863928e-07,0.004396724209403911,1.3620586477102361e+02-8.1628630901129583e+01j,1.1722929140546270e+02+1.0710817659137801e+02j,9.7109680010744825e+01-1.2475858945055894e+02j,5.6904778300760761e+01+1.4750065451566257e+02j,1.5812539731930858e-05,0.9999840285413225,215295949.60387594,215295949.60387594,29398308.64065312,ok
0,2,2,0.5,0.3,5.419284729909806,96,40.0,linear,6.252785929366754e-06,6.252131162694478e-06,0.36934903592648805,0.45622459040035146,1.508988045628712e-09,6.252785929366754e-06,1.3577202337193472e+02-8.0997781989613273e+01j,1.1650132426541907e+02+1.0687247439070651e+02j,9.7109680010744825e+01-1.2475858945055894e+02j,5.6904778300760761e+01+1.4750065451566257e+02j,1.5952091648950157e-05,0.9999840494173391,488426435.82343054,488426435.82343054,54503903.14292193,ok
0,2,2,0.5,0.3,5.419284729909806,112,40.0,linear,1.9389117535444565e-07,1.9389395401020134e-07,0.3693187697603804,0.45626113960189824,6.061817714453355e-13,1.9389395401020134e-07,1.3577025931477232e+02-8.1002608516421503e+01j,1.1650589020778374e+02+1.0686891376961741e+02j,9.7109680010744825e+01-1.2475858945055894e+02j,5.6904778300760761e+01+1.4750065451566257e+02j,1.5951898345409465e-05,0.9999840481022608,976511104.4675128,976511104.4675128,92719387.68354179,ok
0,2,2,0.5,0.3,5.419284729909806,128,40.0,linear,1.6623939916205354e-09,1.6623551164545999e-09,0.369320203668218,0.4562624475652264,1.0835776720341528e-13,1.6623939916205354e-09,1.3577040067068754e+02-8.1002430902413550e+01j,1.1650605135668272e+02+1.0686878304809967e+02j,9.7109680010744825e+01-1.2475858945055894e+02j,5.6904778300760761e+01+1.4750065451566257e+02j,1.5951892212582085e-05,0.9999840481078959,1779755398.2350667,1779755398.2350667,147678796.58390427,ok
0,2,2,0.5,0.3,5.419284729909806,160,40.0,linear,1.1618180773191775e-09,1.1617304457877002e-09,0.3693217803971007,0.45626400811185386,1.9029222642075183e-13,1.1618180773191775e-09,1.3577053068462681e+02-8.1002213136542821e+01j,1.1650622269292346e+02+1.0686859637779726e+02j,9.7109680010744825e+01-1.2475858945055894e+02j,5.6904778300760761e+01+1.4750065451566257e+02j,1.595189219661182e-05,0.9999840481079936,4853680607.204018,4853680607.204018,326240021.5708903,ok
0,2,2,0.5,0.3,5.419284729909806,192,40.0,linear,7.312404263746212e-10,7.312601013844336e-10,0.36932263068901916,0.45626485170850545,3.8746783559417963e-14,7.312601013844336e-10,1.3577060081724059e+02-8.1002095717661376e+01j,1.1650631532797740e+02+1.0686849548931795e+02j,9.7109680010744825e+01-1.2475858945055894e+02j,5.6904778300760761e+01+1.4750065451566257e+02j,1.5951892182874763e-05,0.9999840481077784,11018860684.785511,11018860684.785511,635017061.7055968,ok
0,2,2,0.5,0.3,5.419284729909806,224,40.0,linear,2.2249003315020587e-09,2.225035649661837e-09,0.36932314832568736,0.4562653581726512,2.219335826225688e-13,2.225035649661837e-09,1.3577064330053105e+02-8.1002024048906250e+01j,1.1650637078232327e+02+1.0686843468448319e+02j,9.7109680010744825e+01-1.2475858945055894e+02j,5.6904778300760761e+01+1.4750065451566257e+02j,1.595189223052817e-05,0.9999840481075475,22040505448.966923,22040505448.966923,1133491190.6317072,ok
0,2,2,0.5,1.0,4.214163671405773,64,6.0,linear,1.305366914024052e-07,0.0001500144999264613,0.3692081877118142,1.8646261405246003,2.6166743238853485e-07,0.0001500144999264613,-9.9636995457798971e-01+1.3188261509813033e+00j,4.7772745506981728e-04+2.2763996694117527e-03j,-4.4990736680301469e-01+1.5904840701690144e+00j,-1.8880846899272652e-03-1.3578410519963682e-03j,0.9999982813932504,1.9802741820167184e-06,56539362.54852826,56539362.54852826,7963372.55101016,ok
0,2,2,0.5,1.0,4.214163671405773,80,6.0,linear,6.379649048073882e-08,0.00010231765561045928,0.36925008992042346,1.8645548988941616,1.2799811877073353e-07,0.00010231765561045928,-9.9642623187940293e-01+1.3187837699928087e+00j,4.7753623872516158e-04+2.2763264497652081e-03j,-4.4990736680301469e-01+1.5904840701690144e+00j,-1.8880846899272652e-03-1.3578410519963682e-03j,0.999998147913074,1.980085044893489e-06,154028847.29281765,154028847.29281765,21687784.56126742,ok
0,2,2,0.5,1.0,4.214163671405773,96,6.0,linear,3.558503468425907e-08,2.2998391051879625e-05,0.36927285063473014,1.8644268772416712,7.107900779068643e-08,2.2998391051879625e-05,-9.9645679426706368e-01+1.3187607360258329e+00j,4.7740597026842661e-04+2.2760559929887458e-03j,-4.4990736680301469e-01+1.5904840701690144e+00j,-1.8880846899272652e-03-1.3578410519963682e-03j,0.9999980914902656,1.979588742200953e-06,349442799.9642932,349442799.9642932,49193943.194687456,ok
0,2,2,0.5,1.0,4.214163671405773,112,6.0,linear,2.1557579472797746e-08,4.702762766802801e-06,0.36928657422765987,1.8644930223748246,4.313377299780541e-08,4.702762766802801e-06,-9.9647521942706485e-01+1.3187468428169840e+00j,4.7767281914997545e-04+2.2760658310949991e-03j,-4.4990736680301469e-01+1.5904840701690144e+00j,-1.8880846899272652e-03-1.3578410519963682e-03j,0.9999980634354084,1.9796983644866745e-06,698650068.796382,698650068.796382,98343201.54827407,ok
0,2,2,0.5,1.0,4.214163671405773,128,6.0,linear,1.4002295920068456e-08,1.6340881424723813e-05,0.3692954806947579,1.8644541396060115,2.793988618243759e-08,1.6340881424723813e-05,-9.9648717591142977e-01+1.3187378237917349e+00j,4.7754158720913998e-04+2.2760433630092903e-03j,-4.4990736680301469e-01+1.5904840701690144e+00j,-1.8880846899272652e-03-1.3578410519963682e-03j,0.9999980483248705,1.9796150157060964e-06,1273344907.3117707,1273344907.3117707,179223421.76080975,ok
0,2,2,0.5,1.0,4.214163671405773,160,6.0,linear,6.736691680819086e-09,5.1700547010176875e-06,0.36930595434205055,1.8644910994599506,1.3493846262591092e-08,5.1700547010176875e-06,-9.9650123495260445e-01+1.3187272151938436e+00j,4.7765820616032232e-04+2.2760700082669234e-03j,-4.4990736680301469e-01+1.5904840701690144e+00j,-1.8880846899272652e-03-1.3578410519963682e-03j,0.9999980337936902,1.979700155990732e-06,3472643630.018861,3472643630.018861,488721774.6652088,ok
0,2,2,0.5,1.0,4.214163671405773,192,6.0,linear,3.734239328765524e-09,7.907357344918415e-06,0.3693116433299134,1.8644773618621262,7.437163107582023e-09,7.907357344918415e-06,-9.9650887067633154e-01+1.3187214514157624e+00j,4.7764223310869008e-04+2.2760422845169142e-03j,-4.4990736680301469e-01+1.5904840701690144e+00j,-1.8880846899272652e-03-1.3578410519963682e-03j,0.9999980277887972,1.9796483660000584e-06,7883640112.88193,7883640112.88193,1109426404.5104516,ok
0,2,2,0.5,1.0,4.214163671405773,224,6.0,linear,2.2489686182448634e-09,5.087249593336511e-06,0.36931507344604636,1.8644807703311639,4.477787696188784e-09,5.087249593336511e-06,-9.9651347429915405e-01+1.3187179756932974e+00j,4.7764848309490024e-04+2.2760476743259677e-03j,-4.4990736680301469e-01+1.5904840701690144e+00j,-1.8880846899272652e-03-1.3578410519963682e-03j,0.9999980248182617,1.9796595258668386e-06,15769267716.384089,15769267716.384089,2219029328.8793006,ok
0,2,2,0.5,1.0,4.214163671405773,64,8.0,linear,8.169419833858405e-08,4.3202656225764914e-05,0.36923729704406627,1.864534292619742,1.6355946774737617e-07,4.3202656225764914e-05,-9.9640905226503951e-01+1.3187967130467970e+00j,4.7772504573189199e-04+2.2761463575608123e-03j,-4.4990736680301469e-01+1.5904840701690144e+00j,-1.8880846899272652e-03-1.3578410519963682e-03j,0.9999981837084265,1.97985104117949e-06,62937302.6618952,62937302.6618952,3902529.160395229,ok
0,2,2,0.5,1.0,4.214163671405773,80,8.0,linear,4.003805005533565e-08,3.8133652866023784e-05,0.3692687168473877,1.864449992233017,7.992511541488057e-08,3.8133652866023784e-05,-9.9645124408134378e-01+1.3187649205075771e+00j,4.7763288163294452e-04+2.2759724203115076e-03j,-4.4990736680301469e-01+1.5904840701690144e+00j,-1.8880846899272652e-03-1.3578410519963682e-03j,0.9999981003962798,1.9795288357182314e-06,171455510.39572492,171455510.39572492,10625138.73048701,ok
0,2,2,0.5,1.0,4.214163671405773,96,8.0,linear,2.2203579290871216e-08,1.35084655126319e-05,0.3692857845638555,1.8644741736034995,4.435366807165053e-08,1.35084655126319e-05,-9.9647415935751815e-01+1.3187476424907427e+00j,4.7765234802730008e-04+2.2760268518993831e-03j,-4.4990736680301469e-01+1.5904840701690144e+00j,-1.8880846899272652e-03-1.3578410519963682e-03j,0.9999980647274056,1.979626262562324e-06,388975454.79894394,388975454.79894394,24097271.363795117,ok
0,2,2,0.5,1.0,4.214163671405773,112,8.0,linear,1.3407706575324229e-08,2.0587391960518975e-05,0.3692960756558334,1.864501930055291,2.6896920024555016e-08,2.0587391960518975e-05,-9.9648797468151851e-01+1.3187372214428947e+00j,4.7764328896583784e-04+2.2761097749008355e-03j,-4.4990736680301469e-01+1.5904840701690144e+00j,-1.8880846899272652e-03-1.3578410519963682e-03j,0.999998047135694,1.9797612259696837e-06,777685975.064187,777685975.064187,48168596.23235641,ok
0,2,2,0.5,1.0,4.214163671405773,128,8.0,linear,8.708377328543428e-09,2.1036803559271172e-07,0.36930275476089214,1.86447371243948,1.7415914488339013e-08,2.1036803559271172e-07,-9.9649694027013103e-01+1.3187304563911955e+00j,4.7757781851782776e-04+2.2760740916088059e-03j,-4.4990736680301469e-01+1.5904840701690144e+00j,-1.8880846899272652e-03-1.3578410519963682e-03j,0.9999980377370538,1.9796788607173266e-06,1417391626.289489,1417391626.289489,87779009.28094731,ok
0,2,2,0.5,1.0,4.214163671405773,160,8.0,linear,4.199502916796517e-09,8.701488792485252e-07,0.3693106092314349,1.8644788986464467,8.395553141582468e-09,8.701488792485252e-07,-9.9650748277830203e-01+1.3187224992337516e+00j,4.7761399453789637e-04+2.2760649328352404e-03j,-4.4990736680301469e-01+1.5904840701690144e+00j,-1.8880846899272652e-03-1.3578410519963682e-03j,0.9999980287193226,1.9796762305570388e-06,3865479163.924729,3865479163.924729,239347417.4177057,ok
0,2,2,0.5,1.0,4.214163671405773,192,8.0,linear,2.3197386548130663e-09,4.193722254525141e-06,0.3693148757084149,1.8644819572467304,4.622865645842467e-09,4.193722254525141e-06,-9.9651320892320050e-01+1.3187181760828539e+00j,4.7765113623859446e-04+2.2760492408271018e-03j,-4.4990736680301469e-01+1.5904840701690144e+00j,-1.8880846899272652e-03-1.3578410519963682e-03j,0.9999980249598016,1.979663063926433e-06,8775467900.369242,8775467900.369242,543311324.8581269,ok
0,2,2,0.5,1.0,4.214163671405773,224,8.0,linear,1.3870487885616174e-09,7.331185037253393e-07,0.36931744814545736,1.8644849690148615,2.7769928578891268e-09,7.331185037253393e-07,-9.9651666129674166e-01+1.3187155691596353e+00j,4.7764354299120347e-04+2.2760625419680027e-03j,-4.4990736680301469e-01+1.5904840701690144e+00j,-1.8880846899272652e-03-1.3578410519963682e-03j,0.9999980230944255,1.9796825673327766e-06,17553137099.8779,17553137099.8779,1086681680.4099402,ok
0,2,2,0.5,1.0,4.214163671405773,64,10.0,linear,5.651128823020488e-08,7.551001096966615e-05,0.3692547588080784,1.8645306601359293,1.1332156124588266e-07,7.551001096966615e-05,-9.9643250227801627e-01+1.3187790473710763e+00j,4.7752817041858193e-04+2.2762644403548716e-03j,-4.4990736680301469e-01+1.5904840701690144e+00j,-1.8880846899272652e-03-1.3578410519963682e-03j,0.9999981333426957,1.979978865495829e-06,66820839.79273196,66820839.79273196,2315488.70253392,ok
0,2,2,0.5,1.0,4.214163671405773,80,10.0,linear,2.7743418016567117e-08,3.152408929457093e-05,0.3692798911479202,1.8644524793315689,5.536201763689519e-08,3.152408929457093e-05,-9.9646624729466349e-01+1.3187536095019241e+00j,4.7761292464488326e-04+2.2759923146349545e-03j,-4.4990736680301469e-01+1.5904840701690144e+00j,-1.8880846899272652e-03-1.3578410519963682e-03j,0.9999980758070619,1.979554955770184e-06,182032323.9540472,182032323.9540472,6301423.893441805,ok
0,2,2,0.5,1.0,4.214163671405773,96,10.0,linear,1.540512070000158e-08,2.4374307788708194e-05,0.36929354373327267,1.8644508500843726,3.0713729337605855e-08,2.4374307788708194e-05,-9.9648457582399819e-01+1.3187397856038816e+00j,4.7756416578672976e-04+2.2760195359488988e-03j,-4.4990736680301469e-01+1.5904840701690144e+00j,-1.8880846899272652e-03-1.3578410519963682e-03j,0.9999980511305145,1.9795832146852077e-06,412968176.2353036,412968176.2353036,14288513.364666974,ok
0,2,2,0.5,1.0,4.214163671405773,112,10.0,linear,9.342339483252869e-09,1.623264318920997e-05,0.3693017758892888,1.864462771038452,1.8620401442959178e-08,1.623264318920997e-05,-9.9649562634118838e-01+1.3187314479454511e+00j,4.7759529658323636e-04+2.2760323506728036e-03j,-4.4990736680301469e-01+1.5904840701690144e+00j,-1.8880846899272652e-03-1.3578410519963682e-03j,0.9999980390049756,1.979615425803351e-06,825652733.3481255,825652733.3481255,28558702.10243956,ok
0,2,2,0.5,1.0,4.214163671405773,128,10.0,linear,6.0443489813175566e-09,9.53384982091202e-06,0.3693071188482273,1.8644753610443063,1.2050942910235563e-08,9.53384982091202e-06,-9.9650279800606689e-01+1.3187260354994490e+00j,4.7763840835848853e-04+2.2760392221335825e-03j,-4.4990736680301469e-01+1.5904840701690144e+00j,-1.8880846899272652e-03-1.3578410519963682e-03j,0.9999980324090075,1.9796419353344084e-06,1504812448.0361884,1504812448.0361884,52040142.96136941,ok
0,2,2,0.5,1.0,4.214163671405773,160,10.0,linear,2.905230568516814e-09,4.089750008771712e-07,0.3693134020155759,1.8644821366173283,5.812073045063926e-09,4.089750008771712e-07,-9.9651123109300632e-01+1.3187196694506420e+00j,4.7762747232729972e-04+2.2760651441610115e-03j,-4.4990736680301469e-01+1.5904840701690144e+00j,-1.8880846899272652e-03-1.3578410519963682e-03j,0.999998026130783,1.979681289942475e-06,4103887014.923697,4103887014.923697,141888412.1219578,ok
0,2,2,0.5,1.0,4.214163671405773,192,10.0,linear,1.5997847463251497e-09,3.486574011086652e-07,0.3693168150054318,1.8644842583699226,3.200942622072489e-09,3.486574011086652e-07,-9.9651581159585123e-01+1.3187162108137878e+00j,4.7764114368897121e-04+2.2760621318792295e-03j,-4.4990736680301469e-01+1.5904840701690144e+00j,-1.8880846899272652e-03-1.3578410519963682e-03j,0.9999980235198966,1.979681045954598e-06,9316694023.977415,9316694023.977415,322070648.81724197,ok
0,2,2,0.5,1.0,4.214163671405773,224,10.0,linear,9.72821814191734e-10,2.454781338946446e-06,0.36931887290464843,1.8644838216355244,1.9359167602317484e-09,2.454781338946446e-06,-9.9651857333466731e-01+1.3187141251417791e+00j,4.7765349712710215e-04+2.2760528776145641e-03j,-4.4990736680301469e-01+1.5904840701690144e+00j,-1.8880846899272652e-03-1.3578410519963682e-03j,0.9999980222659731,1.979669943662594e-06,18635736224.029434,18635736224.029434,644161893.6128596,ok
0,2,2,0.5,1.0,4.214163671405773,64,12.0,linear,4.200995238852341e-08,4.485479178666321e-05,0.36926639835398195,1.8644140510113663,8.38423104276842e-08,4.485479178666321e-05,-9.9644813156756884e-01+1.3187672682143043e+00j,4.7744301434656048e-04+2.2759962862123288e-03j,-4.4990736680301469e-01+1.5904840701690144e+00j,-1.8880846899272652e-03-1.3578410519963682e-03j,0.9999981043400772,1.9795022332230757e-06,69433554.11918558,69433554.11918558,1533743.7220076188,ok
0,2,2,0.5,1.0,4.214163671405773,80,12.0,linear,2.0454724483634642e-08,1.1004789975716663e-05,0.3692873399150201,1.8644949392171604,4.095301497919479e-08,1.1004789975716663e-05,-9.9647624766608256e-01+1.3187460681402721e+00j,4.7765093081656953e-04+2.2760854001328944e-03j,-4.4990736680301469e-01+1.5904840701690144e+00j,-1.8880846899272652e-03-1.3578410519963682e-03j,0.9999980612297027,1.9797233123071762e-06,189146904.2513472,189146904.2513472,4171114.8125494374,ok
0,2,2,0.5,1.0,4.214163671405773,96,12.0,linear,1.1396303006068939e-08,1.7820303836324717e-05,0.3692987161349605,1.8644599143223421,2.2722042691825095e-08,1.7820303836324717e-05,-9.9649151920576717e-01+1.3187345472252245e+00j,4.7758587906150251e-04+2.2760305540591133e-03j,-4.4990736680301469e-01+1.5904840701690144e+00j,-1.8880846899272652e-03-1.3578410519963682e-03j,0.9999980431128948,1.9796091479233764e-06,429106116.54876566,429106116.54876566,9455339.078844678,ok
0,2,2,0.5,1.0,4.214163671405773,112,12.0,linear,6.89268425792116e-09,1.9915277346747235e-06,0.3693055758005871,1.8644748830790547,1.377747627095971e-08,1.9915277346747235e-06,-9.9650072690838254e-01+1.3187275987760625e+00j,4.7759477594317242e-04+2.2760663009014550e-03j,-4.4990736680301469e-01+1.5904840701690144e+00j,-1.8880846899272652e-03-1.3578410519963682e-03j,0.9999980341056749,1.9796718012847644e-06,857915188.5131228,857915188.5131228,18895872.770726286,ok
0,2,2,0.5,1.0,4.214163671405773,128,12.0,linear,4.4585668445891995e-09,1.425243765910995e-07,0.3693100280155532,1.8644795524916444,8.916561933247635e-09,1.425243765910995e-07,-9.9650670271049968e-01+1.3187230881636802e+00j,4.7761418810606806e-04+2.2760666212636774e-03j,-4.4990736680301469e-01+1.5904840701690144e+00j,-1.8880846899272652e-03-1.3578410519963682e-03j,0.9999980292374494,1.979679112508186e-06,1563611086.6469753,1563611086.6469753,34429619.83838273,ok
0,2,2,0.5,1.0,4.214163671405773,160,12.0,linear,2.1590464346531498e-09,4.267663248848912e-06,0.36931526378925106,1.8644814364854347,4.301188294419944e-09,4.267663248848912e-06,-9.9651372976762431e-01+1.3187177828301104e+00j,4.7764825875410723e-04+2.2760496689875308e-03j,-4.4990736680301469e-01+1.5904840701690144e+00j,-1.8880846899272652e-03-1.3578410519963682e-03j,0.9999980246384177,1.9796627705324726e-06,4264238138.651054,4264238138.651054,93865286.19077496,ok
0,2,2,0.5,1.0,4.214163671405773,192,12.0,linear,1.1849721972900155e-09,1.0676068509239508e-07,0.3693181078475549,1.8644846643699227,2.3695143624991033e-09,1.0676068509239508e-07,-9.9651754663001579e-01+1.3187149005561016e+00j,4.7764615065694750e-04+2.2760599989315195e-03j,-4.4990736680301469e-01+1.5904840701690144e+00j,-1.8880846899272652e-03-1.3578410519963682e-03j,0.9999980226902732,1.9796792411481396e-06,9680708163.042088,9680708163.042088,213055117.42864448,ok
0,2,2,0.5,1.0,4.214163671405773,224,12.0,linear,7.189724428984873e-10,1.1972246518583303e-07,0.3693198227152975,1.864485864974611,1.4384113899978956e-09,1.1972246518583303e-07,-9.9651984797024185e-01+1.3187131624571873e+00j,4.7765248292892560e-04+2.2760592082450696e-03j,-4.4990736680301469e-01+1.5904840701690144e+00j,-1.8880846899272652e-03-1.3578410519963682e-03j,0.9999980217582753,1.9796801360312596e-06,19363833083.397686,19363833083.397686,426114148.2321797,ok
0,2,2,0.5,1.0,4.214163671405773,64,15.0,linear,1.0477105269091285e-08,7.553888459354771e-06,0.3692780609990896,1.864470852472979,2.098411200357475e-08,7.553888459354771e-06,-9.9646380448180483e-01+1.3187554910879360e+00j,4.7751800890732487e-04+2.2761050903167350e-03j,-4.4990736680301469e-01+1.5904840701690144e+00j,-1.8880846899272652e-03-1.3578410519963682e-03j,0.9999980412745028,1.979709609315176e-06,72068763.882419,72068763.882419,939882.6848497478,ok
0,2,2,0.5,1.0,4.214163671405773,80,15.0,linear,1.4155014840593908e-08,1.556085696199608e-05,0.3692947878624085,1.8644581241766427,2.8248412275999613e-08,1.556085696199608e-05,-9.9648624614709380e-01+1.3187385260392215e+00j,4.7756244888754352e-04+2.2760408394326696e-03j,-4.4990736680301469e-01+1.5904840701690144e+00j,-1.8880846899272652e-03-1.3578410519963682e-03j,0.9999980486303076,1.979618104658694e-06,196320651.85831258,196320651.85831258,2551554.459581481,ok
0,2,2,0.5,1.0,4.214163671405773,96,15.0,linear,7.836081583284443e-09,2.818776566194358e-06,0.3693038881814143,1.864487578423591,1.5683316645365153e-08,2.818776566194358e-06,-9.9649846175086865e-01+1.3187293084920568e+00j,4.7764872271062854e-04+2.2760664111155043e-03j,-4.4990736680301469e-01+1.5904840701690144e+00j,-1.8880846899272652e-03-1.3578410519963682e-03j,0.9999980359924658,1.9796908507513325e-06,445376535.68065137,445376535.68065137,5780002.702856584,ok
0,2,2,0.5,1.0,4.214163671405773,112,15.0,linear,4.767333420356839e-09,6.006519026329264e-06,0.36930937550282045,1.8644748772233788,9.510877641005777e-09,6.006519026329264e-06,-9.9650582693920620e-01+1.3187237493091490e+00j,4.7761636534026899e-04+2.2760522298285769e-03j,-4.4990736680301469e-01+1.5904840701690144e+00j,-1.8880846899272652e-03-1.3578410519963682e-03j,0.9999980298549814,1.979655896140006e-06,890440978.0695155,890440978.0695155,11547151.983558841,ok
0,2,2,0.5,1.0,4.214163671405773,128,15.0,linear,3.0702787978750387e-09,3.972353619077645e-06,0.3693129370572937,1.8644860362180415,6.156278153923722e-09,3.972353619077645e-06,-9.9651060709091299e-01+1.3187201406454547e+00j,4.7763280802922054e-04+2.2760724921048851e-03j,-4.4990736680301469e-01+1.5904840701690144e+00j,-1.8880846899272652e-03-1.3578410519963682e-03j,0.9999980264608789,1.9796953993232907e-06,1622888029.8151367,1622888029.8151367,21035988.20456182,ok
0,2,2,0.5,1.0,4.214163671405773,160,15.0,linear,1.4755621807987804e-09,3.158424024849968e-06,0.3693171254806479,1.8644882241189746,2.96362245855164e-09,3.158424024849968e-06,-9.9651622828176667e-01+1.3187158961935133e+00j,4.7765095485553571e-04+2.2760667497865117e-03j,-4.4990736680301469e-01+1.5904840701690144e+00j,-1.8880846899272652e-03-1.3578410519963682e-03j,0.999998023271452,1.979692170357961e-06,4425885379.966911,4425885379.966911,57340386.5697933,ok
0,2,2,0.5,1.0,4.214163671405773,192,15.0,linear,8.201896753211922e-10,7.049009063008998e-07,0.36931940065430896,1.8644849498382778,1.6375809597235502e-09,7.049009063008998e-07,-9.9651928157775371e-01+1.3187135902564913e+00j,4.7765116821933679e-04+2.2760575245975483e-03j,-4.4990736680301469e-01+1.5904840701690144e+00j,-1.8880846899272652e-03-1.3578410519963682e-03j,0.9999980219607095,1.9796768714527327e-06,10047678298.092705,10047678298.092705,130140959.06313668,ok
0,2,2,0.5,1.0,4.214163671405773,224,15.0,linear,4.862619274437076e-10,1.078962242085399e-06,0.3693207725154997,1.8644879990861407,9.76788427919928e-10,1.078962242085399e-06,-9.9652112257515668e-01+1.3187121997500348e+00j,4.7766074033477171e-04+2.2760597547769844e-03j,-4.4990736680301469e-01+1.5904840701690144e+00j,-1.8880846899272652e-03-1.3578410519963682e-03j,0.9999980212928553,1.9796839330871033e-06,20097957460.169262,20097957460.169262,260273630.18134212,ok
0,2,2,0.5,1.0,4.214163671405773,64,20.0,linear,5.5838776141541075e-05,0.011118094708747748,0.36935227954900374,1.8903865783807912,0.0001116239387789486,0.011118094708747748,-9.9660520287594589e-01+1.3187643472717172e+00j,5.8357741566165446e-04+2.2779307834261244e-03j,-4.4990736680301469e-01+1.5904840701690144e+00j,-1.8880846899272652e-03-1.3578410519963682e-03j,0.999886352342328,2.0237188929863073e-06,74731016.59282172,74731016.59282172,511573.4262126758,ok
0,2,2,0.5,1.0,4.214163671405773,80,20.0,linear,1.343686844889388e-07,7.985774837770278e-05,0.369301865303641,1.8644940556271092,2.6905349514994015e-07,7.985774837770278e-05,-9.9649585391855589e-01+1.3187315737077783e+00j,4.7813484460465836e-04+2.2757678675724767e-03j,-4.4990736680301469e-01+1.5904840701690144e+00j,-1.8880846899272652e-03-1.3578410519963682e-03j,0.9999977515835505,1.9793629543362248e-06,203562813.23187035,203562813.23187035,1379214.3801869645,ok
0,2,2,0.5,1.0,4.214163671405773,96,20.0,linear,5.98238325261489e-09,5.950450655104207e-06,0.3693090600984924,1.8644890031469978,1.1988319004174741e-08,5.950450655104207e-06,-9.9650540282050248e-01+1.3187240672810023e+00j,4.7764081600858973e-04+2.2760755121627959e-03j,-4.4990736680301469e-01+1.5904840701690144e+00j,-1.8880846899272652e-03-1.3578410519963682e-03j,0.9999980322850762,1.979703242889334e-06,461797844.5027482,461797844.5027482,3116741.0184214665,ok
0,2,2,0.5,1.0,4.214163671405773,112,20.0,linear,2.937079570205657e-09,1.4022134364682603e-06,0.369313174941572,1.864483571121018,5.879703612876597e-09,1.4022134364682603e-06,-9.9651092638251049e-01+1.3187198996438760e+00j,4.7763114575335536e-04+2.2760667335237810e-03j,-4.4990736680301469e-01+1.5904840701690144e+00j,-1.8880846899272652e-03-1.3578410519963682e-03j,0.999998026194481,1.9796852226600155e-06,923264710.7662956,923264710.7662956,6219726.972505314,ok
0,2,2,0.5,1.0,4.214163671405773,128,20.0,linear,1.9086640307746297e-09,2.143894621852567e-06,0.36931584595052097,1.8644839317105475,3.808832360618908e-09,2.143894621852567e-06,-9.9651451109469391e-01+1.3187171929240797e+00j,4.7765251495200748e-04+2.2760538224938709e-03j,-4.4990736680301469e-01+1.5904840701690144e+00j,-1.8880846899272652e-03-1.3578410519963682e-03j,0.999998024137654,1.9796711782773056e-06,1682704749.8223028,1682704749.8223028,11324332.048121894,ok
0,2,2,0.5,1.0,4.214163671405773,160,20.0,linear,9.173512759145962e-10,1.7787055164470666e-06,0.36931898709182687,1.8644880197308575,1.841737651275821e-09,1.7787055164470666e-06,-9.9651872659134666e-01+1.3187140094445295e+00j,4.7765710102758499e-04+2.2760621813296055e-03j,-4.4990736680301469e-01+1.5904840701690144e+00j,-1.8880846899272652e-03-1.3578410519963682e-03j,0.9999980221550323,1.979686705332962e-06,4589002363.425221,4589002363.425221,30852002.351033993,ok
0,2,2,0.5,1.0,4.214163671405773,192,20.0,linear,5.033910946819433e-10,5.519739660780973e-07,0.36932069338732737,1.864486589529116,1.0045893006349615e-09,5.519739660780973e-07,-9.9652101638911694e-01+1.3187122799569404e+00j,4.7766065873244639e-04+2.2760558963076396e-03j,-4.4990736680301469e-01+1.5904840701690144e+00j,-1.8880846899272652e-03-1.3578410519963682e-03j,0.9999980213271137,1.9796774756907422e-06,10417978375.442997,10417978375.442997,70007242.75744325,ok
0,2,2,0.5,1.0,4.214163671405773,224,20.0,linear,3.0721068547790837e-10,1.484843489263279e-08,0.3693217222510722,1.864487374182295,6.143552333526259e-10,1.484843489263279e-08,-9.9652239705236045e-01+1.3187112370262872e+00j,4.7766270127054446e-04+2.2760567440248264e-03j,-4.4990736680301469e-01+1.5904840701690144e+00j,-1.8880846899272652e-03-1.3578410519963682e-03j,0.9999980209347537,1.9796796015863694e-06,20838595811.449734,20838595811.449734,139995125.06993118,ok
0,2,2,0.5,1.0,4.214163671405773,64,25.0,linear,0.0012818681956051645,0.7248892182151352,0.3685640631974563,1.248089219063973,0.0025606404084189682,0.7248892182151352,-9.9646138064300604e-01+1.3214120077678213e+00j,6.3517988006522928e-04+7.6819356196078842e-05j,-4.4990736680301469e-01+1.5904840701690144e+00j,-1.8880846899272652e-03-1.3578410519963682e-03j,0.997439210141058,1.4945052304554313e-07,76345045.52934831,76345045.52934831,325442.29627307056,ok
0,2,2,0.5,1.0,4.214163671405773,80,25.0,linear,1.1124356943434322e-05,0.08567472432099242,0.36910057912715916,1.8148314573471824,2.1924392058947362e-05,0.08567472432099242,-9.9621732074968661e-01+1.3189186789201037e+00j,6.2638046981433235e-04+2.0320392749988512e-03j,-4.4990736680301469e-01+1.5904840701690144e+00j,-1.8880846899272652e-03-1.3578410519963682e-03j,1.0000202693614335,1.6550306254281828e-06,207946925.84494284,207946925.84494284,868843.6440411519,ok
0,2,2,0.5,1.0,4.214163671405773,96,25.0,linear,2.792375967621741e-06,0.0020419719473523047,0.36931389761681727,1.862352264591629,5.576698628662058e-06,0.0020419719473523047,-9.9650980748388018e-01+1.3187149661388238e+00j,4.7523212865288204e-04+2.2717140426496774e-03j,-4.4990736680301469e-01+1.5904840701690144e+00j,-1.8880846899272652e-03-1.3578410519963682e-03j,1.0000036050846046,1.9716140240328348e-06,471733272.9958476,471733272.9958476,1953934.7689003937,ok
0,2,2,0.5,1.0,4.214163671405773,112,25.0,linear,3.087193805184083e-08,2.943327443577134e-06,0.36931545754300493,1.8644812815716139,6.173222699690228e-08,2.943327443577134e-06,-9.9651401447665411e-01+1.3187176361163835e+00j,4.7760844280590883e-04+2.2760751597367093e-03j,-4.4990736680301469e-01+1.5904840701690144e+00j,-1.8880846899272652e-03-1.3578410519963682e-03j,0.9999979585765824,1.979691190634582e-06,943119508.2686665,943119508.2686665,3890022.0389397484,ok
0,2,2,0.5,1.0,4.214163671405773,128,25.0,linear,1.5073094894338048e-09,4.372920070145345e-08,0.369317591113917,1.864486480742995,3.0147846441508364e-09,4.372920070145345e-08,-9.9651685304044357e-01+1.3187154240150825e+00j,4.7765676567195105e-04+2.2760581288840875e-03j,-4.4990736680301469e-01+1.5904840701690144e+00j,-1.8880846899272652e-03-1.3578410519963682e-03j,0.9999980233349464,1.979679838267904e-06,1718883370.2177799,1718883370.2177799,7074306.411254655,ok
0,2,2,0.5,1.0,4.214163671405773,160,25.0,linear,6.378803598623147e-10,1.222532807245778e-06,0.36932010402319826,1.86448550517319,1.270912708406513e-09,1.222532807245778e-06,-9.9652022548665720e-01+1.3187128773450225e+00j,4.7765744969360753e-04+2.2760549763158693e-03j,-4.4990736680301469e-01+1.5904840701690144e+00j,-1.8880846899272652e-03-1.3578410519963682e-03j,0.9999980215960915,1.9796748212421903e-06,4687647013.968693,4687647013.968693,19253365.93536574,ok
0,2,2,0.5,1.0,4.214163671405773,192,25.0,linear,3.4764986197048265e-10,2.9224037464098515e-07,0.36932146902544827,1.8644875541913013,6.964493426409035e-10,2.9224037464098515e-07,-9.9652205724723242e-01+1.3187114937260394e+00j,4.7766217945975550e-04+2.2760575832695604e-03j,-4.4990736680301469e-01+1.5904840701690144e+00j,-1.8880846899272652e-03-1.3578410519963682e-03j,0.9999980210156317,1.9796808176215922e-06,10641911264.986185,10641911264.986185,43670734.75817538,ok
0,2,2,0.5,1.0,4.214163671405773,224,25.0,linear,2.115548675004248e-10,4.801905265548577e-07,0.3693222920869704,1.864486803181605,4.212010740189953e-10,4.801905265548577e-07,-9.9652316172216882e-01+1.3187106593791942e+00j,4.7766161602597756e-04+2.2760558659856759e-03j,-4.4990736680301469e-01+1.5904840701690144e+00j,-1.8880846899272652e-03-1.3578410519963682e-03j,0.9999980207434422,1.9796777587515426e-06,21286487622.39293,21286487622.39293,87312777.05535854,ok
0,2,2,0.5,1.0,4.214163671405773,64,30.0,linear,0.0008645430410371481,0.9678470490439308,0.36834198546166735,1.0128644260743198,0.0017288205780132682,0.9678470490439308,-9.9585255972391951e-01+1.3210071528453904e+00j,6.3733464164806384e-05-3.9109059008511423e-05j,-4.4990736680301469e-01+1.5904840701690144e+00j,-1.8880846899272652e-03-1.3578410519963682e-03j,0.9982711773789038,2.043082899699796e-09,77430938.82857476,77430938.82857476,226853.21564179732,ok
0,2,2,0.5,1.0,4.214163671405773,80,30.0,linear,0.0008653615134694248,0.8362563403666361,0.36808525903404987,1.1548760196840155,0.0017310422342302623,0.8362563403666361,-9.9421417339174112e-01+1.3186614451365377e+00j,2.1221204529550634e-04+3.1619812084887335e-04j,-4.4990736680301469e-01+1.5904840701690144e+00j,-1.8880846899272652e-03-1.3578410519963682e-03j,1.001730989063102,5.317112812330243e-08,210889732.54407543,210889732.54407543,599054.0209043657,ok
0,2,2,0.5,1.0,4.214163671405773,96,30.0,linear,0.0002898246825485488,0.2237048864419437,0.36964866702118765,1.582616505932908,0.000579114344177345,0.2237048864419437,-9.9674379558744097e-01+1.3179433284326203e+00j,-6.3658218436508650e-06+1.8053708618110404e-03j,-4.4990736680301469e-01+1.5904840701690144e+00j,-1.8880846899272652e-03-1.3578410519963682e-03j,1.0005779206298655,1.1937143117597452e-06,478396826.42317253,478396826.42317253,1344916.263929468,ok
0,2,2,0.5,1.0,4.214163671405773,112,30.0,linear,1.903154363182403e-05,0.008914561069888534,0.36931009649520136,1.8694214513693563,3.802654877471667e-05,0.008914561069888534,-9.9652104687209819e-01+1.3187516865542463e+00j,4.6067525470854198e-04+2.3007031027957895e-03j,-4.4990736680301469e-01+1.5904840701690144e+00j,-1.8880846899272652e-03-1.3578410519963682e-03j,0.9999599583949917,2.0150562335628516e-06,956431090.0103362,956431090.0103362,2671615.3960591485,ok
0,2,2,0.5,1.0,4.214163671405773,128,30.0,linear,4.445612950990914e-07,0.0001301470260907613,0.3693187039614604,1.8646893041742656,8.896385084167235e-07,0.0001301470260907613,-9.9651801451372979e-01+1.3187136284206176e+00j,4.7823189074900968e-04+2.2762465364075781e-03j,-4.4990736680301469e-01+1.5904840701690144e+00j,-1.8880846899272652e-03-1.3578410519963682e-03j,0.9999989094417563,1.980196752170385e-06,1743134919.5938003,1743134919.5938003,4846347.400543344,ok
0,2,2,0.5,1.0,4.214163671405773,160,30.0,linear,5.338013478814913e-10,6.413708807391912e-07,0.36932084858133807,1.8644864005299584,1.0650558213143313e-09,6.413708807391912e-07,-9.9652122460376846e-01+1.3187121225508134e+00j,4.7765995139312017e-04+2.2760558323181739e-03j,-4.4990736680301469e-01+1.5904840701690144e+00j,-1.8880846899272652e-03-1.3578410519963682e-03j,0.999998021387934,1.9796771218568507e-06,4753763035.227154,4753763035.227154,13164186.23669897,ok
0,2,2,0.5,1.0,4.214163671405773,192,30.0,linear,2.5941696523711483e-10,5.562115296663744e-07,0.3693219861268706,1.8644866571768417,5.166242988963177e-10,5.562115296663744e-07,-9.9652275115319910e-01+1.3187109695386598e+00j,4.7766110708796002e-04+2.2760557921444892e-03j,-4.4990736680301469e-01+1.5904840701690144e+00j,-1.8880846899272652e-03-1.3578410519963682e-03j,0.9999980208391663,1.9796774579467344e-06,10791986581.099688,10791986581.099688,29837692.701651465,ok
0,2,2,0.5,1.0,4.214163671405773,224,30.0,linear,1.5776125708433908e-10,7.257894568094374e-08,0.3693226720255667,1.8644875247878965,3.15227621783265e-10,7.257894568094374e-08,-9.9652367155881016e-01+1.3187102742171761e+00j,4.7766395960418612e-04+2.2760563427602605e-03j,-4.4990736680301469e-01+1.5904840701690144e+00j,-1.8880846899272652e-03-1.3578410519963682e-03j,0.9999980206358553,1.9796793724188197e-06,21586635088.486336,21586635088.486336,59636262.53851981,ok
0,2,2,0.5,1.0,4.214163671405773,64,40.0,linear,0.0009003937123666751,0.9934715652702513,0.36785862779686107,0.9979128346674404,0.0018003342500376718,0.9934715652702513,-9.9522979042138371e-01+1.3215505846552671e+00j,-1.2367399611317205e-05+8.8070586181690334e-06j,-4.4990736680301469e-01+1.5904840701690144e+00j,-1.8880846899272652e-03-1.3578410519963682e-03j,0.9981996656657393,8.422312154823327e-11,78807008.8494161,78807008.8494161,137571.00215277958,ok
0,2,2,0.5,1.0,4.214163671405773,80,40.0,linear,0.0008282596119255475,0.9874304384149916,0.36784965089543126,1.0063647096036052,0.0016565968911246287,0.9874304384149916,-9.9392577283781758e-01+1.3189556265620976e+00j,2.6670413688893543e-05-1.1967209841403931e-05j,-4.4990736680301469e-01+1.5904840701690144e+00j,-1.8880846899272652e-03-1.3578410519963682e-03j,1.0016565965778286,3.1329603339478314e-10,214599852.8408959,214599852.8408959,344425.3794783617,ok
0,2,2,0.5,1.0,4.214163671405773,96,40.0,linear,0.0019308971582013953,0.9639122477313701,0.36942648676255724,0.9974118884003322,0.003871023515114036,0.9639122477313701,-9.9520999025978363e-01+1.3157024125477812e+00j,-5.4913739667863221e-05+6.3468384319235557e-05j,-4.4990736680301469e-01+1.5904840701690144e+00j,-1.8880846899272652e-03-1.3578410519963682e-03j,1.0038710209269406,2.5881733657087657e-09,486782197.66634583,486782197.66634583,758545.3923687219,ok
0,2,2,0.5,1.0,4.214163671405773,112,40.0,linear,0.0007408181357518496,0.8954186762552575,0.3709733890210057,0.9454959532038935,0.0014813234020996102,0.8954186762552575,-9.9818060466024117e-01+1.3159199377026600e+00j,7.2926253264023830e-06-2.4310903569410412e-04j,-4.4990736680301469e-01+1.5904840701690144e+00j,-1.8880846899272652e-03-1.3578410519963682e-03j,1.0014813017177253,2.168437429282567e-08,973168809.287331,973168809.287331,1495899.696798296,ok
0,2,2,0.5,1.0,4.214163671405773,128,40.0,linear,0.0003304219494835931,0.6598814707400772,0.3705673560533361,1.337348664465206,0.0006622660199759878,0.6598814707400772,-9.9844061231364911e-01+1.3179447335954946e+00j,5.6716203063756016e-04+5.5135918475551781e-04j,-4.4990736680301469e-01+1.5904840701690144e+00j,-1.8880846899272652e-03-1.3578410519963682e-03j,0.9993375051207308,2.2885929313379754e-07,1773616283.011283,1773616283.011283,2697276.463607921,ok
0,2,2,0.5,1.0,4.214163671405773,160,40.0,linear,1.807554098749984e-05,0.013829442504584908,0.369335983392617,1.8794762327911358,3.620719851271659e-05,0.013829442504584908,-9.9652799776361001e-01+1.3186695567664657e+00j,4.9754608083745616e-04+2.3047069590750157e-03j,-4.4990736680301469e-01+1.5904840701690144e+00j,-1.8880846899272652e-03-1.3578410519963682e-03j,1.000034172310938,2.0348875745547526e-06,4836835995.575377,4836835995.575377,7301761.073240477,ok
0,2,2,0.5,1.0,4.214163671405773,192,40.0,linear,3.144276104478935e-08,1.7465633691051774e-05,0.3693226541750221,1.8644973689590798,6.295467080974504e-08,1.7465633691051774e-05,-9.9652362418262663e-01+1.3187102452033050e+00j,4.7763141344315580e-04+2.2761048487457045e-03j,-4.4990736680301469e-01+1.5904840701690144e+00j,-1.8880846899272652e-03-1.3578410519963682e-03j,0.9999980832057339,1.979748936981247e-06,10980532315.433178,10980532315.433178,16489999.602281157,ok
0,2,2,0.5,1.0,4.214163671405773,224,40.0,linear,1.0400955978951014e-10,2.0750103486734802e-07,0.36932314684720646,1.864487413513141,2.0719004290015164e-10,2.0750103486734802e-07,-9.9652430870799480e-01+1.3187097928470650e+00j,4.7766398640215177e-04+2.2760560165207703e-03j,-4.4990736680301469e-01+1.5904840701690144e+00j,-1.8880846899272652e-03-1.3578410519963682e-03j,0.9999980205283521,1.9796788380010427e-06,21963748846.626865,21963748846.626865,32911486.852087915,ok
0,2,2,0.9,0.05,5.821735706315287,64,6.0,sinh,1.0050325978650687e-07,1.0050325415020469e-07,0.8417465900780301,0.7142564795218567,8.43769498715119e-15,1.0050325978650687e-07,-5.1522267313998906e+04-7.9877313611672753e+03j,4.3553276279067242e+04-2.8661124192201030e+04j,-3.9368689931456225e+04+3.4182650396782119e+04j,1.3322241641888058e+04-5.0406996000864165e+04j,-1.2186895002319009e-08,1.0000000121868866,219253485.90645286,219253485.90645286,93860389.01461925,ok
0,2,2,0.9,0.05,5.821735706315287,80,6.0,sinh,7.585545735585371e-07,7.585545665639309e-07,0.8417778008030798,0.7142236626882452,4.440892098500626e-15,7.585545735585371e-07,-5.1521945008324794e+04-7.9895177325596142e+03j,4.3552241283820877e+04-2.8662615430622951e+04j,-3.9368689931456225e+04+3.4182650396782119e+04j,1.3322241641888058e+04-5.0406996000864165e+04j,-1.218691594083912e-08,1.0000000121869115,595056439.3397279,595056439.3397279,254891615.80032083,ok
0,2,2,0.9,0.05,5.821735706315287,96,6.0,sinh,8.293378856988412e-08,8.293378890184645e-08,0.8417954978208891,0.7142059740782093,2.6645352591003757e-15,8.293378890184645e-08,-5.1521826443278653e+04-7.9905121319460159e+03j,4.3551720504843994e+04-2.8663470801322510e+04j,-3.9368689931456225e+04+3.4182650396782119e+04j,1.3322241641888058e+04-5.0406996000864165e+04j,-1.2186899473375886e-08,1.0000000121868968,1346571292.570117,1346571292.570117,577065486.1043074,ok
0,2,2,0.9,0.05,5.821735706315287,112,6.0,sinh,1.2330944731103247e-07,1.2330944474546992e-07,0.8418064523306894,0.7141948566960885,2.1094237467877974e-15,1.2330944731103247e-07,-5.1521741334303602e+04-7.9911310428961833e+03j,4.3551386067288069e+04-2.8663998503521259e+04j,-3.9368689931456225e+04+3.4182650396782119e+04j,1.3322241641888058e+04-5.0406996000864165e+04j,-1.218689444644586e-08,1.0000000121868924,2687313426.928371,2687313426.928371,1151992007.8835423,ok
0,2,2,0.9,0.05,5.821735706315287,128,6.0,sinh,7.736485715867124e-08,7.736485557083228e-08,0.8418134498091376,0.7141876151382599,9.992007221626409e-16,7.736485715867124e-08,-5.1521677151039403e+04-7.9915292166742438e+03j,4.3551162344840224e+04-2.8664334062009573e+04j,-3.9368689931456225e+04+3.4182650396782119e+04j,1.3322241641888058e+04-5.0406996000864165e+04j,-1.218689556628954e-08,1.0000000121868946,4891084233.20285,4891084233.20285,2097187931.536627,ok
0,2,2,0.9,0.05,5.821735706315287,160,6.0,sinh,7.434621625216316e-09,7.43462130080879e-09,0.8418215368975911,0.7141792323033522,8.881784197001252e-16,7.434621625216316e-09,-5.1521602039926314e+04-7.9919896600909078e+03j,4.3550902814915411e+04-2.8664721743312832e+04j,-3.9368689931456225e+04+3.4182650396782119e+04j,1.3322241641888058e+04-5.0406996000864165e+04j,-1.218689727075454e-08,1.0000000121868964,13313013041.247776,13313013041.247776,5710310087.37308,ok
0,2,2,0.9,0.05,5.821735706315287,192,6.0,sinh,1.866254438801399e-08,1.8662543995189693e-08,0.8418259178257322,0.7141747299811677,6.661338147750939e-16,1.866254438801399e-08,-5.1521564061415185e+04-7.9922383094987217e+03j,4.3550765013263401e+04-2.8664932171872650e+04j,-3.9368689931456225e+04+3.4182650396782119e+04j,1.3322241641888058e+04-5.0406996000864165e+04j,-1.2186896997087466e-08,1.0000000121868964,30184018881.97238,30184018881.97238,12950004428.039124,ok
0,2,2,0.9,0.05,5.821735706315287,224,6.0,sinh,2.8601118521969102e-08,2.860111820813713e-08,0.8418285508397205,0.714172028241453,0.0,2.8601118521969102e-08,-5.1521541411277947e+04-7.9923877013877318e+03j,4.3550682425570332e+04-2.8665058589834814e+04j,-3.9368689931456225e+04+3.4182650396782119e+04j,1.3322241641888058e+04-5.0406996000864165e+04j,-1.2186896754846715e-08,1.0000000121868968,60319772703.48618,60319772703.48618,25883834634.91112,ok
0,2,2,0.9,0.05,5.821735706315287,64,8.0,sinh,4.968783730340061e-07,4.968783638659923e-07,0.8417685660697611,0.7142341642144581,6.328271240363392e-15,4.968783730340061e-07,-5.1522095677868565e+04-7.9889732384707777e+03j,4.3552604451284904e+04-2.8662182664315133e+04j,-3.9368689931456225e+04+3.4182650396782119e+04j,1.3322241641888058e+04-5.0406996000864165e+04j,-1.2186885341161952e-08,1.000000012186879,122267992.84847897,122267992.84847897,90094301.09675755,ok
0,2,2,0.9,0.05,5.821735706315287,80,8.0,sinh,4.985042416823289e-07,4.985042372491937e-07,0.8417924014120031,0.714208833865342,2.9976021664879227e-15,4.985042416823289e-07,-5.1521830766854524e+04-7.9903428765413591e+03j,4.3551794717513505e+04-2.8663318629650465e+04j,-3.9368689931456225e+04+3.4182650396782119e+04j,1.3322241641888058e+04-5.0406996000864165e+04j,-1.2186909602413713e-08,1.0000000121869066,331922526.82532483,331922526.82532483,244430089.97818208,ok
0,2,2,0.9,0.05,5.821735706315287,96,8.0,sinh,8.433089449205895e-08,8.433089244311525e-08,0.8418057489654367,0.7141955504504046,2.1094237467877974e-15,8.433089449205895e-08,-5.1521745377799249e+04-7.9910917135480822e+03j,4.3551406086293122e+04-2.8663964390574456e+04j,-3.9368689931456225e+04+3.4182650396782119e+04j,1.3322241641888058e+04-5.0406996000864165e+04j,-1.2186895396500816e-08,1.0000000121868933,751253867.4840431,751253867.4840431,553101978.1609502,ok
0,2,2,0.9,0.05,5.821735706315287,112,8.0,sinh,1.9284754235354925e-08,1.9284753420081663e-08,0.8418139425492811,0.7141870617241115,9.992007221626409e-16,1.9284754235354925e-08,-5.1521669602266491e+04-7.9915581276733246e+03j,4.3551143468882467e+04-2.8664357233228286e+04j,-3.9368689931456225e+04+3.4182650396782119e+04j,1.3322241641888058e+04-5.0406996000864165e+04j,-1.2186896981921852e-08,1.000000012186896,1499453924.3672276,1499453924.3672276,1103720954.8890877,ok
0,2,2,0.9,0.05,5.821735706315287,128,8.0,sinh,1.0525029815991532e-07,1.0525029696036795e-07,0.8418189966225993,0.7141817595146661,1.1102230246251565e-16,1.0525029815991532e-07,-5.1521618197133612e+04-7.9918471708896623e+03j,4.3550976697078600e+04-2.8664598806067439e+04j,-3.9368689931456225e+04+3.4182650396782119e+04j,1.3322241641888058e+04-5.0406996000864165e+04j,-1.2186900017314068e-08,1.0000000121869,2729383205.9256835,2729383205.9256835,2008676041.8028407,ok
0,2,2,0.9,0.05,5.821735706315287,160,8.0,sinh,1.5212569246365753e-08,1.521256901411622e-08,0.8418250310271087,0.7141756166483159,1.1102230246251565e-16,1.5212569246365753e-08,-5.1521570003822570e+04-7.9921884801904062e+03j,4.3550791119368478e+04-2.8664889296263365e+04j,-3.9368689931456225e+04+3.4182650396782119e+04j,1.3322241641888058e+04-5.0406996000864165e+04j,-1.2186897822752533e-08,1.0000000121868977,7430185128.044818,7430185128.044818,5466956125.164538,ok
0,2,2,0.9,0.05,5.821735706315287,192,8.0,sinh,1.5623376422075675e-08,1.562337604777039e-08,0.8418283752973409,0.714172196976253,2.220446049250313e-16,1.5623376422075675e-08,-5.1521542241203490e+04-7.9923779374591504e+03j,4.3550687180777531e+04-2.8665050134572906e+04j,-3.9368689931456225e+04+3.4182650396782119e+04j,1.3322241641888058e+04-5.0406996000864165e+04j,-1.2186897071163517e-08,1.0000000121868968,16847857556.219185,16847857556.219185,12394857432.747356,ok
0,2,2,0.9,0.05,5.821735706315287,224,8.0,sinh,8.548885707380555e-09,8.548884957525757e-09,0.8418303714390489,0.7141701356791669,1.3322676295501878e-15,8.548885707380555e-09,-5.1521524262529470e+04-7.9924914270232148e+03j,4.3550623692442510e+04-2.8665145921012419e+04j,-3.9368689931456225e+04+3.4182650396782119e+04j,1.3322241641888058e+04-5.0406996000864165e+04j,-1.21868972435957e-08,1.000000012186896,33671092960.927338,33671092960.927338,24769661721.73446,ok
0,2,2,0.9,0.05,5.821735706315287,64,10.0,sinh,1.5741158484714754e-07,1.5741158458573073e-07,0.8417812061286257,0.7142206314124877,3.552713678800501e-15,1.5741158484714754e-07,-5.1521948215637407e+04-7.9897015798020930e+03j,4.3552167859416120e+04-2.8662784008929888e+04j,-3.9368689931456225e+04+3.4182650396782119e+04j,1.3322241641888058e+04-5.0406996000864165e+04j,-1.2186901288683074e-08,1.0000000121868977,79238174.85484628,79238174.85484628,86863294.60234533,ok
0,2,2,0.9,0.05,5.821735706315287,80,10.0,sinh,2.2828996602601505e-07,2.2828996463494184e-07,0.8418013938718811,0.7141997876997801,2.220446049250313e-15,2.2828996602601505e-07,-5.1521766477197329e+04-7.9908493287145102e+03j,4.3551525926191709e+04-2.8663752659997892e+04j,-3.9368689931456225e+04+3.4182650396782119e+04j,1.3322241641888058e+04-5.0406996000864165e+04j,-1.2186903016259198e-08,1.0000000121869008,215157007.12496132,215157007.12496132,235423333.59080994,ok
0,2,2,0.9,0.05,5.821735706315287,96,10.0,sinh,1.6048036139237768e-08,1.604803534368728e-08,0.8418117397282926,0.7141893281114517,1.5543122344752192e-15,1.6048036139237768e-08,-5.1521688830134313e+04-7.9914330634034404e+03j,4.3551212913343137e+04-2.8664251415673069e+04j,-3.9368689931456225e+04+3.4182650396782119e+04j,1.3322241641888058e+04-5.0406996000864165e+04j,-1.2186897060812951e-08,1.0000000121868955,487047252.4277802,487047252.4277802,532506617.0813251,ok
0,2,2,0.9,0.05,5.821735706315287,112,10.0,sinh,1.0335421452324152e-08,1.0335421668450832e-08,0.8418183211398322,0.7141825289672877,8.881784197001252e-16,1.0335421668450832e-08,-5.1521629390469236e+04-7.9918072942468962e+03j,4.3551003403448995e+04-2.8664567231308996e+04j,-3.9368689931456225e+04+3.4182650396782119e+04j,1.3322241641888058e+04-5.0406996000864165e+04j,-1.218689770387793e-08,1.0000000121868968,972223278.754134,972223278.754134,1062268498.4833966,ok
0,2,2,0.9,0.05,5.821735706315287,128,10.0,sinh,8.145694666329413e-08,8.145694560873031e-08,0.8418223225028111,0.7141783523370502,0.0,8.145694666329413e-08,-5.1521590208875306e+04-7.9920356956138694e+03j,4.3550872913313673e+04-2.8664758743583800e+04j,-3.9368689931456225e+04+3.4182650396782119e+04j,1.3322241641888058e+04-5.0406996000864165e+04j,-1.2186899437379635e-08,1.0000000121868995,1769841916.5985687,1769841916.5985687,1932669726.5660357,ok
0,2,2,0.9,0.05,5.821735706315287,160,10.0,sinh,2.0343661600326043e-08,2.0343661615915506e-08,0.8418272595107019,0.7141733497597125,6.661338147750939e-16,2.0343661615915506e-08,-5.1521552332957552e+04-7.9923144878292214e+03j,4.3550722711539020e+04-2.8664996600399416e+04j,-3.9368689931456225e+04+3.4182650396782119e+04j,1.3322241641888058e+04-5.0406996000864165e+04j,-1.218689695611226e-08,1.0000000121868977,4818613874.408484,4818613874.408484,5258009471.760382,ok
0,2,2,0.9,0.05,5.821735706315287,192,10.0,sinh,2.1883702238478556e-08,2.1883701546921256e-08,0.8418298798790542,0.7141706205009793,6.661338147750939e-16,2.1883702238478556e-08,-5.1521526912876514e+04-7.9924639916927845e+03j,4.3550637578962589e+04-2.8665121937414453e+04j,-3.9368689931456225e+04+3.4182650396782119e+04j,1.3322241641888058e+04-5.0406996000864165e+04j,-1.2186897985353368e-08,1.0000000121868986,10927042809.34649,10927042809.34649,11918483213.80851,ok
0,2,2,0.9,0.05,5.821735706315287,224,10.0,sinh,1.0360752886397503e-08,1.0360752125502185e-08,0.8418314594273744,0.7141690027307687,8.881784197001252e-16,1.0360752886397503e-08,-5.1521513631801972e+04-7.9925535235971411e+03j,4.3550588307764381e+04-2.8665197887252787e+04j,-3.9368689931456225e+04+3.4182650396782119e+04j,1.3322241641888058e+04-5.0406996000864165e+04j,-1.2186897704495352e-08,1.0000000121868986,21839397959.764217,21839397959.764217,23814106392.78464,ok
0,2,2,0.9,0.05,5.821735706315287,64,12.0,sinh,4.45718528774616e-07,4.4571852508178537e-07,0.8417908657382189,0.7142104572171304,3.4416913763379853e-15,4.45718528774616e-07,-5.1521847209210471e+04-7.9902548134294648e+03j,4.3551846253187308e+04-2.8663245330906047e+04j,-3.9368689931456225e+04+3.4182650396782119e+04j,1.3322241641888058e+04-5.0406996000864165e+04j,-1.218690831582375e-08,1.0000000121869048,56622627.55231149,56622627.55231149,83942030.55001493,ok
0,2,2,0.9,0.05,5.821735706315287,80,12.0,sinh,1.274988993999027e-07,1.274988972274695e-07,0.8418071834800553,0.7141941073165378,1.1102230246251565e-15,1.274988993999027e-07,-5.1521735124620871e+04-7.9911725040077936e+03j,4.3551363207389266e+04-2.8664033633574323e+04j,-3.9368689931456225e+04+3.4182650396782119e+04j,1.3322241641888058e+04-5.0406996000864165e+04j,-1.2186894344333052e-08,1.0000000121868933,153784267.04048318,153784267.04048318,227223778.49703273,ok
0,2,2,0.9,0.05,5.821735706315287,96,12.0,sinh,1.1230188956187442e-07,1.1230188859846357e-07,0.8418157350121078,0.7141851120143229,1.1102230246251565e-15,1.1230188956187442e-07,-5.1521646543101626e+04-7.9916620301677749e+03j,4.3551079348050065e+04-2.8664442176061733e+04j,-3.9368689931456225e+04+3.4182650396782119e+04j,1.3322241641888058e+04-5.0406996000864165e+04j,-1.2186900189188165e-08,1.000000012186899,348171095.0061869,348171095.0061869,513786967.79795223,ok
0,2,2,0.9,0.05,5.821735706315287,112,12.0,sinh,2.7867181670281347e-08,2.786718066315898e-08,0.8418212426816947,0.7141795520966555,1.3322676295501878e-15,2.7867181670281347e-08,-5.1521605760592538e+04-7.9919726240277178e+03j,4.3550913294671664e+04-2.8664707758868557e+04j,-3.9368689931456225e+04+3.4182650396782119e+04j,1.3322241641888058e+04-5.0406996000864165e+04j,-1.2186896772735538e-08,1.0000000121868955,695082943.1088918,695082943.1088918,1024618254.990634,ok
0,2,2,0.9,0.05,5.821735706315287,128,12.0,sinh,6.235122128707324e-08,6.235122034892919e-08,0.841824587545196,0.7141760364720144,4.440892098500626e-16,6.235122128707324e-08,-5.1521571307726197e+04-7.9921640414918002e+03j,4.3550802466606066e+04-2.8664867586055760e+04j,-3.9368689931456225e+04+3.4182650396782119e+04j,1.3322241641888058e+04-5.0406996000864165e+04j,-1.2186898971700503e-08,1.0000000121868995,1265440763.3512337,1265440763.3512337,1863615806.4503603,ok
0,2,2,0.9,0.05,5.821735706315287,160,12.0,sinh,2.827730266624513e-09,2.8277302493938836e-09,0.8418287005049134,0.7141718477055159,2.220446049250313e-16,2.827730266624513e-09,-5.1521538356768331e+04-7.9923967022611623e+03j,4.3550675860891301e+04-2.8665065583076310e+04j,-3.9368689931456225e+04+3.4182650396782119e+04j,1.3322241641888058e+04-5.0406996000864165e+04j,-1.2186897520887e-08,1.0000000121868977,3445732531.2334747,3445732531.2334747,5068106589.038469,ok
0,2,2,0.9,0.05,5.821735706315287,192,12.0,sinh,7.729849867892651e-09,7.729850379001288e-09,0.8418308628051848,0.7141696164244674,7.771561172376096e-16,7.729850379001288e-09,-5.1521519033998200e+04-7.9925195947397615e+03j,4.3550607226794215e+04-2.8665169393336135e+04j,-3.9368689931456225e+04+3.4182650396782119e+04j,1.3322241641888058e+04-5.0406996000864165e+04j,-1.218689764037026e-08,1.0000000121868968,7814435992.18024,7814435992.18024,11485731807.540894,ok
0,2,2,0.9,0.05,5.821735706315287,224,12.0,sinh,6.550036291948357e-09,6.550034577405804e-09,0.841832212245303,0.7141682390144741,3.1086244689504383e-15,6.550036291948357e-09,-5.1521507932611094e+04-7.9925960130742606e+03j,4.3550565421663756e+04-2.8665234261382127e+04j,-3.9368689931456225e+04+3.4182650396782119e+04j,1.3322241641888058e+04-5.0406996000864165e+04j,-1.2186897292315241e-08,1.0000000121868942,15619262491.409754,15619262491.409754,22946516341.465992,ok
0,2,2,0.9,0.05,5.821735706315287,64,15.0,sinh,3.018962714621682e-08,3.018962891599316e-08,0.84180026375119,0.714201477567212,4.440892098500626e-15,3.018962891599316e-08,-5.1521787373561929e+04-7.9907819873566432e+03j,4.3551584239944168e+04-2.8663682845287763e+04j,-3.9368689931456225e+04+3.4182650396782119e+04j,1.3322241641888058e+04-5.0406996000864165e+04j,-1.2186898187800294e-08,1.0000000121868937,38835043.52752199,38835043.52752199,80016482.37468818,ok
0,2,2,0.9,0.05,5.821735706315287,80,15.0,sinh,1.0596549394533758e-07,1.0596549260187968e-07,0.8418128888813015,0.7141882154230701,2.220446049250313e-16,1.0596549394533758e-07,-5.1521683672376457e+04-7.9914969019211276e+03j,4.3551181698315231e+04-2.8664307369591039e+04j,-3.9368689931456225e+04+3.4182650396782119e+04j,1.3322241641888058e+04-5.0406996000864165e+04j,-1.2186894869183676e-08,1.000000012186895,105513244.92413208,105513244.92413208,216037105.7305205,ok
0,2,2,0.9,0.05,5.821735706315287,96,15.0,sinh,3.9823871561623483e-08,3.982387201672137e-08,0.8418197765338785,0.7141810069131482,1.5543122344752192e-15,3.982387201672137e-08,-5.1521614939360661e+04-7.9918904270387457e+03j,4.3550955733752162e+04-2.8664636860817205e+04j,-3.9368689931456225e+04+3.4182650396782119e+04j,1.3322241641888058e+04-5.0406996000864165e+04j,-1.2186898422623419e-08,1.0000000121868968,238945184.46064797,238945184.46064797,488287437.2150351,ok
0,2,2,0.9,0.05,5.821735706315287,112,15.0,sinh,4.036280832635004e-08,4.036280821995386e-08,0.8418241489022372,0.714176506911246,3.3306690738754696e-16,4.036280832635004e-08,-5.1521576386877117e+04-7.9921387774923405e+03j,4.3550817620150156e+04-2.8664846648327777e+04j,-3.9368689931456225e+04+3.4182650396782119e+04j,1.3322241641888058e+04-5.0406996000864165e+04j,-1.2186898435759355e-08,1.0000000121868982,477113480.7089036,477113480.7089036,973361938.407483,ok
0,2,2,0.9,0.05,5.821735706315287,128,15.0,sinh,1.3618332967995479e-08,1.3618333024565387e-08,0.8418268587440325,0.7141737572576679,1.1102230246251565e-15,1.3618333024565387e-08,-5.1521555492600310e+04-7.9922918320965027e+03j,4.3550734997733169e+04-2.8664977296204706e+04j,-3.9368689931456225e+04+3.4182650396782119e+04j,1.3322241641888058e+04-5.0406996000864165e+04j,-1.2186897120034034e-08,1.0000000121868982,868735930.5909336,868735930.5909336,1769515406.4137964,ok
0,2,2,0.9,0.05,5.821735706315287,160,15.0,sinh,6.5763158458499036e-09,6.576314131147218e-09,0.841830099986925,0.7141704036921341,3.1086244689504383e-15,6.5763158458499036e-09,-5.1521525818933551e+04-7.9924762497810061e+03j,4.3550631424358216e+04-2.8665132739659206e+04j,-3.9368689931456225e+04+3.4182650396782119e+04j,1.3322241641888058e+04-5.0406996000864165e+04j,-1.2186897612254256e-08,1.0000000121869008,2365990058.4213314,2365990058.4213314,4808968031.586031,ok
0,2,2,0.9,0.05,5.821735706315287,192,15.0,sinh,1.2158203592224604e-08,1.2158205611427017e-08,0.8418318754906535,0.7141685658914674,4.440892098500626e-15,1.2158205611427017e-08,-5.1521509866544322e+04-7.9925771837941702e+03j,4.3550574843268521e+04-2.8665218173186946e+04j,-3.9368689931456225e+04+3.4182650396782119e+04j,1.3322241641888058e+04-5.0406996000864165e+04j,-1.2186897748306048e-08,1.0000000121868933,5366441303.138849,5366441303.138849,10895401677.993847,ok
0,2,2,0.9,0.05,5.821735706315287,224,15.0,sinh,4.929314619707948e-09,4.929317101616786e-09,0.8418329422022672,0.7141674884139636,4.884981308350689e-15,4.929317101616786e-09,-5.1521501411316094e+04-7.9926374990176919e+03j,4.3550542334058315e+04-2.8665269184233704e+04j,-3.9368689931456225e+04+3.4182650396782119e+04j,1.3322241641888058e+04-5.0406996000864165e+04j,-1.2186897331818378e-08,1.0000000121869022,10727310646.96773,10727310646.96773,21763721738.034023,ok
0,2,2,0.9,0.05,5.821735706315287,64,20.0,sinh,0.0002914974338727582,0.0002914974395207276,0.8412930125092194,0.713638622342801,1.839484120580437e-11,0.0002914974395207276,-5.1542345031336969e+04-7.9573247554376721e+03j,4.3543799445451885e+04-2.8703134177741020e+04j,-3.9368689931456225e+04+3.4182650396782119e+04j,1.3322241641888058e+04-5.0406996000864165e+04j,-1.2179795658678864e-08,1.0000000121981905,26004069.32958975,26004069.32958975,74498302.96657267,ok
0,2,2,0.9,0.05,5.821735706315287,80,20.0,sinh,1.5963772987307359e-07,1.5963773448243008e-07,0.8418184667590339,0.7141820136158278,1.2545520178264269e-14,1.5963773448243008e-07,-5.1521619861567087e+04-7.9918179412709724e+03j,4.3550982722268534e+04-2.8664584494094761e+04j,-3.9368689931456225e+04+3.4182650396782119e+04j,1.3322241641888058e+04-5.0406996000864165e+04j,-1.21869013429427e-08,1.0000000121868888,70699839.85650021,70699839.85650021,199542885.96938288,ok
0,2,2,0.9,0.05,5.821735706315287,96,20.0,sinh,1.4608724371246013e-08,1.4608726096411263e-08,0.8418239234684367,0.7141767597283533,3.6637359812630166e-15,1.4608726096411263e-08,-5.1521579795490215e+04-7.9921255634237878e+03j,4.3550826218012902e+04-2.8664836027810245e+04j,-3.9368689931456225e+04+3.4182650396782119e+04j,1.3322241641888058e+04-5.0406996000864165e+04j,-1.2186897808034542e-08,1.0000000121868942,160180408.06683522,160180408.06683522,450749342.2329254,ok
0,2,2,0.9,0.05,5.821735706315287,112,20.0,sinh,2.7662544225767098e-08,2.766254782512485e-08,0.8418270770312266,0.714173545142714,8.43769498715119e-15,2.766254782512485e-08,-5.1521554344975913e+04-7.9923040068727223e+03j,4.3550728946037096e+04-2.8664987822387593e+04j,-3.9368689931456225e+04+3.4182650396782119e+04j,1.3322241641888058e+04-5.0406996000864165e+04j,-1.2186896777723332e-08,1.0000000121869053,319946164.9589863,319946164.9589863,897932240.2356443,ok
0,2,2,0.9,0.05,5.821735706315287,128,20.0,sinh,1.9298029308474882e-08,1.9298022492362358e-08,0.8418290999110142,0.7141714230970141,1.2656542480726785e-14,1.9298029308474882e-08,-5.1521533927966717e+04-7.9924196498716092e+03j,4.3550662293570429e+04-2.8665084633922121e+04j,-3.9368689931456225e+04+3.4182650396782119e+04j,1.3322241641888058e+04-5.0406996000864165e+04j,-1.2186897922330704e-08,1.0000000121869106,582708516.8224635,582708516.8224635,1630616548.5958235,ok
0,2,2,0.9,0.05,5.821735706315287,160,20.0,sinh,3.6141027221342106e-09,3.6141102359479535e-09,0.8418315535654046,0.7141689169645007,1.509903313490213e-14,3.6141102359479535e-09,-5.1521513574176133e+04-7.9925586480506317e+03j,4.3550586131204698e+04-2.8665202519314724e+04j,-3.9368689931456225e+04+3.4182650396782119e+04j,1.3322241641888058e+04-5.0406996000864165e+04j,-1.2186897363875084e-08,1.0000000121869124,1587558549.929108,1587558549.929108,4424809675.13619,ok
0,2,2,0.9,0.05,5.821735706315287,192,20.0,sinh,2.138622987702444e-09,2.138623253775895e-09,0.8418328763985291,0.7141675561021155,2.220446049250313e-16,2.138623253775895e-09,-5.1521501836995405e+04-7.9926338059047202e+03j,4.3550544320350469e+04-2.8665265901858005e+04j,-3.9368689931456225e+04+3.4182650396782119e+04j,1.3322241641888058e+04-5.0406996000864165e+04j,-1.2186897399838125e-08,1.0000000121868977,3601689191.37104,3601689191.37104,10020307250.443777,ok
0,2,2,0.9,0.05,5.821735706315287,224,20.0,sinh,4.426761988276551e-09,4.426726235857126e-09,0.8418336681492476,0.714166728444141,7.127631818093505e-14,4.426761988276551e-09,-5.1521494498093482e+04-7.9926788803092513e+03j,4.3550518706787072e+04-2.8665304193380223e+04j,-3.9368689931456225e+04+3.4182650396782119e+04j,1.3322241641888058e+04-5.0406996000864165e+04j,-1.2186897559861472e-08,1.0000000121869688,7200862018.718941,7200862018.718941,20012003810.63258,ok
0,2,2,0.9,0.05,5.821735706315287,64,25.0,sinh,0.15632123860952757,0.1563212381216526,0.8740726035542553,0.7617382102657639,3.777946955274558e-09,0.15632123860952757,-4.2516450513091528e+04-1.1280707318917139e+04j,3.9084802192740834e+04-2.0181208715530709e+04j,-3.9368689931456225e+04+3.4182650396782119e+04j,1.3322241641888058e+04-5.0406996000864165e+04j,-1.7121386213869945e-08,1.0000000133434392,20783443.43771561,20783443.43771561,59109101.561303735,ok
0,2,2,0.9,0.05,5.821735706315287,80,25.0,sinh,5.18568833268184e-06,5.185693755772472e-06,0.8419308554928102,0.7142903592524075,1.0972556196975347e-11,5.185693755772472e-06,-5.1520924512835212e+04-7.9981163712293401e+03j,4.3554481596320147e+04-2.8659774845222495e+04j,-3.9368689931456225e+04+3.4182650396782119e+04j,1.3322241641888058e+04-5.0406996000864165e+04j,-1.2186771058043786e-08,1.0000000121977437,56539408.91744031,56539408.91744031,184946454.8477385,ok
0,2,2,0.9,0.05,5.821735706315287,96,25.0,sinh,1.141872177461963e-06,1.1418721632472925e-06,0.8418257150355937,0.7141736959202338,7.771561172376096e-16,1.141872177461963e-06,-5.1521627883145899e+04-7.9922089157091250e+03j,4.3550769887832197e+04-2.8665031281807522e+04j,-3.9368689931456225e+04+3.4182650396782119e+04j,1.3322241641888058e+04-5.0406996000864165e+04j,-1.2186869620253891e-08,1.0000000121868688,128148993.95319454,128148993.95319454,417549029.1617154,ok
0,2,2,0.9,0.05,5.821735706315287,112,25.0,sinh,3.505228520199501e-08,3.5052283453327986e-08,0.8418288205057682,0.7141717005425292,2.886579864025407e-15,3.505228520199501e-08,-5.1521535519680692e+04-7.9924040309210795e+03j,4.3550670294436532e+04-2.8665070984260863e+04j,-3.9368689931456225e+04+3.4182650396782119e+04j,1.3322241641888058e+04-5.0406996000864165e+04j,-1.2186898306321739e-08,1.0000000121869013,256039632.9895194,256039632.9895194,831170668.3340632,ok
0,2,2,0.9,0.05,5.821735706315287,128,25.0,sinh,5.477445104523047e-09,5.477449955484724e-09,0.8418304926071772,0.7141700006647278,9.658940314238862e-15,5.477449955484724e-09,-5.1521522420234753e+04-7.9924985323628571e+03j,4.3550619091918714e+04-2.8665151580401136e+04j,-3.9368689931456225e+04+3.4182650396782119e+04j,1.3322241641888058e+04-5.0406996000864165e+04j,-1.2186897585470606e-08,1.000000012186888,466418506.28135073,466418506.28135073,1506882953.0224502,ok
0,2,2,0.9,0.05,5.821735706315287,160,25.0,sinh,4.5586636819378934e-09,4.55869491392444e-09,0.8418324122473189,0.7141680211622077,6.250555628639631e-14,4.55869491392444e-09,-5.1521505556824311e+04-7.9926075495942323e+03j,4.3550558374055203e+04-2.8665243915232426e+04j,-3.9368689931456225e+04+3.4182650396782119e+04j,1.3322241641888058e+04-5.0406996000864165e+04j,-1.2186897563076417e-08,1.000000012186835,1271119845.892565,1271119845.892565,4079496493.8484845,ok
0,2,2,0.9,0.05,5.821735706315287,192,25.0,sinh,1.5286641770818056e-09,1.5286496543048652e-09,0.8418334730909234,0.7141669312742333,2.8976820942716586e-14,1.5286641770818056e-09,-5.1521496545720009e+04-7.9926677065928779e+03j,4.3550525125440348e+04-2.8665295006421653e+04j,-3.9368689931456225e+04+3.4182650396782119e+04j,1.3322241641888058e+04-5.0406996000864165e+04j,-1.2186897414705134e-08,1.0000000121868684,2884375392.332994,2884375392.332994,9233160540.910595,ok
0,2,2,0.9,0.05,5.821735706315287,224,25.0,sinh,3.8003640302255795e-11,3.795940192177076e-11,0.8418341105812074,0.7141662740138046,8.859579736508749e-14,3.8003640302255795e-11,-5.1521490842100618e+04-7.9927039397502476e+03j,4.3550504904026900e+04-2.8665325579765304e+04j,-3.9368689931456225e+04+3.4182650396782119e+04j,1.3322241641888058e+04-5.0406996000864165e+04j,-1.2186897452890776e-08,1.000000012186986,5767578921.568591,5767578921.568591,18438220726.717247,ok
0,2,2,0.9,0.05,5.821735706315287,64,30.0,sinh,0.9215799991292906,0.9215800151953802,1.0576950841379116,1.0642962889164032,2.379264889329491e-06,0.9215800151953802,4.0824053191575795e+03+2.2578308562187490e+02j,-3.1773016211765485e+03+2.5732778617417785e+03j,-3.9368689931456225e+04+3.4182650396782119e+04j,1.3322241641888058e+04-5.0406996000864165e+04j,-1.9817071264426055e-06,0.9999996024422371,18335612.064760298,18335612.064760298,5247016.306752126,ok
0,2,2,0.9,0.05,5.821735706315287,80,30.0,sinh,0.008067712602642163,0.008067713155495912,0.8315229440465747,0.7029643422636014,1.291145412807282e-09,0.008067713155495912,-5.2052595075980753e+04-7.2741530631235519e+03j,4.3462362875751431e+04-2.9553493987701877e+04j,-3.9368689931456225e+04+3.4182650396782119e+04j,1.3322241641888058e+04-5.0406996000864165e+04j,-1.1992610999265282e-08,1.0000000132837563,49901183.81769895,49901183.81769895,173145813.95166132,ok
0,2,2,0.9,0.05,5.821735706315287,96,30.0,sinh,0.0006591311860444203,0.0006591311855941633,0.8416389726253227,0.7140285941765092,1.5180079415699765e-11,0.0006591311860444203,-5.1486808131497979e+04-7.9920966891456910e+03j,4.3524787874961105e+04-2.8641890555355956e+04j,-3.9368689931456225e+04+3.4182650396782119e+04j,1.3322241641888058e+04-5.0406996000864165e+04j,-1.2202978878215014e-08,1.0000000121877988,113135101.86896327,113135101.86896327,387298782.70586896,ok
0,2,2,0.9,0.05,5.821735706315287,112,30.0,sinh,4.120823646143022e-06,4.120823626056885e-06,0.8418328160417605,0.7141731301738032,6.039613253960852e-14,4.120823646143022e-06,-5.1521729844940797e+04-7.9925648298166498e+03j,4.3550849616680251e+04-2.8665192648359651e+04j,-3.9368689931456225e+04+3.4182650396782119e+04j,1.3322241641888058e+04-5.0406996000864165e+04j,-1.2186797012474936e-08,1.0000000121868573,226087981.70510334,226087981.70510334,770708016.6812475,ok
0,2,2,0.9,0.05,5.821735706315287,128,30.0,sinh,2.740619182664975e-08,2.740618928725868e-08,0.8418313475563158,0.7141690790697317,4.440892098500626e-15,2.740619182664975e-08,-5.1521513676085735e+04-7.9925474408092450e+03j,4.3550590094937703e+04-2.8665193555593214e+04j,-3.9368689931456225e+04+3.4182650396782119e+04j,1.3322241641888058e+04-5.0406996000864165e+04j,-1.2186898119957407e-08,1.0000000121869026,411919547.62997353,411919547.62997353,1393680294.4095688,ok
0,2,2,0.9,0.05,5.821735706315287,160,30.0,sinh,2.4852847075468656e-09,2.485299624522575e-09,0.8418330046685052,0.7141674180128358,2.9976021664879227e-14,2.485299624522575e-09,-5.1521500451402804e+04-7.9926411649803058e+03j,4.3550539931895502e+04-2.8665272130655791e+04j,-3.9368689931456225e+04+3.4182650396782119e+04j,1.3322241641888058e+04-5.0406996000864165e+04j,-1.2186897512540302e-08,1.0000000121868675,1122836625.339011,1122836625.339011,3759331972.3797507,ok
0,2,2,0.9,0.05,5.821735706315287,192,30.0,sinh,2.7194276020398738e-09,2.7194058152760255e-09,0.8418338761238324,0.7141665222678305,4.374278717023117e-14,2.7194276020398738e-09,-5.1521492759872432e+04-7.9926906656948995e+03j,4.3550512435185323e+04-2.8665313883580289e+04j,-3.9368689931456225e+04+3.4182650396782119e+04j,1.3322241641888058e+04-5.0406996000864165e+04j,-1.2186897518247253e-08,1.0000000121869412,2548263837.6057777,2548263837.6057777,8502232576.420817,ok
0,2,2,0.9,0.05,5.821735706315287,224,30.0,sinh,4.104664303192078e-09,4.104671814016609e-09,0.8418344129337111,0.7141659799344915,1.554312234475219e-14,4.104671814016609e-09,-5.1521488406786106e+04-7.9927210468640051e+03j,4.3550496014177115e+04-2.8665339478732556e+04j,-3.9368689931456225e+04+3.4182650396782119e+04j,1.3322241641888058e+04-5.0406996000864165e+04j,-1.2186897351918237e-08,1.0000000121869128,5096018918.193346,5096018918.193346,16978606723.796383,ok
0,2,2,0.9,0.05,5.821735706315287,64,40.0,sinh,0.999716045769003,0.9997160670363675,1.0002021718226362,1.0001730004295986,0.1512957104235665,0.9997160670363675,1.1420735939607547e+00-1.4760624239601681e+01j,9.0452817817895621e+00+1.1718805803212430e+01j,-3.9368689931456225e+04+3.4182650396782119e+04j,1.3322241641888058e+04-5.0406996000864165e+04j,-0.15114593390456557,0.9998502234809991,16340492.218420517,16340492.218420517,102590.42804912486,ok
0,2,2,0.9,0.05,5.821735706315287,80,40.0,sinh,0.935937857246934,0.9359378164925007,1.0564953956346896,1.0600401881896333,1.6850192720019308e-06,0.935937857246934,3.2672641180614169e+03-6.9351917055507010e+02j,-1.9559555961070225e+03+2.7074408014450496e+03j,-3.9368689931456225e+04+3.4182650396782119e+04j,1.3322241641888058e+04-5.0406996000864165e+04j,-2.9695472160548503e-06,1.000001284527944,44491128.12624174,44491128.12624174,9772669.01294241,ok
0,2,2,0.9,0.05,5.821735706315287,96,40.0,sinh,0.6890371507841428,0.6890371546147057,0.7025312656451294,0.7213129893910128,1.3848053170839592e-07,0.6890371546147057,-9.2802914436159172e+03+1.3294158569658939e+04j,-2.0469164877993139e+03-1.6083177266109551e+04j,-3.9368689931456225e+04+3.4182650396782119e+04j,1.3322241641888058e+04-5.0406996000864165e+04j,-1.2603064037081336e-07,0.9999999875501087,100899652.36312485,100899652.36312485,104438359.31203355,ok
0,2,2,0.9,0.05,5.821735706315287,112,40.0,sinh,0.017888251050368658,0.017888251214282985,0.8972562580132173,0.7727310682273895,7.817888558747654e-10,0.017888251214282985,-4.9921699666490553e+04-1.1392458953499847e+04j,4.4647414517995399e+04-2.5071350712220385e+04j,-3.9368689931456225e+04+3.4182650396782119e+04j,1.3322241641888058e+04-5.0406996000864165e+04j,-1.2634886462714638e-08,1.0000000118530976,201680170.2272294,201680170.2272294,653460136.9536184,ok
0,2,2,0.9,0.05,5.821735706315287,128,40.0,sinh,0.0006791133486150362,0.0006791133504613245,0.8414319356078235,0.7137036725706747,2.0225821018016177e-11,0.0006791133504613245,-5.1562530844713336e+04-7.9590284310729076e+03j,4.3558415248038036e+04-2.8717681225011966e+04j,-3.9368689931456225e+04+3.4182650396782119e+04j,1.3322241641888058e+04-5.0406996000864165e+04j,-1.2170361728840173e-08,1.0000000121905877,367509441.4485216,367509441.4485216,1192111367.608345,ok
0,2,2,0.9,0.05,5.821735706315287,160,40.0,sinh,4.867208361101432e-08,4.8672041727782445e-08,0.8418337674174866,0.7141667326716499,8.248957072964913e-14,4.867208361101432e-08,-5.1521496556081016e+04-7.9926836735083598e+03j,4.3550520567126470e+04-2.8665306402397404e+04j,-3.9368689931456225e+04+3.4182650396782119e+04j,1.3322241641888058e+04-5.0406996000864165e+04j,-1.2186896265641184e-08,1.0000000121868138,1002008933.5931861,1002008933.5931861,3169716307.870997,ok
0,2,2,0.9,0.05,5.821735706315287,192,40.0,sinh,2.3066385014256188e-10,2.305473223826344e-10,0.8418343774020974,0.7141660077911074,2.333688797762079e-13,2.3066385014256188e-10,-5.1521488505903471e+04-7.9927190903894925e+03j,4.3550496742790368e+04-2.8665338004384543e+04j,-3.9368689931456225e+04+3.4182650396782119e+04j,1.3322241641888058e+04-5.0406996000864165e+04j,-1.2186897446342328e-08,1.0000000121866641,2274393913.3917017,2274393913.3917017,7151002551.763752,ok
0,2,2,0.9,0.05,5.821735706315287,224,40.0,sinh,1.7371169875222956e-09,1.7372619720057775e-09,0.8418347771309647,0.7141655927172139,2.902122986370159e-13,1.7372619720057775e-09,-5.1521485066970505e+04-7.9927417702488583e+03j,4.3550484053876564e+04-2.8665357425191793e+04j,-3.9368689931456225e+04+3.4182650396782119e+04j,1.3322241641888058e+04-5.0406996000864165e+04j,-1.218689740962435e-08,1.0000000121871877,4548829412.935623,4548829412.935623,14285004306.828602,ok
0,2,2,0.9,0.5,4.373491426990369,64,6.0,linear,2.9554120192819784e-07,2.955625134523015e-07,0.8416416248633504,0.5114220466629581,2.379144659059307e-10,2.955625134523015e-07,-4.4340685158890247e+00-4.6671766696727502e+01j,4.6382519675054283e+01-6.8778527520542179e+00j,-3.8497049445634907e+01-2.6756181590933782e+01j,4.3717339671221382e+01+1.6954011372836323e+01j,-0.0003313232256164672,1.000331322987702,60631122.21723764,60631122.21723764,67901912.71446289,ok
0,2,2,0.9,0.5,4.373491426990369,80,6.0,linear,2.3949682453576005e-07,2.393589908771195e-07,0.8417122887719188,0.5114972512357042,1.1649381459477581e-10,2.3949682453576005e-07,-4.4304468274418030e+00-4.6672135831177229e+01j,4.6382010282295454e+01-6.8814580041537763e+00j,-3.8497049445634907e+01-2.6756181590933782e+01j,4.3717339671221382e+01+1.6954011372836323e+01j,-0.00033132287107559745,1.0003313227545818,165164968.24283952,165164968.24283952,183981998.31314057,ok
0,2,2,0.9,0.5,4.373491426990369,96,6.0,linear,5.237766281033057e-08,5.23277482296384e-08,0.8417501428410182,0.5115376287489832,6.459199841657437e-11,5.237766281033057e-08,-4.4284943239478762e+00-4.6672312323398586e+01j,4.6381713811025783e+01-6.8833962265386299e+00j,-3.8497049445634907e+01-2.6756181590933782e+01j,4.3717339671221382e+01+1.6954011372836323e+01j,-0.0003313229950693184,1.0003313229304773,374689232.06985146,374689232.06985146,416420246.38586205,ok
0,2,2,0.9,0.5,4.373491426990369,112,6.0,linear,3.794510884517455e-08,3.7912428192151747e-08,0.8417728752534763,0.5115618575123551,3.967615125333168e-11,3.794510884517455e-08,-4.4273243335768937e+00-4.6672422643273329e+01j,4.6381540586960135e+01-6.8845587404909860e+00j,-3.8497049445634907e+01-2.6756181590933782e+01j,4.3717339671221382e+01+1.6954011372836323e+01j,-0.00033132300463299214,1.0003313229649569,749099441.5706254,749099441.5706254,831609848.8831795,ok
0,2,2,0.9,0.5,4.373491426990369,128,6.0,linear,6.553800681815379e-08,6.5501646032447e-08,0.8417876005582033,0.5115775452073327,2.8755220427001404e-11,6.553800681815379e-08,-4.4265674109443776e+00-4.6672495737823304e+01j,4.6381430191401542e+01-6.8853112485206864e+00j,-3.8497049445634907e+01-2.6756181590933782e+01j,4.3717339671221382e+01+1.6954011372836323e+01j,-0.00033132298634866984,1.0003313229575934,1365256105.239716,1365256105.239716,1514743108.7190008,ok
0,2,2,0.9,0.5,4.373491426990369,160,6.0,linear,5.8554407884062386e-08,5.8541228870228324e-08,0.8418048830617241,0.5115959885587575,1.1871836846921724e-11,5.8554407884062386e-08,-4.4256749546195584e+00-4.6672574528810763e+01j,4.6381292845365799e+01-6.8861967826195842e+00j,-3.8497049445634907e+01-2.6756181590933782e+01j,4.3717339671221382e+01+1.6954011372836323e+01j,-0.0003313230685780186,1.0003313230567061,3723160360.122618,3723160360.122618,4128550292.5852704,ok
0,2,2,0.9,0.5,4.373491426990369,192,6.0,linear,2.2793900918163836e-08,2.2781394796708282e-08,0.8418144016128914,0.5116061158575967,9.354073071676794e-12,2.2793900918163836e-08,-4.4251873252911196e+00-4.6672624596019119e+01j,4.6381224624196825e+01-6.8866822269781460e+00j,-3.8497049445634907e+01-2.6756181590933782e+01j,4.3717339671221382e+01+1.6954011372836323e+01j,-0.0003313230146728794,1.0003313230053188,8452145825.390476,8452145825.390476,9370212669.96028,ok
0,2,2,0.9,0.5,4.373491426990369,224,6.0,linear,9.126078495025745e-09,9.12381329593045e-09,0.8418201147180097,0.5116122070622515,2.077227279073668e-12,9.126078495025745e-09,-4.4248930157813167e+00-4.6672651855902529e+01j,4.6381180573028800e+01-6.8869745412151770e+00j,-3.8497049445634907e+01-2.6756181590933782e+01j,4.3717339671221382e+01+1.6954011372836323e+01j,-0.0003313230237298077,1.000331323025807,16906126850.814306,16906126850.814306,18740035815.059055,ok
0,2,2,0.9,0.5,4.373491426990369,64,8.0,linear,4.053663170415744e-07,4.053072836071028e-07,0.8416911019179723,0.5114747957683028,1.499462776166638e-10,4.053663170415744e-07,-4.4315200761875477e+00-4.6672003570010858e+01j,4.6382139037326347e+01-6.8803841192632103e+00j,-3.8497049445634907e+01-2.6756181590933782e+01j,4.3717339671221382e+01+1.6954011372836323e+01j,-0.0003313232983917235,1.0003313231484454,65297888.29542287,65297888.29542287,32884483.71699451,ok
0,2,2,0.9,0.5,4.373491426990369,80,8.0,linear,2.9525133020571834e-08,2.9552402858383395e-08,0.8417428276119224,0.5115298487683466,7.356038000949638e-11,2.9552402858383395e-08,-4.4288685642413350e+00-4.6672272955147911e+01j,4.6381765257890031e+01-6.8830234033274760e+00j,-3.8497049445634907e+01-2.6756181590933782e+01j,4.3717339671221382e+01+1.6954011372836323e+01j,-0.00033132304934188145,1.0003313229757815,177882933.40845266,177882933.40845266,88467690.01873975,ok
0,2,2,0.9,0.5,4.373491426990369,96,8.0,linear,5.022154891006722e-08,5.018400617476459e-08,0.8417715528705616,0.5115604461928306,4.126921027136632e-11,5.022154891006722e-08,-4.4273926924631875e+00-4.6672416736857656e+01j,4.6381551229086455e+01-6.8844909627656738e+00j,-3.8497049445634907e+01-2.6756181590933782e+01j,4.3717339671221382e+01+1.6954011372836323e+01j,-0.00033132299649805855,1.0003313229552289,403549614.0503859,403549614.0503859,199709379.14329636,ok
0,2,2,0.9,0.5,4.373491426990369,112,8.0,linear,8.084329854182433e-08,8.082923491515722e-08,0.8417885801818895,0.5115786180910329,2.4871438242257682e-11,8.084329854182433e-08,-4.4265131895098691e+00-4.6672493986889343e+01j,4.6381415496406625e+01-6.8853635110605982e+00j,-3.8497049445634907e+01-2.6756181590933782e+01j,4.3717339671221382e+01+1.6954011372836323e+01j,-0.0003313230833476672,1.0003313230584763,806812050.9027956,806812050.9027956,398451462.64799947,ok
0,2,2,0.9,0.5,4.373491426990369,128,8.0,linear,8.296270612103285e-08,8.2943689513399e-08,0.8417996273499969,0.5115903915856385,1.636701885132652e-11,8.296270612103285e-08,-4.4259447355667190e+00-4.6672547796903878e+01j,4.6381331536559671e+01-6.8859283853102573e+00j,-3.8497049445634907e+01-2.6756181590933782e+01j,4.3717339671221382e+01+1.6954011372836323e+01j,-0.0003313230847520847,1.000331323068385,1470458105.8572042,1470458105.8572042,725564570.5746785,ok
0,2,2,0.9,0.5,4.373491426990369,160,8.0,linear,3.1883540898688704e-08,3.187716322233263e-08,0.8418126935698887,0.5116043066164169,7.805867063837013e-12,3.1883540898688704e-08,-4.4252737820124022e+00-4.6672613823807048e+01j,4.6381234877864586e+01-6.8865957185305922e+00j,-3.8497049445634907e+01-2.6756181590933782e+01j,4.3717339671221382e+01+1.6954011372836323e+01j,-0.0003313230509046713,1.0003313230430988,4010130666.079879,4010130666.079879,1977818938.7037964,ok
0,2,2,0.9,0.5,4.373491426990369,192,8.0,linear,1.4885781320031161e-08,1.4878937330106595e-08,0.8418197763235332,0.5116118466545545,3.2660540938422855e-12,1.4885781320031161e-08,-4.4249105772327351e+00-4.6672650462187946e+01j,4.6381183417988595e+01-6.8869572187644579e+00j,-3.8497049445634907e+01-2.6756181590933782e+01j,4.3717339671221382e+01+1.6954011372836323e+01j,-0.0003313230199131634,1.000331323016647,9103735852.08971,9103735852.08971,4490325197.265496,ok
0,2,2,0.9,0.5,4.373491426990369,224,8.0,linear,1.7338508332428925e-08,1.733500467027887e-08,0.8418240359063693,0.511616391933816,3.917310920087402e-12,1.7338508332428925e-08,-4.4246905705985702e+00-4.6672669802401138e+01j,4.6381149484135875e+01-6.8871754633111850e+00j,-3.8497049445634907e+01-2.6756181590933782e+01j,4.3717339671221382e+01+1.6954011372836323e+01j,-0.00033132304126646205,1.0003313230373492,18209612338.228054,18209612338.228054,8983231526.50423,ok
0,2,2,0.9,0.5,4.373491426990369,64,10.0,linear,3.8684970585362666e-07,3.867741579564406e-07,0.8417194819489203,0.511505037659841,1.0463652166947668e-10,3.8684970585362666e-07,-4.4300603972962964e+00-4.6672143015903487e+01j,4.6381924674352746e+01-6.8818349518583721e+00j,-3.8497049445634907e+01-2.6756181590933782e+01j,4.3717339671221382e+01+1.6954011372836323e+01j,-0.0003313232861217495,1.0003313231814852,68365713.20808601,68365713.20808601,19566967.295382094,ok
0,2,2,0.9,0.5,4.373491426990369,80,10.0,linear,1.4500541789185766e-07,1.4498331259445375e-07,0.841761730640312,0.5115500161362827,5.129974223194722e-11,1.4500541789185766e-07,-4.4278929686079147e+00-4.6672360083734837e+01j,4.6381616095128578e+01-6.8839916058854582e+00j,-3.8497049445634907e+01-2.6756181590933782e+01j,4.3717339671221382e+01+1.6954011372836323e+01j,-0.00033132312586445727,1.0003313230745647,186241647.7239738,186241647.7239738,51831889.63458393,ok
0,2,2,0.9,0.5,4.373491426990369,96,10.0,linear,1.9065316808130756e-09,1.9204035285614294e-09,0.8417842312004463,0.5115739678769041,2.8454238965025525e-11,1.9204035285614294e-09,-4.4267390114520300e+00-4.6672476286247964e+01j,4.6381452419758396e+01-6.8851399803003011e+00j,-3.8497049445634907e+01-2.6756181590933782e+01j,4.3717339671221382e+01+1.6954011372836323e+01j,-0.00033132303104052325,1.0003313230025863,422515283.65515697,422515283.65515697,116214074.3773575,ok
0,2,2,0.9,0.5,4.373491426990369,112,10.0,linear,6.936662463299245e-09,6.925520489069562e-09,0.8417980621620157,0.5115887063700274,1.7132850693712953e-11,6.936662463299245e-09,-4.4260276124921178e+00-4.6672544171199242e+01j,4.6381347872105479e+01-6.8858470487993717e+00j,-3.8497049445634907e+01-2.6756181590933782e+01j,4.3717339671221382e+01+1.6954011372836323e+01j,-0.0003313230251806155,1.0003313230080477,844734758.2821877,844734758.2821877,231125179.82630137,ok
0,2,2,0.9,0.5,4.373491426990369,128,10.0,linear,5.9468677028403636e-08,5.9455190360483656e-08,0.8418068754541714,0.5115981118749698,1.186195586200256e-11,5.9468677028403636e-08,-4.4255724178029663e+00-4.6672584208581704e+01j,4.6381277676424659e+01-6.8862986589299044e+00j,-3.8497049445634907e+01-2.6756181590933782e+01j,4.3717339671221382e+01+1.6954011372836323e+01j,-0.00033132306918385554,1.0003313230573219,1539581308.2085576,1539581308.2085576,420198167.0250774,ok
0,2,2,0.9,0.5,4.373491426990369,160,10.0,linear,2.2312438083268072e-08,2.2307783170120106e-08,0.8418172911799736,0.5116092049659404,4.91018337100968e-12,2.2312438083268072e-08,-4.4250374737208000e+00-4.6672636679548305e+01j,4.6381200444632171e+01-6.8868306774817194e+00j,-3.8497049445634907e+01-2.6756181590933782e+01j,4.3717339671221382e+01+1.6954011372836323e+01j,-0.00033132304456241725,1.0003313230396522,4198667088.612641,4198667088.612641,1143934668.9371145,ok
0,2,2,0.9,0.5,4.373491426990369,192,10.0,linear,1.6133539644783184e-08,1.6130080681296097e-08,0.8418229747928143,0.5116152612154632,3.2085445411667024e-12,1.6133539644783184e-08,-4.4247451989984112e+00-4.6672664680198963e+01j,4.6381157597666487e+01-6.8871212078063300e+00j,-3.8497049445634907e+01-2.6756181590933782e+01j,4.3717339671221382e+01+1.6954011372836323e+01j,-0.0003313230404679943,1.0003313230372595,9531801485.90506,9531801485.90506,2596063194.160005,ok
0,2,2,0.9,0.5,4.373491426990369,224,10.0,linear,8.029298956819799e-09,8.026707461703029e-09,0.8418264130112993,0.5116189240457112,4.2654768606098514e-13,8.029298956819799e-09,-4.4245685052703188e+00-4.6672681812741402e+01j,4.6381131893356091e+01-6.8872968975184685e+00j,-3.8497049445634907e+01-2.6756181590933782e+01j,4.3717339671221382e+01+1.6954011372836323e+01j,-0.0003313230350977509,1.0003313230355242,19065909160.301884,19065909160.301884,5192886827.957987,ok
0,2,2,0.9,0.5,4.373491426990369,64,12.0,linear,3.379891231762277e-08,3.382697149555245e-08,0.8417389901406956,0.5115257586142415,7.797129608633213e-11,3.382697149555245e-08,-4.4290658944765546e+00-4.6672254028220287e+01j,4.6381794172648767e+01-6.8828271907917546e+00j,-3.8497049445634907e+01-2.6756181590933782e+01j,4.3717339671221382e+01+1.6954011372836323e+01j,-0.00033132305217388475,1.0003313229742026,70525059.53631327,70525059.53631327,13879250.224769935,ok
0,2,2,0.9,0.5,4.373491426990369,80,12.0,linear,1.3912224260507433e-07,1.39095404270141e-07,0.8417738600419961,0.511562941646287,3.7931768837040636e-11,1.3912224260507433e-07,-4.4272690462619453e+00-4.6672419549244616e+01j,4.6381524333996026e+01-6.8846117081179701e+00j,-3.8497049445634907e+01-2.6756181590933782e+01j,4.3717339671221382e+01+1.6954011372836323e+01j,-0.0003313231219659926,1.0003313230840343,192124337.89112687,192124337.89112687,35915284.06924673,ok
0,2,2,0.9,0.5,4.373491426990369,96,12.0,linear,5.642265361944815e-08,5.6414767099705235e-08,0.8417929645090136,0.5115832858381282,2.104771912314618e-11,5.642265361944815e-08,-4.4262882444172780e+00-4.6672516470611576e+01j,4.6381383427595495e+01-6.8855873264069709e+00j,-3.8497049445634907e+01-2.6756181590933782e+01j,4.3717339671221382e+01+1.6954011372836323e+01j,-0.00033132306716541983,1.0003313230461177,435862026.46532816,435862026.46532816,79654374.66483103,ok
0,2,2,0.9,0.5,4.373491426990369,112,12.0,linear,1.1145546488200617e-09,1.1208878757610382e-09,0.841804271207467,0.5115953253762254,1.2847500840962311e-11,1.1208878757610382e-09,-4.4257079339993517e+00-4.6672574106537375e+01j,4.6381300337180342e+01-6.8861646554971170e+00j,-3.8497049445634907e+01-2.6756181590933782e+01j,4.3717339671221382e+01+1.6954011372836323e+01j,-0.0003313230305157228,1.0003313230176683,871420853.098245,871420853.098245,157580510.16515872,ok
0,2,2,0.9,0.5,4.373491426990369,128,12.0,linear,2.791409699987146e-10,2.8341954512437496e-10,0.8418117441131019,0.5116032892888684,8.183231869907104e-12,2.8341954512437496e-10,-4.4253234580658241e+00-4.6672610602055656e+01j,4.6381243647804922e+01-6.8865467395413695e+00j,-3.8497049445634907e+01-2.6756181590933782e+01j,4.3717339671221382e+01+1.6954011372836323e+01j,-0.00033132302996213923,1.000331323021779,1588221463.8652484,1588221463.8652484,285718676.344556,ok
0,2,2,0.9,0.5,4.373491426990369,160,12.0,linear,1.2880362334397885e-08,1.28779863252009e-08,0.841820391703711,0.5116125072382894,3.2195357491104915e-12,1.2880362334397885e-08,-4.4248781902176129e+00-4.6672652225136176e+01j,4.6381177374006583e+01-6.8869890614061617e+00j,-3.8497049445634907e+01-2.6756181590933782e+01j,4.3717339671221382e+01+1.6954011372836323e+01j,-0.00033132303831228906,1.0003313230350928,4331331225.16107,4331331225.16107,776089865.3939424,ok
0,2,2,0.9,0.5,4.373491426990369,192,12.0,linear,5.254023881798733e-09,5.250421685434196e-09,0.8418251336600941,0.5116175577499354,3.162803352552146e-12,5.254023881798733e-09,-4.4246346776259182e+00-4.6672676165097279e+01j,4.6381142267274825e+01-6.8872312745864930e+00j,-3.8497049445634907e+01-2.6756181590933782e+01j,4.3717339671221382e+01+1.6954011372836323e+01j,-0.0003313230262956093,1.0003313230231328,9832984314.871,9832984314.871,1759972726.6399205,ok
0,2,2,0.9,0.5,4.373491426990369,224,12.0,linear,2.4253255671629048e-09,2.423187899848852e-09,0.8418279830705991,0.5116205950029414,2.107647389948397e-12,2.4253255671629048e-09,-4.4244879943199420e+00-4.6672689937436921e+01j,4.6381120492534741e+01-6.8873770095472926e+00j,-3.8497049445634907e+01-2.6756181590933782e+01j,4.3717339671221382e+01+1.6954011372836323e+01j,-0.0003313230281700351,1.0003313230260624,19668383268.521698,19668383268.521698,3519496280.0814643,ok
0,2,2,0.9,0.5,4.373491426990369,64,15.0,linear,1.960765618001846e-07,1.9605208569374625e-07,0.8417587209707813,0.5115468132955696,8.152256647520062e-11,1.960765618001846e-07,-4.4280567165600040e+00-4.6672360610765629e+01j,4.6381655340748409e+01-6.8838361041585294e+00j,-3.8497049445634907e+01-2.6756181590933782e+01j,4.3717339671221382e+01+1.6954011372836323e+01j,-0.00033132289984784467,1.0003313229813704,72779348.48077376,72779348.48077376,9223044.646136802,ok
0,2,2,0.9,0.5,4.373491426990369,80,15.0,linear,1.195172088983804e-07,1.194912113332459e-07,0.8417863819769691,0.5115762830795078,2.6623148130511254e-11,1.195172088983804e-07,-4.4266252825275458e+00-4.6672481534381845e+01j,4.6381430263301041e+01-6.8852516912924306e+00j,-3.8497049445634907e+01-2.6756181590933782e+01j,4.3717339671221382e+01+1.6954011372836323e+01j,-0.0003313231089747892,1.0003313230823516,198264883.29147992,198264883.29147992,22760267.114243925,ok
0,2,2,0.9,0.5,4.373491426990369,96,15.0,linear,2.9377128902522982e-08,2.9375037753106164e-08,0.8418015495525522,0.5115924300894837,1.4720780150412338e-11,2.9377128902522982e-08,-4.4258472318330222e+00-4.6672559566518672e+01j,4.6381319598583353e+01-6.8860258990771994e+00j,-3.8497049445634907e+01-2.6756181590933782e+01j,4.3717339671221382e+01+1.6954011372836323e+01j,-0.0003313230492438071,1.000331323034523,449792902.94435287,449792902.94435287,49268524.858685456,ok
0,2,2,0.9,0.5,4.373491426990369,112,15.0,linear,2.203979191477298e-08,2.202788878178839e-08,0.8418106323023739,0.5116020999122315,8.647416116502882e-12,2.203979191477298e-08,-4.4253812454027743e+00-4.6672606173886912e+01j,4.6381253195837935e+01-6.8864895560632613e+00j,-3.8497049445634907e+01-2.6756181590933782e+01j,4.3717339671221382e+01+1.6954011372836323e+01j,-0.0003313230151725868,1.0003313230065252,899273816.5153723,899273816.5153723,96282299.21961842,ok
0,2,2,0.9,0.5,4.373491426990369,128,15.0,linear,3.2647684084712024e-08,3.263997120818135e-08,0.8418165281679706,0.5116083938892606,5.64104318812042e-12,3.2647684084712024e-08,-4.4250764629599928e+00-4.6672632496248852e+01j,4.6381205724558015e+01-6.8867918197130686e+00j,-3.8497049445634907e+01-2.6756181590933782e+01j,4.3717339671221382e+01+1.6954011372836323e+01j,-0.00033132305141102785,1.00033132304577,1638987292.6853542,1638987292.6853542,173480444.46713167,ok
0,2,2,0.9,0.5,4.373491426990369,160,15.0,linear,1.3262491671776868e-08,1.3259567917048914e-08,0.8418235090077535,0.5116158298924084,2.37698749572246e-12,1.3262491671776868e-08,-4.4247177871750374e+00-4.6672667414139219e+01j,4.6381153684682673e+01-6.8871484760320927e+00j,-3.8497049445634907e+01-2.6756181590933782e+01j,4.3717339671221382e+01+1.6954011372836323e+01j,-0.0003313230385655055,1.0003313230361885,4469785639.190455,4469785639.190455,468820911.7173208,ok
0,2,2,0.9,0.5,4.373491426990369,192,15.0,linear,3.8823656960145904e-09,3.880240837245656e-09,0.8418272831483835,0.5116198487789153,1.116773340470445e-12,3.8823656960145904e-09,-4.4245240451413350e+00-4.6672686588484240e+01j,4.6381125879175286e+01-6.8873411997551726e+00j,-3.8497049445634907e+01-2.6756181590933782e+01j,4.3717339671221382e+01+1.6954011372836323e+01j,-0.0003313230272045332,1.0003313230260877,10147341328.248348,10147341328.248348,1061558239.0969175,ok
0,2,2,0.9,0.5,4.373491426990369,224,15.0,linear,1.4750043863697881e-09,1.4743385254696455e-09,0.841829569726811,0.5116222861371404,2.0761170560490427e-13,1.4750043863697881e-09,-4.4244063319093323e+00-4.6672697634063482e+01j,4.6381108398360382e+01-6.8874581510050952e+00j,-3.8497049445634907e+01-2.6756181590933782e+01j,4.3717339671221382e+01+1.6954011372836323e+01j,-0.0003313230287997617,1.0003313230290074,20297151617.406097,20297151617.406097,2121913060.95728,ok
0,2,2,0.9,0.5,4.373491426990369,64,20.0,linear,0.0005204239597389123,0.0005203305472526728,0.8413617448618942,0.5116444342375508,1.5814152687365635e-07,0.0005204239597389123,-4.4349065440626880e+00-4.6647192543712073e+01j,4.6355870148373796e+01-6.8913093126777714e+00j,-3.8497049445634907e+01-2.6756181590933782e+01j,4.3717339671221382e+01+1.6954011372836323e+01j,-0.00033166815605799,1.0003315100145311,75133652.94886297,75133652.94886297,6312046.527138019,ok
0,2,2,0.9,0.5,4.373491426990369,80,20.0,linear,5.763495323491155e-07,5.761834891361412e-07,0.8417996809064888,0.5115888587398844,5.028155669606349e-11,5.763495323491155e-07,-4.4259591762445503e+00-4.6672577476002189e+01j,4.6381374226931285e+01-6.8858512927865840e+00j,-3.8497049445634907e+01-2.6756181590933782e+01j,4.3717339671221382e+01+1.6954011372836323e+01j,-0.0003313226478617512,1.0003313226981434,204676324.77466872,204676324.77466872,14148194.896378953,ok
0,2,2,0.9,0.5,4.373491426990369,96,20.0,linear,1.514335499617486e-08,1.5133622975653657e-08,0.8418101263110558,0.5116015643031243,8.873901613526414e-12,1.514335499617486e-08,-4.4254070999387851e+00-4.6672603397647975e+01j,4.6381256678910511e+01-6.8864638960164113e+00j,-3.8497049445634907e+01-2.6756181590933782e+01j,4.3717339671221382e+01+1.6954011372836323e+01j,-0.0003313230197424832,1.0003313230108686,464336827.90803,464336827.90803,28815032.42555674,ok
0,2,2,0.9,0.5,4.373491426990369,112,20.0,linear,1.2747184120549152e-08,1.2739884977868698e-08,0.841816953907477,0.5116088388614561,5.593636664968926e-12,1.2747184120549152e-08,-4.4250557416209304e+00-4.6672636598597173e+01j,4.6381204742123629e+01-6.8868129239416902e+00j,-3.8497049445634907e+01-2.6756181590933782e+01j,4.3717339671221382e+01+1.6954011372836323e+01j,-0.0003313230213302963,1.0003313230157367,928350982.7187884,928350982.7187884,54375254.0110632,ok
0,2,2,0.9,0.5,4.373491426990369,128,20.0,linear,5.321406556983735e-09,5.3176156017525574e-09,0.8418213724650819,0.5116135492777946,3.495648215334768e-12,5.321406556983735e-09,-4.4248282023494223e+00-4.6672657821452439e+01j,4.6381170827562634e+01-6.8870389578362472e+00j,-3.8497049445634907e+01-2.6756181590933782e+01j,4.3717339671221382e+01+1.6954011372836323e+01j,-0.00033132302625095845,1.0003313230227553,1691982851.0922709,1691982851.0922709,96087146.48789385,ok
0,2,2,0.9,0.5,4.373491426990369,160,20.0,linear,6.994646447012369e-10,6.979551324753687e-10,0.8418266060886236,0.5116191278319648,1.9947377083440188e-12,6.994646447012369e-10,-4.4245587986040320e+00-4.6672683143988067e+01j,4.6381130862071963e+01-6.8873066276793562e+00j,-3.8497049445634907e+01-2.6756181590933782e+01j,4.3717339671221382e+01+1.6954011372836323e+01j,-0.00033132302931367,1.000331323027319,4614318123.575816,4614318123.575816,255334539.421934,ok
0,2,2,0.9,0.5,4.373491426990369,192,20.0,linear,1.565959039784024e-09,1.5647406205879372e-09,0.8418294381219216,0.5116221459076795,8.381073612895307e-13,1.565959039784024e-09,-4.4244131057001752e+00-4.6672696996214867e+01j,4.6381109401784300e+01-6.8874514226629486e+00j,-3.8497049445634907e+01-2.6756181590933782e+01j,4.3717339671221382e+01+1.6954011372836323e+01j,-0.00033132302873949094,1.0003313230279014,10475451569.039484,10475451569.039484,575025484.0022573,ok
0,2,2,0.9,0.5,4.373491426990369,224,20.0,linear,1.0790655062795756e-09,1.078333082471341e-09,0.8418311412950293,0.5116239611046255,1.87960758069039e-13,1.0790655062795756e-09,-4.4243254602287712e+00-4.6672705281695904e+01j,4.6381096445871712e+01-6.8875385138450147e+00j,-3.8497049445634907e+01-2.6756181590933782e+01j,4.3717339671221382e+01+1.6954011372836323e+01j,-0.00033132302906212907,1.0003313230288742,20953520320.646526,20953520320.646526,1147307436.3924654,ok
0,2,2,0.9,0.5,4.373491426990369,64,25.0,linear,0.03286419893303969,0.03285523441804084,0.924311750612221,0.44743540414945837,3.384742082612746e-06,0.03286419893303969,-9.6342732903202299e-01-4.8413089660824532e+01j,4.8302260088026195e+01-3.5189870300621369e+00j,-3.8497049445634907e+01-2.6756181590933782e+01j,4.3717339671221382e+01+1.6954011372836323e+01j,-0.00031057405732916847,1.0003139587994119,76597408.99418277,76597408.99418277,5429218.961748934,ok
0,2,2,0.9,0.5,4.373491426990369,80,25.0,linear,5.432632547871841e-07,5.099199120504148e-07,0.8414199983656911,0.5120085306624983,6.634938776173271e-08,5.432632547871841e-07,-4.4454640921800532e+00-4.6670670985731441e+01j,4.6378328166229039e+01-6.9059918766490380e+00j,-3.8497049445634907e+01-2.6756181590933782e+01j,4.3717339671221382e+01+1.6954011372836323e+01j,-0.000331323389768716,1.0003313897391566,208660803.62590975,208660803.62590975,10769649.97771722,ok
0,2,2,0.9,0.5,4.373491426990369,96,25.0,linear,1.0991661266993565e-06,1.0991331789781675e-06,0.8418159649845378,0.5116055062866984,6.618797732116377e-10,1.0991661266993565e-06,-4.4250776233866702e+00-4.6672582161549144e+01j,4.6381174886403961e+01-6.8866590240044454e+00j,-3.8497049445634907e+01-2.6756181590933782e+01j,4.3717339671221382e+01+1.6954011372836323e+01j,-0.00033132375813647104,1.0003313230962567,473373843.50569725,473373843.50569725,20415697.13595516,ok
0,2,2,0.9,0.5,4.373491426990369,112,25.0,linear,4.717126454273139e-09,4.716755407109719e-09,0.8418207148233618,0.5116128503087154,1.8209878049901818e-12,4.717126454273139e-09,-4.4248617778246082e+00-4.6672654165561802e+01j,4.6381175323363685e+01-6.8870054771050846e+00j,-3.8497049445634907e+01-2.6756181590933782e+01j,4.3717339671221382e+01+1.6954011372836323e+01j,-0.0003313230329029528,1.000331323031082,946416952.0575991,946416952.0575991,36656277.154793754,ok
0,2,2,0.9,0.5,4.373491426990369,128,25.0,linear,4.403775659856173e-09,4.403893385132423e-09,0.8418242685150591,0.5116166376031118,2.5923707624997405e-12,4.403893385132423e-09,-4.4246789396507742e+00-4.6672671514168066e+01j,4.6381148357259235e+01-6.8871871802593452e+00j,-3.8497049445634907e+01-2.6756181590933782e+01j,4.3717339671221382e+01+1.6954011372836323e+01j,-0.00033132303269531213,1.000331323030103,1724907918.874518,1724907918.874518,62784701.95301073,ok
0,2,2,0.9,0.5,4.373491426990369,160,25.0,linear,7.057173896981666e-09,7.055720048113359e-09,0.841828453172045,0.5116210977295143,1.2053691378355325e-12,7.057173896981666e-09,-4.4244635590533070e+00-4.6672691807299266e+01j,4.6381116453971281e+01-6.8874011801497179e+00j,-3.8497049445634907e+01-2.6756181590933782e+01j,4.3717339671221382e+01+1.6954011372836323e+01j,-0.000331323034453576,1.0003313230332482,4704107159.282367,4704107159.282367,161977733.1239608,ok
0,2,2,0.9,0.5,4.373491426990369,192,25.0,linear,1.1094178250886454e-10,1.103506063015397e-10,0.841830719739513,0.5116235118083365,5.465627950229646e-13,1.1094178250886454e-10,-4.4243471251326936e+00-4.6672703182381611e+01j,4.6381099600261962e+01-6.8875169629579513e+00j,-3.8497049445634907e+01-2.6756181590933782e+01j,4.3717339671221382e+01+1.6954011372836323e+01j,-0.0003313230297036524,1.000331323029157,10679303680.775015,10679303680.775015,361109074.76951,ok
0,2,2,0.9,0.5,4.373491426990369,224,25.0,linear,8.130684273876778e-10,8.123868771829553e-10,0.841832088714532,0.511624970752496,2.625677453238495e-13,8.130684273876778e-10,-4.4242767060223400e+00-4.6672709890784610e+01j,4.6381089239690688e+01-6.8875869556295797e+00j,-3.8497049445634907e+01-2.6756181590933782e+01j,4.3717339671221382e+01+1.6954011372836323e+01j,-0.0003313230292383909,1.0003313230289759,21361222598.571102,21361222598.571102,717997095.5950962,ok
0,2,2,0.9,0.5,4.373491426990369,64,30.0,linear,0.633287707891981,0.633312673974114,0.7763376139341275,1.2381622151090057,0.0022686521177454066,0.633312673974114,-1.6993185143023808e+01+2.6082192141320415e+00j,-3.4940880876690885e+00-1.6835087445818115e+01j,-3.8497049445634907e+01-2.6756181590933782e+01j,4.3717339671221382e+01+1.6954011372836323e+01j,-0.002463772984312989,1.0001951208665676,77596199.94474375,77596199.94474375,1790398.5806775815,ok
0,2,2,0.9,0.5,4.373491426990369,80,30.0,linear,0.026480672549086176,0.026478522788367483,0.8543433140920969,0.480524628969674,1.3851819547161526e-05,0.026480672549086176,-3.1181806809639729e+00-4.5533829874903965e+01j,4.5313020654604834e+01-5.5210722810140496e+00j,-3.8497049445634907e+01-2.6756181590933782e+01j,4.3717339671221382e+01+1.6954011372836323e+01j,-0.00034959279064565113,1.0003357409710985,211377894.15185043,211377894.15185043,9027226.375109818,ok
0,2,2,0.9,0.5,4.373491426990369,96,30.0,linear,0.00035016000598749156,0.0003501104009721018,0.8419154661004944,0.5117543024793473,1.3270273457877124e-07,0.00035016000598749156,-4.4291230276699700e+00-4.6688740105633627e+01j,4.6397045069431485e+01-6.8919013599908787e+00j,-3.8497049445634907e+01-2.6756181590933782e+01j,4.3717339671221382e+01+1.6954011372836323e+01j,-0.000331091119444679,1.0003312238221793,479534917.7700599,479534917.7700599,16443126.761072954,ok
0,2,2,0.9,0.5,4.373491426990369,112,30.0,linear,2.067468613087777e-06,2.0669132432907342e-06,0.8418209391025188,0.5116165754959136,2.583320224402996e-10,2.067468613087777e-06,-4.4247964381113896e+00-4.6672563220722935e+01j,4.6381049379405376e+01-6.8871953086699218e+00j,-3.8497049445634907e+01-2.6756181590933782e+01j,4.3717339671221382e+01+1.6954011372836323e+01j,-0.00033132439978134586,1.0003313241414493,958732305.6644957,958732305.6644957,27917494.149677712,ok
0,2,2,0.9,0.5,4.373491426990369,128,30.0,linear,5.108892583914193e-09,5.111467044979892e-09,0.8418262318459627,0.5116186990735709,7.973177673648024e-12,5.111467044979892e-09,-4.4245779028628967e+00-4.6672681059377183e+01j,4.6381133636658753e+01-6.8872860882220683e+00j,-3.8497049445634907e+01-2.6756181590933782e+01j,4.3717339671221382e+01+1.6954011372836323e+01j,-0.0003313230331625551,1.0003313230251893,1747351283.6037753,1747351283.6037753,45920400.4092324,ok
0,2,2,0.9,0.5,4.373491426990369,160,30.0,linear,3.588793635665826e-09,3.5881583439407937e-09,0.8418296932493482,0.5116224187168747,5.445643935786393e-13,3.588793635665826e-09,-4.4243998442769206e+00-4.6672698010602630e+01j,4.6381107209763030e+01-6.8874645391109359e+00j,-3.8497049445634907e+01-2.6756181590933782e+01j,4.3717339671221382e+01+1.6954011372836323e+01j,-0.0003313230321552675,1.0003313230316107,4765311035.415745,4765311035.415745,113424488.7254537,ok
0,2,2,0.9,0.5,4.373491426990369,192,30.0,linear,1.903217972552854e-09,1.901771401209064e-09,0.841831582805419,0.5116244312380009,1.070699084948501e-12,1.903217972552854e-09,-4.4243027648349331e+00-4.6672707471904644e+01j,4.6381093136047340e+01-6.8875610652211350e+00j,-3.8497049445634907e+01-2.6756181590933782e+01j,4.3717339671221382e+01+1.6954011372836323e+01j,-0.00033132302851600766,1.0003313230274453,10818237663.386177,10818237663.386177,248787579.9919931,ok
0,2,2,0.9,0.5,4.373491426990369,224,30.0,linear,1.4851310206139775e-09,1.4850831088158788e-09,0.841832721453318,0.5116256454822233,3.26405569239796e-13,1.4851310206139775e-09,-4.4242440899687097e+00-4.6672712874340966e+01j,4.6381084321719833e+01-6.8876193398289338e+00j,-3.8497049445634907e+01-2.6756181590933782e+01j,4.3717339671221382e+01+1.6954011372836323e+01j,-0.0003313230307612837,1.000331323030435,21639186252.171783,21639186252.171783,491827464.33492774,ok
0,2,2,0.9,0.5,4.373491426990369,64,40.0,linear,0.9970100771376116,0.9971524889204626,1.0029661613175924,1.000817966017668,37.15493130873398,37.15493130873398,1.0410516643308949e-01+9.3865275397486347e-02j,-8.1857600989612936e-02+1.0548290474205628e-01j,-3.8497049445634907e+01-2.6756181590933782e+01j,4.3717339671221382e+01+1.6954011372836323e+01j,-37.062239318858346,0.9073080101243709,78873321.52797933,78873321.52797933,31804.358461425003,ok
0,2,2,0.9,0.5,4.373491426990369,80,40.0,linear,0.9437811830683288,0.9436420185874147,0.9445530289880112,1.0001679778716008,0.09954072781687973,0.9437811830683288,-2.3776151653172355e+00-1.1373572777515051e+00j,1.0172742919339575e+00-2.4389619777954854e+00j,-3.8497049445634907e+01-2.6756181590933782e+01j,4.3717339671221382e+01+1.6954011372836323e+01j,-0.10483063583307096,1.0052899080161912,214847357.83941454,214847357.83941454,483604.656350443,ok
0,2,2,0.9,0.5,4.373491426990369,96,40.0,linear,0.155952914064108,0.1560034604149364,1.1858835198217144,0.15601537231385554,0.0002535544110149335,0.1560034604149364,1.6317218980072902e+01-3.6049657467193306e+01j,3.6867174362693376e+01+1.4386524615298262e+01j,-3.8497049445634907e+01-2.6756181590933782e+01j,4.3717339671221382e+01+1.6954011372836323e+01j,-0.00046506994521398285,1.000211515534199,487398048.16588813,487398048.16588813,11378049.403248956,ok
0,2,2,0.9,0.5,4.373491426990369,112,40.0,linear,0.01047875333452779,0.010478660397820375,0.8362487069962713,0.5250751522520999,6.65206145922248e-06,0.01047875333452779,-4.9894058338043532e+00-4.7109723837296407e+01j,4.6787784373785684e+01-7.4743984972168782e+00j,-3.8497049445634907e+01-2.6756181590933782e+01j,4.3717339671221382e+01+1.6954011372836323e+01j,-0.00032448696205149014,1.0003311390235108,974446453.3912913,974446453.3912913,20882445.354712762,ok
0,2,2,0.9,0.5,4.373491426990369,128,40.0,linear,0.00030924259246563134,0.00030919106960109095,0.8416820640171266,0.511559847026268,1.0190115717900738e-07,0.00030924259246563134,-4.4239325791825603e+00-4.6658179578116702e+01j,4.6366649674547602e+01-6.8861233902912522e+00j,-3.8497049445634907e+01-2.6756181590933782e+01j,4.3717339671221382e+01+1.6954011372836323e+01j,-0.0003315280432559586,1.0003314261420988,1775985774.4220335,1775985774.4220335,31083387.89563109,ok
0,2,2,0.9,0.5,4.373491426990369,160,40.0,linear,4.225900183563243e-08,4.2270226625244954e-08,0.8418311967173067,0.5116241413243481,5.1022297498093394e-11,4.2270226625244954e-08,-4.4243236826415124e+00-4.6672707389451737e+01j,4.6381097147477604e+01-6.8875469384857313e+00j,-3.8497049445634907e+01-2.6756181590933782e+01j,4.3717339671221382e+01+1.6954011372836323e+01j,-0.00033132300177440827,1.0003313230527966,4843389872.344082,4843389872.344082,68086067.16781919,ok
0,2,2,0.9,0.5,4.373491426990369,192,40.0,linear,1.5142526720669826e-09,1.514220848949115e-09,0.8418326538402267,0.5116255734476722,3.7758685067501574e-13,1.5142526720669826e-09,-4.4242475680849962e+00-4.6672712543268538e+01j,4.6381084833538559e+01-6.8876158839502866e+00j,-3.8497049445634907e+01-2.6756181590933782e+01j,4.3717339671221382e+01+1.6954011372836323e+01j,-0.0003313230307805811,1.000331323030403,10995481118.127186,10995481118.127186,141377346.99174887,ok
0,2,2,0.9,0.5,4.373491426990369,224,40.0,linear,1.1084517815261386e-09,1.108652188823705e-09,0.8418335094665574,0.5116264853401761,5.729861030090433e-13,1.108652188823705e-09,-4.4242035543811964e+00-4.6672716734549695e+01j,4.6381078356125073e+01-6.8876596320617685e+00j,-3.8497049445634907e+01-2.6756181590933782e+01j,4.3717339671221382e+01+1.6954011372836323e+01j,-0.00033132303051167875,1.0003313230299387,21993749380.009857,21993749380.009857,273666826.05485106,ok
0,3,2,0.9,0.2,11.301597643201408,64,6.0,linear,4.4929937411261736e-07,4.492993737520555e-07,0.841641337564306,0.31331515232593776,5.551115123125783e-16,4.4929937411261736e-07,5.6663117022680426e+03-8.4994149811915791e+04j,-7.9119986448008931e+04+3.1561691037597255e+04j,-6.1232706446942364e+04-5.9217072972335700e+04j,-6.5469840062355579e+04+5.4495927541112178e+04j,-8.445596915442708e-10,1.000000000844559,330399324.8544269,330399324.8544269,1113300999.8670046,ok
0,3,2,0.9,0.2,11.301597643201408,80,6.0,linear,9.259063641822305e-07,9.259063632787436e-07,0.8417116925301948,0.3132377093129035,2.220446049250313e-16,9.259063641822305e-07,5.6729500234682982e+03-8.4993589589546231e+04j,-7.9117409505627526e+04+3.1567834143825094e+04j,-6.1232706446942364e+04-5.9217072972335700e+04j,-6.5469840062355579e+04+5.4495927541112178e+04j,-8.445620144346872e-10,1.0000000008445618,898166743.7967341,898166743.7967341,3019772439.7729554,ok
0,3,2,0.9,0.2,11.301597643201408,96,6.0,linear,3.2109916982778205e-07,3.2109916952135655e-07,0.8417500861848805,0.3131966708160643,7.771561172376096e-16,3.2109916982778205e-07,5.6765052470801593e+03-8.4993458679290372e+04j,-7.9116190171210372e+04+3.1571176554089030e+04j,-6.1232706446942364e+04-5.9217072972335700e+04j,-6.5469840062355579e+04+5.4495927541112178e+04j,-8.445599080896653e-10,1.000000000844559,2034714990.9423342,2034714990.9423342,6830524556.613906,ok
0,3,2,0.9,0.2,11.301597643201408,112,6.0,linear,3.4903169566110763e-07,3.4903169534288683e-07,0.8417725891609489,0.3131717539356415,2.220446049250313e-16,3.4903169566110763e-07,5.6786363131753214e+03-8.4993259112884407e+04j,-7.9115344001826539e+04+3.1573142932056842e+04j,-6.1232706446942364e+04-5.9217072972335700e+04j,-6.5469840062355579e+04+5.4495927541112178e+04j,-8.44561040021764e-10,1.0000000008445613,4063810365.9848094,4063810365.9848094,13626254834.235853,ok
0,3,2,0.9,0.2,11.301597643201408,128,6.0,linear,7.887382025926088e-08,7.887382005512238e-08,0.841787429413053,0.3131558532761756,7.771561172376096e-16,7.887382025926088e-08,5.6800123490137385e+03-8.4993203696395969e+04j,-7.9114867399518756e+04+3.1574435503216631e+04j,-6.1232706446942364e+04-5.9217072972335700e+04j,-6.5469840062355579e+04+5.4495927541112178e+04j,-8.445603172373205e-10,1.0000000008445595,7400802532.7199,7400802532.7199,24793166892.555405,ok
0,3,2,0.9,0.2,11.301597643201408,160,6.0,linear,1.2088641517773608e-07,1.2088641478502485e-07,0.8418048921066146,0.3131367283133935,2.220446049250313e-16,1.2088641517773608e-07,5.6816552912113821e+03-8.4993076830121892e+04j,-7.9114241180038938e+04+3.1575958647901847e+04j,-6.1232706446942364e+04-5.9217072972335700e+04j,-6.5469840062355579e+04+5.4495927541112178e+04j,-8.445606546565306e-10,1.0000000008445609,20161019087.742622,20161019087.742622,67457753676.2941,ok
0,3,2,0.9,0.2,11.301597643201408,192,6.0,linear,3.7131829855033405e-08,3.7131830010185025e-08,0.8418143859283526,0.3131264839881422,0.0,3.7131830010185025e-08,5.6825395004469592e+03-8.4993031207971464e+04j,-7.9113925372807556e+04+3.1576786209609902e+04j,-6.1232706446942364e+04-5.9217072972335700e+04j,-6.5469840062355579e+04+5.4495927541112178e+04j,-8.445603877445766e-10,1.0000000008445604,45735804293.46803,45735804293.46803,152909799572.1139,ok
0,3,2,0.9,0.2,11.301597643201408,224,6.0,linear,8.014754943932818e-11,8.014737857382993e-11,0.8418201205179116,0.31312020815713104,0.0,8.014754943932818e-11,5.6830780714995553e+03-8.4992992021098253e+04j,-7.9113721968609752e+04+3.1577287272135429e+04j,-6.1232706446942364e+04-5.9217072972335700e+04j,-6.5469840062355579e+04+5.4495927541112178e+04j,-8.445604506001019e-10,1.0000000008445604,91434496407.7745,91434496407.7745,305527825470.01556,ok
0,3,2,0.9,0.2,11.301597643201408,64,8.0,linear,5.718892243119517e-07,5.718892238996225e-07,0.8416905502121487,0.31326164686300595,0.0,5.718892243119517e-07,5.6709185244495056e+03-8.4993853028895683e+04j,-7.9118285587125327e+04+3.1565982663157542e+04j,-6.1232706446942364e+04-5.9217072972335700e+04j,-6.5469840062355579e+04+5.4495927541112178e+04j,-8.445594844755099e-10,1.0000000008445595,166741557.17470297,166741557.17470297,1390593090.8922915,ok
0,3,2,0.9,0.2,11.301597643201408,80,8.0,linear,1.8233555385482922e-07,1.8233555480282246e-07,0.8417425061927583,0.31320461851635806,2.55351295663786e-15,1.8233555480282246e-07,5.6758120271754897e+03-8.4993461995429519e+04j,-7.9116406911478160e+04+3.1570517697401876e+04j,-6.1232706446942364e+04-5.9217072972335700e+04j,-6.5469840062355579e+04+5.4495927541112178e+04j,-8.445607584516023e-10,1.0000000008445582,453534512.1631541,453534512.1631541,3769219356.323871,ok
0,3,2,0.9,0.2,11.301597643201408,96,8.0,linear,3.297000399753314e-07,3.29700039665274e-07,0.8417713689745216,0.3131730881652001,1.1102230246251565e-16,3.297000399753314e-07,5.6785213335125936e+03-8.4993268445313108e+04j,-7.9115388086389430e+04+3.1573036908419555e+04j,-6.1232706446942364e+04-5.9217072972335700e+04j,-6.5469840062355579e+04+5.4495927541112178e+04j,-8.44561007368227e-10,1.0000000008445609,1027834462.4597402,1027834462.4597402,8521790425.605796,ok
0,3,2,0.9,0.2,11.301597643201408,112,8.0,linear,1.2449840825403503e-07,1.2449840700564024e-07,0.8417885932564209,0.3131546227487419,2.886579864025407e-15,1.2449840825403503e-07,5.6801198571778468e+03-8.4993200406761171e+04j,-7.9114831442238603e+04+3.1574536084797037e+04j,-6.1232706446942364e+04-5.9217072972335700e+04j,-6.5469840062355579e+04+5.4495927541112178e+04j,-8.445602401718988e-10,1.0000000008445573,2053410905.823591,2053410905.823591,16992292279.583838,ok
0,3,2,0.9,0.2,11.301597643201408,128,8.0,linear,1.5912013396914385e-07,1.5912012741034775e-07,0.8417995109781138,0.31314256220199493,1.2656542480726785e-14,1.5912013396914385e-07,5.6811523865869140e+03-8.4993107182899083e+04j,-7.9114424856095968e+04+3.1575489653540593e+04j,-6.1232706446942364e+04-5.9217072972335700e+04j,-6.5469840062355579e+04+5.4495927541112178e+04j,-8.445607192379312e-10,1.0000000008445733,3740350213.0742702,3740350213.0742702,30905292371.936295,ok
0,3,2,0.9,0.2,11.301597643201408,160,8.0,linear,8.863769829639167e-08,8.863769860062505e-08,0.8418126659596268,0.31312829896279804,1.1102230246251565e-15,8.863769860062505e-08,5.6823825897013039e+03-8.4993030961388737e+04j,-7.9113974078743006e+04+3.1576635278248330e+04j,-6.1232706446942364e+04-5.9217072972335700e+04j,-6.5469840062355579e+04+5.4495927541112178e+04j,-8.445606001845318e-10,1.0000000008445595,10192372570.09717,10192372570.09717,84041699341.82277,ok
0,3,2,0.9,0.2,11.301597643201408,192,8.0,linear,1.835383323783609e-08,1.8353839380025162e-08,0.8418197956152013,0.3131205839828598,1.1546319456101628e-14,1.8353839380025162e-08,5.6830470067722545e+03-8.4992995672007528e+04j,-7.9113735350444724e+04+3.1577257981198654e+04j,-6.1232706446942364e+04-5.9217072972335700e+04j,-6.5469840062355579e+04+5.4495927541112178e+04j,-8.445604194628805e-10,1.000000000844572,23126346616.274784,23126346616.274784,190442317681.61502,ok
0,3,2,0.9,0.2,11.301597643201408,224,8.0,linear,2.1412344227149302e-08,2.1412332772386508e-08,0.8418239976524124,0.31311595214108534,2.3092638912203256e-14,2.1412344227149302e-08,5.6834420685079913e+03-8.4992965860368611e+04j,-7.9113584315594941e+04+3.1577627243912812e+04j,-6.1232706446942364e+04-5.9217072972335700e+04j,-6.5469840062355579e+04+5.4495927541112178e+04j,-8.445604866327624e-10,1.0000000008445835,46240747716.92369,46240747716.92369,380446379529.4104,ok
0,3,2,0.9,0.2,11.301597643201408,64,10.0,linear,1.5871450548253602e-07,1.5871450644050394e-07,0.8417193544935309,0.3132300319726912,1.9984014443252818e-15,1.5871450644050394e-07,5.6736312986591665e+03-8.4993636711309038e+04j,-7.9117244500694651e+04+3.1568496991029540e+04j,-6.1232706446942364e+04-5.9217072972335700e+04j,-6.5469840062355579e+04+5.4495927541112178e+04j,-8.445601823767983e-10,1.0000000008445622,115881811.22688909,115881811.22688909,1566916123.0634604,ok
0,3,2,0.9,0.2,11.301597643201408,80,10.0,linear,7.221756116191665e-09,7.221758333953557e-09,0.841761300028326,0.3131842602323466,4.884981308350689e-15,7.221758333953557e-09,5.6775670243712721e+03-8.4993359729501608e+04j,-7.9115769122142607e+04+3.1572156210254398e+04j,-6.1232706446942364e+04-5.9217072972335700e+04j,-6.5469840062355579e+04+5.4495927541112178e+04j,-8.445604626631424e-10,1.0000000008445555,315374410.05094945,315374410.05094945,4245065604.2533917,ok
0,3,2,0.9,0.2,11.301597643201408,96,10.0,linear,1.8354252766211027e-07,1.8354253475953335e-07,0.841784101070109,0.31315931215794873,1.4988010832439613e-14,1.8354253475953335e-07,5.6797093526414801e+03-8.4993201541593968e+04j,-7.9114958527663897e+04+3.1574146859648146e+04j,-6.1232706446942364e+04-5.9217072972335700e+04j,-6.5469840062355579e+04+5.4495927541112178e+04j,-8.445607604903281e-10,1.0000000008445458,714996807.9696438,714996807.9696438,9595591004.95427,ok
0,3,2,0.9,0.2,11.301597643201408,112,10.0,linear,9.734140568278124e-08,9.734140769165574e-08,0.8417980384099796,0.31314419277424044,4.6629367034256575e-15,9.734140769165574e-08,5.6810123261615163e+03-8.4993121818999498e+04j,-7.9114481563393769e+04+3.1575361766302907e+04j,-6.1232706446942364e+04-5.9217072972335700e+04j,-6.5469840062355579e+04+5.4495927541112178e+04j,-8.445606148861498e-10,1.000000000844556,1428812226.6532018,1428812226.6532018,19126007310.82864,ok
0,3,2,0.9,0.2,11.301597643201408,128,10.0,linear,5.8560942233974454e-08,5.856094682169998e-08,0.841806894239076,0.3131346649052733,8.881784197001252e-15,5.856094682169998e-08,5.6818368276630408e+03-8.4993080014440013e+04j,-7.9114188510811684e+04+3.1576131847983364e+04j,-6.1232706446942364e+04-5.9217072972335700e+04j,-6.5469840062355579e+04+5.4495927541112178e+04j,-8.445603515482202e-10,1.0000000008445693,2603165206.9121323,2603165206.9121323,34772136921.94875,ok
0,3,2,0.9,0.2,11.301597643201408,160,10.0,linear,2.522895740816248e-08,2.5228916056248636e-08,0.8418173351672172,0.31312324224762783,8.304468224196171e-14,2.522895740816248e-08,5.6828162375715883e+03-8.4993011688999046e+04j,-7.9113820848426403e+04+3.1577045353342452e+04j,-6.1232706446942364e+04-5.9217072972335700e+04j,-6.5469840062355579e+04+5.4495927541112178e+04j,-8.445604078499654e-10,1.0000000008444774,7095634150.578283,7095634150.578283,94504842093.10696,ok
0,3,2,0.9,0.2,11.301597643201408,192,10.0,linear,1.9002202229334626e-08,1.9002297545373048e-08,0.8418229955523983,0.31311710493386424,1.9051427102567686e-13,1.9002297545373048e-08,5.6833468102525449e+03-8.4992975680503936e+04j,-7.9113624167549482e+04+3.1577536686665004e+04j,-6.1232706446942364e+04-5.9217072972335700e+04j,-6.5469840062355579e+04+5.4495927541112178e+04j,-8.445604183677071e-10,1.000000000844751,16103017577.7311,16103017577.7311,214094304657.10864,ok
0,3,2,0.9,0.2,11.301597643201408,224,10.0,linear,4.555439207248421e-08,4.5554304587440884e-08,0.8418263670487566,0.3131133751744176,1.745270594710746e-13,4.555439207248421e-08,5.6836648895257977e+03-8.4992948899052411e+04j,-7.9113500135749855e+04+3.1577832597148878e+04j,-6.1232706446942364e+04-5.9217072972335700e+04j,-6.5469840062355579e+04+5.4495927541112178e+04j,-8.445605274116041e-10,1.000000000844735,32202129245.61875,32202129245.61875,427634117540.75433,ok
0,3,2,0.9,0.2,11.301597643201408,64,12.0,linear,4.023710407912467e-07,4.0237103908384857e-07,0.8417386551531438,0.31320869220906317,2.886579864025407e-15,4.023710407912467e-07,5.6754586286419417e+03-8.4993466809456557e+04j,-7.9116520819052326e+04+3.1570181668028443e+04j,-6.1232706446942364e+04-5.9217072972335700e+04j,-6.5469840062355579e+04+5.4495927541112178e+04j,-8.445611301184682e-10,1.000000000844564,96729715.72513525,96729715.72513525,1652428480.0023723,ok
0,3,2,0.9,0.2,11.301597643201408,80,12.0,linear,1.1435950229191259e-07,1.143595123226884e-07,0.841773709266772,0.3131706693238522,2.020605904817785e-14,1.143595123226884e-07,5.6787333412970529e+03-8.4993272664708740e+04j,-7.9115326720951824e+04+3.1573240166067939e+04j,-6.1232706446942364e+04-5.9217072972335700e+04j,-6.5469840062355579e+04+5.4495927541112178e+04j,-8.445606436317818e-10,1.0000000008445404,263355983.76932678,263355983.76932678,4475244690.568542,ok
0,3,2,0.9,0.2,11.301597643201408,96,12.0,linear,1.1930676118487892e-07,1.1930676694277427e-07,0.8417927322414952,0.3131499511355666,1.176836406102666e-14,1.1930676694277427e-07,5.6805158965265600e+03-8.4993153124076605e+04j,-7.9114664027112973e+04+3.1574899537901842e+04j,-6.1232706446942364e+04-5.9217072972335700e+04j,-6.5469840062355579e+04+5.4495927541112178e+04j,-8.44560651988303e-10,1.0000000008445489,597223377.8128223,597223377.8128223,10116463045.43504,ok
0,3,2,0.9,0.2,11.301597643201408,112,12.0,linear,1.1642883736158678e-07,1.1642885337059663e-07,0.841804278875667,0.3131374373745957,3.26405569239796e-14,1.1642885337059663e-07,5.6815976828591311e+03-8.4993081061687553e+04j,-7.9114264179224352e+04+3.1575902047231266e+04j,-6.1232706446942364e+04-5.9217072972335700e+04j,-6.5469840062355579e+04+5.4495927541112178e+04j,-8.4456064712714e-10,1.000000000844528,1193688702.695415,1193688702.695415,20157500554.957832,ok
0,3,2,0.9,0.2,11.301597643201408,128,12.0,linear,4.939668671764789e-09,4.939641678277606e-09,0.8418117778912813,0.3131293331322857,5.3734794391857577e-14,4.939668671764789e-09,5.6822965550112194e+03-8.4993043858916688e+04j,-7.9114013344778010e+04+3.1576556131942674e+04j,-6.1232706446942364e+04-5.9217072972335700e+04j,-6.5469840062355579e+04+5.4495927541112178e+04j,-8.445604588084207e-10,1.0000000008446142,2175105690.5415235,2175105690.5415235,36631450233.17883,ok
0,3,2,0.9,0.2,11.301597643201408,160,12.0,linear,8.879444112186516e-08,8.879445048010999e-08,0.8418203417629071,0.31311987262275454,1.9317880628477724e-14,8.879445048010999e-08,5.6831017960988702e+03-8.4992982860938690e+04j,-7.9113704666590784e+04+3.1577310235043373e+04j,-6.1232706446942364e+04-5.9217072972335700e+04j,-6.5469840062355579e+04+5.4495927541112178e+04j,-8.445606004492894e-10,1.0000000008445413,5930051398.44293,5930051398.44293,99496940689.37741,ok
0,3,2,0.9,0.2,11.301597643201408,192,12.0,linear,1.8873610068732918e-08,1.88736768559395e-08,0.8418251169324623,0.3131147681901048,1.3378187446733136e-13,1.88736768559395e-08,5.6835468563523236e+03-8.4992959069926292e+04j,-7.9113546650535980e+04+3.1577722191938341e+04j,-6.1232706446942364e+04-5.9217072972335700e+04j,-6.5469840062355579e+04+5.4495927541112178e+04j,-8.445604823445331e-10,1.0000000008444268,13459651046.396032,13459651046.396032,225345611078.24164,ok
0,3,2,0.9,0.2,11.301597643201408,224,12.0,linear,1.416305278170216e-08,1.4163058242334298e-08,0.8418279766814489,0.31311165337686836,1.1546319456101628e-14,1.4163058242334298e-08,5.6838146482566126e+03-8.4992941564199253e+04j,-7.9113447412524140e+04+3.1577971900124296e+04j,-6.1232706446942364e+04-5.9217072972335700e+04j,-6.5469840062355579e+04+5.4495927541112178e+04j,-8.44560474387832e-10,1.0000000008445489,26918702032.66741,26918702032.66741,450062137723.74414,ok
0,3,2,0.9,0.2,11.301597643201408,64,15.0,linear,2.553607723961883e-06,2.5536078879069227e-06,0.8417421395040311,0.31316933362605137,3.319566843629218e-13,2.5536078879069227e-06,5.6756853092045894e+03-8.4993704031790243e+04j,-7.9115481743619253e+04+3.1573464861784763e+04j,-6.1232706446942364e+04-5.9217072972335700e+04j,-6.5469840062355579e+04+5.4495927541112178e+04j,-8.445561371290656e-10,1.0000000008448882,86189564.26300068,86189564.26300068,1637147780.8765478,ok
0,3,2,0.9,0.2,11.301597643201408,80,15.0,linear,1.0755268789158863e-07,1.0755269126280433e-07,0.8417863485769627,0.31315702256010675,6.8833827526759706e-15,1.0755269126280433e-07,5.6799101101660835e+03-8.4993212977250660e+04j,-7.9114906905380572e+04+3.1574343105393189e+04j,-6.1232706446942364e+04-5.9217072972335700e+04j,-6.5469840062355579e+04+5.4495927541112178e+04j,-8.445602687952593e-10,1.000000000844567,234730693.09745887,234730693.09745887,4432425176.077837,ok
0,3,2,0.9,0.2,11.301597643201408,96,15.0,linear,5.451212544446525e-08,5.4512131058890426e-08,0.8418015423618079,0.31314047514524357,1.1102230246251565e-14,5.4512131058890426e-08,5.6813355096270416e+03-8.4993113180698056e+04j,-7.9114373965203486e+04+3.1575666256504144e+04j,-6.1232706446942364e+04-5.9217072972335700e+04j,-6.5469840062355579e+04+5.4495927541112178e+04j,-8.445603583871601e-10,1.0000000008445715,532417652.19914454,532417652.19914454,10026444243.023413,ok
0,3,2,0.9,0.2,11.301597643201408,112,15.0,linear,8.107796815337134e-08,8.107799528136664e-08,0.841810655394194,0.3131305613626975,5.417888360170764e-14,8.107799528136664e-08,5.6821884767382735e+03-8.4993058428108663e+04j,-7.9114058986905846e+04+3.1576461543277244e+04j,-6.1232706446942364e+04-5.9217072972335700e+04j,-6.5469840062355579e+04+5.4495927541112178e+04j,-8.445603135142491e-10,1.0000000008446146,1064316243.9200505,1064316243.9200505,19969816920.090656,ok
0,3,2,0.9,0.2,11.301597643201408,128,15.0,linear,5.7652260310368286e-08,5.7652223728049025e-08,0.8418165270293938,0.3131241340022188,7.271960811294775e-14,5.7652260310368286e-08,5.6827394228740113e+03-8.4993019593034333e+04j,-7.9113851761794882e+04+3.1576975352788912e+04j,-6.1232706446942364e+04-5.9217072972335700e+04j,-6.5469840062355579e+04+5.4495927541112178e+04j,-8.445603530830936e-10,1.0000000008444876,1939581825.1732664,1939581825.1732664,36261615896.87104,ok
0,3,2,0.9,0.2,11.301597643201408,160,15.0,linear,6.377800700320788e-08,6.377797468909317e-08,0.8418235352298168,0.31311657342816124,6.417089082333405e-14,6.377800700320788e-08,5.6834001708056139e+03-8.4992965045154750e+04j,-7.9113601039656176e+04+3.1577575608890733e+04j,-6.1232706446942364e+04-5.9217072972335700e+04j,-6.5469840062355579e+04+5.4495927541112178e+04j,-8.44560558193498e-10,1.0000000008446248,5288762354.677775,5288762354.677775,98378393644.05708,ok
0,3,2,0.9,0.2,11.301597643201408,192,15.0,linear,1.0072548627089118e-09,1.0072695538057724e-09,0.8418272614683504,0.31311242029722103,2.930988785010413e-14,1.0072695538057724e-09,5.6837471225999061e+03-8.4992947375015661e+04j,-7.9113473056888921e+04+3.1577911138186275e+04j,-6.1232706446942364e+04-5.9217072972335700e+04j,-6.5469840062355579e+04+5.4495927541112178e+04j,-8.445604487633478e-10,1.0000000008445897,12005369588.360758,12005369588.360758,222722475902.53818,ok
0,3,2,0.9,0.2,11.301597643201408,224,15.0,linear,1.8906569473822166e-09,1.890616971976902e-09,0.8418295553350333,0.3131099370628355,7.993605777301127e-14,1.8906569473822166e-09,5.6839620220899624e+03-8.4992933079153125e+04j,-7.9113393727747243e+04+3.1578110087084784e+04j,-6.1232706446942364e+04-5.9217072972335700e+04j,-6.5469840062355579e+04+5.4495927541112178e+04j,-8.44560447271175e-10,1.0000000008444805,24011975200.309986,24011975200.309986,444788932914.3392,ok
0,3,2,0.9,0.2,11.301597643201408,64,20.0,linear,0.019184288518800354,0.019184288059512826,0.8601164919711164,0.3393224414191419,9.031804193426751e-10,0.019184288518800354,8.0105534067343242e+03-8.3163700943201562e+04j,-7.8471541997037260e+04+2.8680781535592403e+04j,-6.1232706446942364e+04-5.9217072972335700e+04j,-6.5469840062355579e+04+5.4495927541112178e+04j,-8.779219590858439e-10,1.0000000017811024,81398071.30024551,81398071.30024551,1322161828.0675666,ok
0,3,2,0.9,0.2,11.301597643201408,80,20.0,linear,1.5431228831675463e-05,1.5431228695497935e-05,0.8419157843467956,0.31327576642804,2.460254222569347e-13,1.5431228831675463e-05,5.6925623917420762e+03-8.4991039904838937e+04j,-7.9117550800830169e+04+3.1564145673498973e+04j,-6.1232706446942364e+04-5.9217072972335700e+04j,-6.5469840062355579e+04+5.4495927541112178e+04j,-8.445865162792094e-10,1.0000000008448326,221719977.22126344,221719977.22126344,3647868504.3225665,ok
0,3,2,0.9,0.2,11.301597643201408,96,20.0,linear,2.9296853325907136e-07,2.9296852835207027e-07,0.8418099565836175,0.31313089887786094,9.325873406851315e-15,2.9296853325907136e-07,5.6821158477646341e+03-8.4993081373386260e+04j,-7.9114085480406618e+04+3.1576443855785034e+04j,-6.1232706446942364e+04-5.9217072972335700e+04j,-6.5469840062355579e+04+5.4495927541112178e+04j,-8.445599556056676e-10,1.0000000008445507,502966061.7101153,502966061.7101153,8277937373.641894,ok
0,3,2,0.9,0.2,11.301597643201408,112,20.0,linear,1.8164023895826542e-08,1.8163837339990572e-08,0.8418169779988094,0.31312365299841194,3.730349362740526e-13,1.8164023895826542e-08,5.6827830103720798e+03-8.4993013307480433e+04j,-7.9113833457078697e+04+3.1577012139840714e+04j,-6.1232706446942364e+04-5.9217072972335700e+04j,-6.5469840062355579e+04+5.4495927541112178e+04j,-8.445604197834914e-10,1.0000000008441874,1005527552.0399275,1005527552.0399275,16479052063.887642,ok
0,3,2,0.9,0.2,11.301597643201408,128,20.0,linear,1.774152205929466e-07,1.7741549760696974e-07,0.8418215071478217,0.3131188837646514,5.540012892879531e-13,1.7741549760696974e-07,5.6832020035614696e+03-8.4992998887570793e+04j,-7.9113692779548976e+04+3.1577401188686767e+04j,-6.1232706446942364e+04-5.9217072972335700e+04j,-6.5469840062355579e+04+5.4495927541112178e+04j,-8.445601507890455e-10,1.0000000008451142,1832564960.147724,1832564960.147724,29865242543.45285,ok
0,3,2,0.9,0.2,11.301597643201408,160,20.0,linear,4.637459635355772e-08,4.637544553812438e-08,0.84182661549717,0.31311315080648594,1.6981971384666394e-12,4.637544553812438e-08,5.6836850654413047e+03-8.4992955398098871e+04j,-7.9113499774972850e+04+3.1577854625073232e+04j,-6.1232706446942364e+04-5.9217072972335700e+04j,-6.5469840062355579e+04+5.4495927541112178e+04j,-8.445603721324284e-10,1.0000000008462586,4997407234.056872,4997407234.056872,80783665666.42677,ok
0,3,2,0.9,0.2,11.301597643201408,192,20.0,linear,7.263586945718204e-08,7.263605204554699e-08,0.8418294330870785,0.31311011876565653,3.660405312189141e-13,7.263605204554699e-08,5.6839530833916378e+03-8.4992927314377419e+04j,-7.9113394014192439e+04+3.1578092244496784e+04j,-6.1232706446942364e+04-5.9217072972335700e+04j,-6.5469840062355579e+04+5.4495927541112178e+04j,-8.445605731555017e-10,1.0000000008441945,11344683093.27087,11344683093.27087,182732988513.90582,ok
0,3,2,0.9,0.2,11.301597643201408,224,20.0,linear,5.710413430821818e-09,5.711137754621425e-09,0.8418311153342858,0.31310817978800565,1.4490630917407543e-12,5.711137754621425e-09,5.6841084465624399e+03-8.4992922637860480e+04j,-7.9113336980064196e+04+3.1578250511295450e+04j,-6.1232706446942364e+04-5.9217072972335700e+04j,-6.5469840062355579e+04+5.4495927541112178e+04j,-8.445604601103018e-10,1.0000000008431114,22691535450.745735,22691535450.745735,364956344779.5613,ok
0,3,2,0.9,0.2,11.301597643201408,64,25.0,linear,0.7927862691310372,0.7927862483983126,1.0797171377140322,1.164368678367377,1.8128461864996837e-07,0.7927862691310372,-7.9577907732914464e+03+1.5755406690191274e+04j,1.7647060347904124e+04+3.7496353337459249e+02j,-6.1232706446942364e+04-5.9217072972335700e+04j,-6.5469840062355579e+04+5.4495927541112178e+04j,-1.9669516279538215e-08,1.0000002009541349,80287633.24156836,80287633.24156836,193195255.88373065,ok
0,3,2,0.9,0.2,11.301597643201408,80,25.0,linear,0.04187448719108545,0.04187448704429495,0.8155469837055752,0.27426168123140526,2.1525770055319526e-10,0.04187448719108545,1.6552116069246902e+03-8.8734329151089129e+04j,-8.0749970653761789e+04+3.6823404774774324e+04j,-6.1232706446942364e+04-5.9217072972335700e+04j,-6.5469840062355579e+04+5.4495927541112178e+04j,-7.780364316565047e-10,1.0000000005627787,218707181.51442686,218707181.51442686,2625550504.9807158,ok
0,3,2,0.9,0.2,11.301597643201408,96,25.0,linear,0.0005120953042480256,0.0005120953048837153,0.8417339633880576,0.3131918623472521,2.137956478520664e-12,0.0005120953048837153,5.6922762093478095e+03-8.4948657016731784e+04j,-7.9078047184212206e+04+3.1548990428127363e+04j,-6.1232706446942364e+04-5.9217072972335700e+04j,-6.5469840062355579e+04+5.4495927541112178e+04j,-8.45426106237013e-10,1.000000000843288,496150297.9491119,496150297.9491119,5753006699.775071,ok
0,3,2,0.9,0.2,11.301597643201408,112,25.0,linear,2.1617542567969626e-06,2.161754247342514e-06,0.8418224733644016,0.3131208101836937,1.5432100042289676e-14,2.1617542567969626e-06,5.6832255538850522e+03-8.4993166721815331e+04j,-7.9113901425874632e+04+3.1577334425244455e+04j,-6.1232706446942364e+04-5.9217072972335700e+04j,-6.5469840062355579e+04+5.4495927541112178e+04j,-8.445567990122655e-10,1.0000000008445413,991928521.6752112,991928521.6752112,11454931772.03779,ok
0,3,2,0.9,0.2,11.301597643201408,128,25.0,linear,9.753318420126195e-09,9.75341049426882e-09,0.8418243220773016,0.313115700131058,1.8385293287792592e-13,9.75341049426882e-09,5.6834714142550338e+03-8.4992966558733096e+04j,-7.9113578567992896e+04+3.1577648805225293e+04j,-6.1232706446942364e+04-5.9217072972335700e+04j,-6.5469840062355579e+04+5.4495927541112178e+04j,-8.445604339901893e-10,1.0000000008447443,1807818205.646775,1807818205.646775,20695477125.27581,ok
0,3,2,0.9,0.2,11.301597643201408,160,25.0,linear,3.005014527407108e-08,3.005006274969284e-08,0.8418284883889702,0.3131111666030494,1.6564527527407336e-13,3.005014527407108e-08,5.6838611015078432e+03-8.4992942232288944e+04j,-7.9113435125822012e+04+3.1578012841877997e+04j,-6.1232706446942364e+04-5.9217072972335700e+04j,-6.5469840062355579e+04+5.4495927541112178e+04j,-8.445603997063968e-10,1.0000000008443948,4930066844.873044,4930066844.873044,55699629447.21205,ok
0,3,2,0.9,0.2,11.301597643201408,192,25.0,linear,7.285216505126225e-08,7.285251215041822e-08,0.8418307666820878,0.31310869422010684,6.941114349956479e-13,7.285251215041822e-08,5.6840731268986556e+03-8.4992931707069205e+04j,-7.9113359249918562e+04+3.1578212770849535e+04j,-6.1232706446942364e+04-5.9217072972335700e+04j,-6.5469840062355579e+04+5.4495927541112178e+04j,-8.445603274086218e-10,1.0000000008452545,11192033472.163597,11192033472.163597,125828435136.46892,ok
0,3,2,0.9,0.2,11.301597643201408,224,25.0,linear,1.57755213144063e-08,1.5775301447406506e-08,0.8418321145279474,0.3131072162541085,4.39648317751562e-13,1.57755213144063e-08,5.6842024081929485e+03-8.4992915494606568e+04j,-7.9113305427614949e+04+3.1578327247322002e+04j,-6.1232706446942364e+04-5.9217072972335700e+04j,-6.5469840062355579e+04+5.4495927541112178e+04j,-8.445604771114864e-10,1.000000000845,22386517127.037575,22386517127.037575,251398481162.5269,ok
0,3,2,0.9,0.2,11.301597643201408,64,30.0,linear,0.9956168676075908,0.9956168664473929,0.9959719602845902,0.995666300103603,4.3430155886259314e-05,0.9956168676075908,-1.4460542676721349e+02-3.4422737954760561e+02j,-2.4804539266489840e+02+2.7906410621068039e+02j,-6.1232706446942364e+04-5.9217072972335700e+04j,-6.5469840062355579e+04+5.4495927541112178e+04j,-4.39603926428044e-05,1.0000005302367565,80053194.78532435,80053194.78532435,2594161.6432544915,ok
0,3,2,0.9,0.2,11.301597643201408,80,30.0,linear,0.8462541540626142,0.8462541547209064,0.9167626120840516,0.8589939878709704,4.344807624789837e-08,0.8462541547209064,1.7040239185668388e+03-1.2985167644194855e+04j,-1.2447933206728419e+04+4.0702866999514740e+03j,-6.1232706446942364e+04-5.9217072972335700e+04j,-6.5469840062355579e+04+5.4495927541112178e+04j,-3.5729254892341034e-08,0.9999999922811786,218073235.6045993,218073235.6045993,243582497.4654102,ok
0,3,2,0.9,0.2,11.301597643201408,96,30.0,linear,0.11466460068682706,0.1146646005814073,0.9460311961313047,0.4022481568625178,2.4329649406240605e-11,0.11466460068682706,1.1328914407600196e+04-9.4271956850333358e+04j,-8.9921076052153163e+04+3.0491740481278026e+04j,-6.1232706446942364e+04-5.9217072972335700e+04j,-6.5469840062355579e+04+5.4495927541112178e+04j,-6.797392092835887e-10,1.0000000006554095,494719735.0978918,494719735.0978918,4074783851.4484534,ok
0,3,2,0.9,0.2,11.301597643201408,112,30.0,linear,0.0005776091633629283,0.0005776091623996434,0.8406555402875058,0.3120201202964981,9.50794998288984e-13,0.0005776091633629283,5.5934742230052043e+03-8.4949627135753923e+04j,-7.9035697447620056e+04+3.1639921610054909e+04j,-6.1232706446942364e+04-5.9217072972335700e+04j,-6.5469840062355579e+04+5.4495927541112178e+04j,-8.455369481446683e-10,1.0000000008464878,989079785.8727845,989079785.8727845,7264587600.9344635,ok
0,3,2,0.9,0.2,11.301597643201408,128,30.0,linear,2.284910074143855e-06,2.284910195323615e-06,0.8418325086086005,0.3131211367308757,2.468025783741723e-13,2.284910195323615e-06,5.6843159258108062e+03-8.4992714179640650e+04j,-7.9113582331412501e+04+3.1577112090622883e+04j,-6.1232706446942364e+04-5.9217072972335700e+04j,-6.5469840062355579e+04+5.4495927541112178e+04j,-8.44564309967314e-10,1.0000000008443175,1802641951.6151743,1802641951.6151743,13064195934.01392,ok
0,3,2,0.9,0.2,11.301597643201408,160,30.0,linear,1.1988050817677415e-08,1.198808514977746e-08,0.8418296863379136,0.31310979307292436,6.927791673660977e-14,1.198808514977746e-08,5.6839747651909292e+03-8.4992931042080701e+04j,-7.9113388095527829e+04+3.1578121008529441e+04j,-6.1232706446942364e+04-5.9217072972335700e+04j,-6.5469840062355579e+04+5.4495927541112178e+04j,-8.445604707139905e-10,1.0000000008444911,4916011465.830792,4916011465.830792,34861909722.95937,ok
0,3,2,0.9,0.2,11.301597643201408,192,30.0,linear,1.8593389269871842e-08,1.8593359024817544e-08,0.8418316137016356,0.3131077773785879,6.084022174945858e-14,1.8593389269871842e-08,5.6841543219400974e+03-8.4992921644710688e+04j,-7.9113325915181587e+04+3.1578283816977753e+04j,-6.1232706446942364e+04-5.9217072972335700e+04j,-6.5469840062355579e+04+5.4495927541112178e+04j,-8.445604190582415e-10,1.0000000008444996,11160221658.894505,11160221658.894505,78563601919.1731,ok
0,3,2,0.9,0.2,11.301597643201408,224,30.0,linear,1.9785225855158184e-08,1.9785300500235872e-08,0.8418327139070544,0.3131065012866974,1.4976908602193362e-13,1.9785300500235872e-08,5.6842587038339798e+03-8.4992911387296554e+04j,-7.9113282271079355e+04+3.1578384339997709e+04j,-6.1232706446942364e+04-5.9217072972335700e+04j,-6.5469840062355579e+04+5.4495927541112178e+04j,-8.445604838843625e-10,1.0000000008444108,22323033903.916557,22323033903.916557,157033419240.06415,ok
0,3,2,0.9,0.2,11.301597643201408,64,40.0,linear,0.9999620526709592,0.9999618076405251,0.9999916937843806,1.0000119784435937,0.5735444678588134,0.9999620526709592,-2.7012817569816829e+00+1.7753501130265004e+00j,2.7605076535365893e+00+1.7215581599383534e+00j,-6.1232706446942364e+04-5.9217072972335700e+04j,-6.5469840062355579e+04+5.4495927541112178e+04j,-0.5865004018858634,1.01295593402705,80200598.26810025,80200598.26810025,150845.33758375997,ok
0,3,2,0.9,0.2,11.301597643201408,80,40.0,linear,0.9995809984400741,0.9995810042930183,0.999718822385423,0.9999244910900217,0.004838538903455647,0.9995810042930183,-3.5613230551325756e+01+2.3656992248809976e+00j,1.7509750454775425e+01+3.1100993132316020e+01j,-6.1232706446942364e+04-5.9217072972335700e+04j,-6.5469840062355579e+04+5.4495927541112178e+04j,-0.004810602365831102,0.9999720634623754,218477501.76324734,218477501.76324734,444026.19591534033,ok
0,3,2,0.9,0.2,11.301597643201408,96,40.0,linear,0.9947227807084545,0.9947227789427566,1.0014922714394194,0.9986036576010611,2.9656349942341897e-05,0.9947227807084545,3.9056099908853281e+02-2.2257070612786589e+02j,-3.6940863494958495e+02-2.5615036415177002e+02j,-6.1232706446942364e+04-5.9217072972335700e+04j,-6.5469840062355579e+04+5.4495927541112178e+04j,-3.032637196135281e-05,1.000000670022019,495642166.8535423,495642166.8535423,10929415.469164858,ok
0,3,2,0.9,0.2,11.301597643201408,112,40.0,linear,0.8314365826644878,0.8314365849756071,1.0436997718577317,1.1201641583513562,5.630058552696937e-08,0.8314365849756071,-7.9532393758219441e+03+1.1954842746241360e+04j,1.4217221809128989e+04+2.0106914748691313e+03j,-6.1232706446942364e+04-5.9217072972335700e+04j,-6.5469840062355579e+04+5.4495927541112178e+04j,-2.9723783246006137e-08,0.9999999734231977,990932463.5240338,990932463.5240338,684950970.0010427,ok
0,3,2,0.9,0.2,11.301597643201408,128,40.0,linear,0.13710147989215618,0.1371014797362147,0.7647613103073061,0.29277369366548317,7.174016936062344e-11,0.13710147989215618,2.3341406962201077e+03-7.3467025158351375e+04j,-6.7271107326994432e+04+2.9621784617463600e+04j,-6.1232706446942364e+04-5.9217072972335700e+04j,-6.5469840062355579e+04+5.4495927541112178e+04j,-1.1342565395272856e-09,1.0000000012059966,1806030765.586565,1806030765.586565,6150688880.99534,ok
0,3,2,0.9,0.2,11.301597643201408,160,40.0,linear,1.975586721916393e-05,1.975586710541829e-05,0.8418067227997721,0.31307546646765755,1.949551631241775e-13,1.975586721916393e-05,5.6811558456160828e+03-8.4994807151109475e+04j,-7.9113755461946188e+04+3.1581742783302147e+04j,-6.1232706446942364e+04-5.9217072972335700e+04j,-6.5469840062355579e+04+5.4495927541112178e+04j,-8.445270814053424e-10,1.0000000008443322,4925303961.954623,4925303961.954623,18299184548.789387,ok
0,3,2,0.9,0.2,11.301597643201408,192,40.0,linear,5.8263609057539606e-08,5.826352207962439e-08,0.8418326594363029,0.31310659499569515,1.729727472365994e-13,5.8263609057539606e-08,5.6842548988829067e+03-8.4992908356750835e+04j,-7.9113282415662281e+04+3.1578375136217197e+04j,-6.1232706446942364e+04-5.9217072972335700e+04j,-6.5469840062355579e+04+5.4495927541112178e+04j,-8.445605488790114e-10,1.0000000008447336,11181389647.777094,11181389647.777094,40651043416.88712,ok
0,3,2,0.9,0.2,11.301597643201408,224,40.0,linear,1.84456161312028e-10,1.8450553158200826e-10,0.8418335164663503,0.31310565145274816,9.903189379656396e-14,1.8450553158200826e-10,5.6843332399906240e+03-8.4992908075722531e+04j,-7.9113256552203617e+04+3.1578453277261629e+04j,-6.1232706446942364e+04-5.9217072972335700e+04j,-6.5469840062355579e+04+5.4495927541112178e+04j,-8.445604507762918e-10,1.0000000008444614,22365482996.16316,22365482996.16316,81087057666.74962,ok
